{"count":2,"level":"info","logger":"ngalert.sender.router","msg":"Sending alerts to local notifier","org_id":1,"rule_uid":"aeranuqh906wwa","t":"2025-12-19T00:00:10.021279278Z"}
{"count":1,"level":"info","logger":"ngalert.sender.router","msg":"Sending alerts to local notifier","org_id":1,"rule_uid":"bentlrwxs1534b","t":"2025-12-19T00:00:11.550655296Z"}
{"count":1,"level":"info","logger":"ngalert.sender.router","msg":"Sending alerts to local notifier","org_id":1,"rule_uid":"eepiaqdm333lse","t":"2025-12-19T00:00:16.165696366Z"}
{"count":2,"level":"info","logger":"ngalert.sender.router","msg":"Sending alerts to local notifier","org_id":1,"rule_uid":"aeranuqh906wwa","t":"2025-12-19T00:01:10.022516458Z"}
{"count":1,"level":"info","logger":"ngalert.sender.router","msg":"Sending alerts to local notifier","org_id":1,"rule_uid":"bentlrwxs1534b","t":"2025-12-19T00:01:11.55172405Z"}
{"count":1,"level":"info","logger":"ngalert.sender.router","msg":"Sending alerts to local notifier","org_id":1,"rule_uid":"eepiaqdm333lse","t":"2025-12-19T00:01:16.165917976Z"}
{"count":2,"level":"info","logger":"ngalert.sender.router","msg":"Sending alerts to local notifier","org_id":1,"rule_uid":"aeranuqh906wwa","t":"2025-12-19T00:02:10.020849042Z"}
{"count":1,"level":"info","logger":"ngalert.sender.router","msg":"Sending alerts to local notifier","org_id":1,"rule_uid":"bentlrwxs1534b","t":"2025-12-19T00:02:11.551751309Z"}
{"count":1,"level":"info","logger":"ngalert.sender.router","msg":"Sending alerts to local notifier","org_id":1,"rule_uid":"eepiaqdm333lse","t":"2025-12-19T00:02:16.165827951Z"}
{"count":2,"level":"info","logger":"ngalert.sender.router","msg":"Sending alerts to local notifier","org_id":1,"rule_uid":"aeranuqh906wwa","t":"2025-12-19T00:03:10.019848789Z"}
{"count":1,"level":"info","logger":"ngalert.sender.router","msg":"Sending alerts to local notifier","org_id":1,"rule_uid":"bentlrwxs1534b","t":"2025-12-19T00:03:11.551116899Z"}
{"count":1,"level":"info","logger":"ngalert.sender.router","msg":"Sending alerts to local notifier","org_id":1,"rule_uid":"eepiaqdm333lse","t":"2025-12-19T00:03:16.164999097Z"}
{"duration":"4.334748ms","level":"info","logger":"cleanup","msg":"Completed cleanup jobs","t":"2025-12-19T00:04:08.381936978Z"}
{"duration":"224.452473ms","level":"info","logger":"plugins.update.checker","msg":"Update check succeeded","t":"2025-12-19T00:04:09.040210143Z"}
{"count":2,"level":"info","logger":"ngalert.sender.router","msg":"Sending alerts to local notifier","org_id":1,"rule_uid":"aeranuqh906wwa","t":"2025-12-19T00:04:10.020617267Z"}
{"count":1,"level":"info","logger":"ngalert.sender.router","msg":"Sending alerts to local notifier","org_id":1,"rule_uid":"bentlrwxs1534b","t":"2025-12-19T00:04:11.551255117Z"}
{"count":1,"level":"info","logger":"ngalert.sender.router","msg":"Sending alerts to local notifier","org_id":1,"rule_uid":"eepiaqdm333lse","t":"2025-12-19T00:04:16.168174073Z"}
{"count":2,"level":"info","logger":"ngalert.sender.router","msg":"Sending alerts to local notifier","org_id":1,"rule_uid":"aeranuqh906wwa","t":"2025-12-19T00:05:10.022926402Z"}
{"count":1,"level":"info","logger":"ngalert.sender.router","msg":"Sending alerts to local notifier","org_id":1,"rule_uid":"bentlrwxs1534b","t":"2025-12-19T00:05:11.551434258Z"}
{"count":1,"level":"info","logger":"ngalert.sender.router","msg":"Sending alerts to local notifier","org_id":1,"rule_uid":"eepiaqdm333lse","t":"2025-12-19T00:05:16.167167737Z"}
{"level":"info","logger":"infra.usagestats","msg":"Usage stats are ready to report","t":"2025-12-19T00:06:05.431704631Z"}
{"count":2,"level":"info","logger":"ngalert.sender.router","msg":"Sending alerts to local notifier","org_id":1,"rule_uid":"aeranuqh906wwa","t":"2025-12-19T00:06:10.022550173Z"}
{"count":1,"level":"info","logger":"ngalert.sender.router","msg":"Sending alerts to local notifier","org_id":1,"rule_uid":"bentlrwxs1534b","t":"2025-12-19T00:06:11.551024617Z"}
{"count":1,"level":"info","logger":"ngalert.sender.router","msg":"Sending alerts to local notifier","org_id":1,"rule_uid":"eepiaqdm333lse","t":"2025-12-19T00:06:16.16827343Z"}
{"count":2,"level":"info","logger":"ngalert.sender.router","msg":"Sending alerts to local notifier","org_id":1,"rule_uid":"aeranuqh906wwa","t":"2025-12-19T00:07:10.02120919Z"}
{"count":1,"level":"info","logger":"ngalert.sender.router","msg":"Sending alerts to local notifier","org_id":1,"rule_uid":"bentlrwxs1534b","t":"2025-12-19T00:07:11.549980637Z"}
{"count":1,"level":"info","logger":"ngalert.sender.router","msg":"Sending alerts to local notifier","org_id":1,"rule_uid":"eepiaqdm333lse","t":"2025-12-19T00:07:16.166712446Z"}
{"count":2,"level":"info","logger":"ngalert.sender.router","msg":"Sending alerts to local notifier","org_id":1,"rule_uid":"aeranuqh906wwa","t":"2025-12-19T00:08:10.021497936Z"}
{"count":1,"level":"info","logger":"ngalert.sender.router","msg":"Sending alerts to local notifier","org_id":1,"rule_uid":"bentlrwxs1534b","t":"2025-12-19T00:08:11.551373842Z"}
{"count":1,"level":"info","logger":"ngalert.sender.router","msg":"Sending alerts to local notifier","org_id":1,"rule_uid":"eepiaqdm333lse","t":"2025-12-19T00:08:16.167205972Z"}
{"count":2,"level":"info","logger":"ngalert.sender.router","msg":"Sending alerts to local notifier","org_id":1,"rule_uid":"aeranuqh906wwa","t":"2025-12-19T00:09:10.021737681Z"}
{"count":1,"level":"info","logger":"ngalert.sender.router","msg":"Sending alerts to local notifier","org_id":1,"rule_uid":"bentlrwxs1534b","t":"2025-12-19T00:09:11.550810642Z"}
{"count":1,"level":"info","logger":"ngalert.sender.router","msg":"Sending alerts to local notifier","org_id":1,"rule_uid":"eepiaqdm333lse","t":"2025-12-19T00:09:16.167072077Z"}
{"count":2,"level":"info","logger":"ngalert.sender.router","msg":"Sending alerts to local notifier","org_id":1,"rule_uid":"aeranuqh906wwa","t":"2025-12-19T00:10:10.022473377Z"}
{"count":1,"level":"info","logger":"ngalert.sender.router","msg":"Sending alerts to local notifier","org_id":1,"rule_uid":"bentlrwxs1534b","t":"2025-12-19T00:10:11.552326619Z"}
{"count":1,"level":"info","logger":"ngalert.sender.router","msg":"Sending alerts to local notifier","org_id":1,"rule_uid":"eepiaqdm333lse","t":"2025-12-19T00:10:16.16773565Z"}
{"count":2,"level":"info","logger":"ngalert.sender.router","msg":"Sending alerts to local notifier","org_id":1,"rule_uid":"aeranuqh906wwa","t":"2025-12-19T00:11:10.026179962Z"}
{"count":1,"level":"info","logger":"ngalert.sender.router","msg":"Sending alerts to local notifier","org_id":1,"rule_uid":"bentlrwxs1534b","t":"2025-12-19T00:11:11.550232112Z"}
{"count":1,"level":"info","logger":"ngalert.sender.router","msg":"Sending alerts to local notifier","org_id":1,"rule_uid":"eepiaqdm333lse","t":"2025-12-19T00:11:16.165380103Z"}
{"count":2,"level":"info","logger":"ngalert.sender.router","msg":"Sending alerts to local notifier","org_id":1,"rule_uid":"aeranuqh906wwa","t":"2025-12-19T00:12:10.020972417Z"}
{"count":1,"level":"info","logger":"ngalert.sender.router","msg":"Sending alerts to local notifier","org_id":1,"rule_uid":"bentlrwxs1534b","t":"2025-12-19T00:12:11.54962295Z"}
{"count":1,"level":"info","logger":"ngalert.sender.router","msg":"Sending alerts to local notifier","org_id":1,"rule_uid":"eepiaqdm333lse","t":"2025-12-19T00:12:16.164670427Z"}
{"count":2,"level":"info","logger":"ngalert.sender.router","msg":"Sending alerts to local notifier","org_id":1,"rule_uid":"aeranuqh906wwa","t":"2025-12-19T00:13:10.020169417Z"}
{"count":1,"level":"info","logger":"ngalert.sender.router","msg":"Sending alerts to local notifier","org_id":1,"rule_uid":"bentlrwxs1534b","t":"2025-12-19T00:13:11.55038591Z"}
{"count":1,"level":"info","logger":"ngalert.sender.router","msg":"Sending alerts to local notifier","org_id":1,"rule_uid":"eepiaqdm333lse","t":"2025-12-19T00:13:16.166684368Z"}
{"duration":"4.255746ms","level":"info","logger":"cleanup","msg":"Completed cleanup jobs","t":"2025-12-19T00:14:08.381056141Z"}
{"duration":"223.115098ms","level":"info","logger":"plugins.update.checker","msg":"Update check succeeded","t":"2025-12-19T00:14:09.038457652Z"}
{"count":2,"level":"info","logger":"ngalert.sender.router","msg":"Sending alerts to local notifier","org_id":1,"rule_uid":"aeranuqh906wwa","t":"2025-12-19T00:14:10.01932523Z"}
{"count":1,"level":"info","logger":"ngalert.sender.router","msg":"Sending alerts to local notifier","org_id":1,"rule_uid":"bentlrwxs1534b","t":"2025-12-19T00:14:11.552125656Z"}
{"count":1,"level":"info","logger":"ngalert.sender.router","msg":"Sending alerts to local notifier","org_id":1,"rule_uid":"eepiaqdm333lse","t":"2025-12-19T00:14:16.166126027Z"}
{"count":2,"level":"info","logger":"ngalert.sender.router","msg":"Sending alerts to local notifier","org_id":1,"rule_uid":"aeranuqh906wwa","t":"2025-12-19T00:15:10.022281867Z"}
{"count":1,"level":"info","logger":"ngalert.sender.router","msg":"Sending alerts to local notifier","org_id":1,"rule_uid":"bentlrwxs1534b","t":"2025-12-19T00:15:11.550117357Z"}
{"count":2,"level":"info","logger":"ngalert.sender.router","msg":"Sending alerts to local notifier","org_id":1,"rule_uid":"aeranuqh906wwa","t":"2025-12-19T00:16:10.02000698Z"}
{"count":1,"level":"info","logger":"ngalert.sender.router","msg":"Sending alerts to local notifier","org_id":1,"rule_uid":"bentlrwxs1534b","t":"2025-12-19T00:16:11.55060492Z"}
{"count":2,"level":"info","logger":"ngalert.sender.router","msg":"Sending alerts to local notifier","org_id":1,"rule_uid":"aeranuqh906wwa","t":"2025-12-19T00:17:10.021096051Z"}
{"count":1,"level":"info","logger":"ngalert.sender.router","msg":"Sending alerts to local notifier","org_id":1,"rule_uid":"bentlrwxs1534b","t":"2025-12-19T00:17:11.551185264Z"}
{"count":2,"level":"info","logger":"ngalert.sender.router","msg":"Sending alerts to local notifier","org_id":1,"rule_uid":"aeranuqh906wwa","t":"2025-12-19T00:18:10.02180317Z"}
{"count":1,"level":"info","logger":"ngalert.sender.router","msg":"Sending alerts to local notifier","org_id":1,"rule_uid":"bentlrwxs1534b","t":"2025-12-19T00:18:11.549859277Z"}
{"count":2,"level":"info","logger":"ngalert.sender.router","msg":"Sending alerts to local notifier","org_id":1,"rule_uid":"aeranuqh906wwa","t":"2025-12-19T00:19:10.022835671Z"}
{"count":1,"level":"info","logger":"ngalert.sender.router","msg":"Sending alerts to local notifier","org_id":1,"rule_uid":"bentlrwxs1534b","t":"2025-12-19T00:19:11.551858599Z"}
{"count":2,"level":"info","logger":"ngalert.sender.router","msg":"Sending alerts to local notifier","org_id":1,"rule_uid":"aeranuqh906wwa","t":"2025-12-19T00:20:10.020404482Z"}
{"count":1,"level":"info","logger":"ngalert.sender.router","msg":"Sending alerts to local notifier","org_id":1,"rule_uid":"bentlrwxs1534b","t":"2025-12-19T00:20:11.551579573Z"}
{"count":2,"level":"info","logger":"ngalert.sender.router","msg":"Sending alerts to local notifier","org_id":1,"rule_uid":"aeranuqh906wwa","t":"2025-12-19T00:21:10.021344819Z"}
{"count":1,"level":"info","logger":"ngalert.sender.router","msg":"Sending alerts to local notifier","org_id":1,"rule_uid":"bentlrwxs1534b","t":"2025-12-19T00:21:11.549509704Z"}
{"count":2,"level":"info","logger":"ngalert.sender.router","msg":"Sending alerts to local notifier","org_id":1,"rule_uid":"aeranuqh906wwa","t":"2025-12-19T00:22:10.022564161Z"}
{"count":1,"level":"info","logger":"ngalert.sender.router","msg":"Sending alerts to local notifier","org_id":1,"rule_uid":"bentlrwxs1534b","t":"2025-12-19T00:22:11.550663148Z"}
{"count":2,"level":"info","logger":"ngalert.sender.router","msg":"Sending alerts to local notifier","org_id":1,"rule_uid":"aeranuqh906wwa","t":"2025-12-19T00:23:10.021117999Z"}
{"count":1,"level":"info","logger":"ngalert.sender.router","msg":"Sending alerts to local notifier","org_id":1,"rule_uid":"bentlrwxs1534b","t":"2025-12-19T00:23:11.551008547Z"}
{"duration":"4.855591ms","level":"info","logger":"cleanup","msg":"Completed cleanup jobs","t":"2025-12-19T00:24:08.381592536Z"}
{"duration":"218.434803ms","level":"info","logger":"plugins.update.checker","msg":"Update check succeeded","t":"2025-12-19T00:24:09.034205892Z"}
{"count":2,"level":"info","logger":"ngalert.sender.router","msg":"Sending alerts to local notifier","org_id":1,"rule_uid":"aeranuqh906wwa","t":"2025-12-19T00:24:10.019154579Z"}
{"count":1,"level":"info","logger":"ngalert.sender.router","msg":"Sending alerts to local notifier","org_id":1,"rule_uid":"bentlrwxs1534b","t":"2025-12-19T00:24:11.54969712Z"}
{"count":2,"level":"info","logger":"ngalert.sender.router","msg":"Sending alerts to local notifier","org_id":1,"rule_uid":"aeranuqh906wwa","t":"2025-12-19T00:25:10.019790149Z"}
{"count":1,"level":"info","logger":"ngalert.sender.router","msg":"Sending alerts to local notifier","org_id":1,"rule_uid":"bentlrwxs1534b","t":"2025-12-19T00:25:11.55152566Z"}
{"count":2,"level":"info","logger":"ngalert.sender.router","msg":"Sending alerts to local notifier","org_id":1,"rule_uid":"aeranuqh906wwa","t":"2025-12-19T00:26:10.021463675Z"}
{"count":1,"level":"info","logger":"ngalert.sender.router","msg":"Sending alerts to local notifier","org_id":1,"rule_uid":"bentlrwxs1534b","t":"2025-12-19T00:26:11.551100578Z"}
{"count":2,"level":"info","logger":"ngalert.sender.router","msg":"Sending alerts to local notifier","org_id":1,"rule_uid":"aeranuqh906wwa","t":"2025-12-19T00:27:10.021000932Z"}
{"count":1,"level":"info","logger":"ngalert.sender.router","msg":"Sending alerts to local notifier","org_id":1,"rule_uid":"bentlrwxs1534b","t":"2025-12-19T00:27:11.550977302Z"}
{"count":2,"level":"info","logger":"ngalert.sender.router","msg":"Sending alerts to local notifier","org_id":1,"rule_uid":"aeranuqh906wwa","t":"2025-12-19T00:28:10.018763685Z"}
{"count":1,"level":"info","logger":"ngalert.sender.router","msg":"Sending alerts to local notifier","org_id":1,"rule_uid":"bentlrwxs1534b","t":"2025-12-19T00:28:11.549517816Z"}
{"count":2,"level":"info","logger":"ngalert.sender.router","msg":"Sending alerts to local notifier","org_id":1,"rule_uid":"aeranuqh906wwa","t":"2025-12-19T00:29:10.020740604Z"}
{"count":1,"level":"info","logger":"ngalert.sender.router","msg":"Sending alerts to local notifier","org_id":1,"rule_uid":"bentlrwxs1534b","t":"2025-12-19T00:29:11.5504803Z"}
{"count":2,"level":"info","logger":"ngalert.sender.router","msg":"Sending alerts to local notifier","org_id":1,"rule_uid":"aeranuqh906wwa","t":"2025-12-19T00:30:10.019220496Z"}
{"count":1,"level":"info","logger":"ngalert.sender.router","msg":"Sending alerts to local notifier","org_id":1,"rule_uid":"bentlrwxs1534b","t":"2025-12-19T00:30:11.551037332Z"}
{"count":2,"level":"info","logger":"ngalert.sender.router","msg":"Sending alerts to local notifier","org_id":1,"rule_uid":"aeranuqh906wwa","t":"2025-12-19T00:31:10.02093821Z"}
{"count":1,"level":"info","logger":"ngalert.sender.router","msg":"Sending alerts to local notifier","org_id":1,"rule_uid":"bentlrwxs1534b","t":"2025-12-19T00:31:11.550921618Z"}
{"count":2,"level":"info","logger":"ngalert.sender.router","msg":"Sending alerts to local notifier","org_id":1,"rule_uid":"aeranuqh906wwa","t":"2025-12-19T00:32:10.0203331Z"}
{"count":1,"level":"info","logger":"ngalert.sender.router","msg":"Sending alerts to local notifier","org_id":1,"rule_uid":"bentlrwxs1534b","t":"2025-12-19T00:32:11.551035773Z"}
{"count":2,"level":"info","logger":"ngalert.sender.router","msg":"Sending alerts to local notifier","org_id":1,"rule_uid":"aeranuqh906wwa","t":"2025-12-19T00:33:10.022478456Z"}
{"count":1,"level":"info","logger":"ngalert.sender.router","msg":"Sending alerts to local notifier","org_id":1,"rule_uid":"bentlrwxs1534b","t":"2025-12-19T00:33:11.550411947Z"}
{"duration":"4.678213ms","level":"info","logger":"cleanup","msg":"Completed cleanup jobs","t":"2025-12-19T00:34:08.382483846Z"}
{"duration":"222.764784ms","level":"info","logger":"plugins.update.checker","msg":"Update check succeeded","t":"2025-12-19T00:34:09.037964649Z"}
{"count":2,"level":"info","logger":"ngalert.sender.router","msg":"Sending alerts to local notifier","org_id":1,"rule_uid":"aeranuqh906wwa","t":"2025-12-19T00:34:10.020477407Z"}
{"count":1,"level":"info","logger":"ngalert.sender.router","msg":"Sending alerts to local notifier","org_id":1,"rule_uid":"bentlrwxs1534b","t":"2025-12-19T00:34:11.551099497Z"}
{"count":2,"level":"info","logger":"ngalert.sender.router","msg":"Sending alerts to local notifier","org_id":1,"rule_uid":"aeranuqh906wwa","t":"2025-12-19T00:35:10.020729135Z"}
{"count":1,"level":"info","logger":"ngalert.sender.router","msg":"Sending alerts to local notifier","org_id":1,"rule_uid":"bentlrwxs1534b","t":"2025-12-19T00:35:11.551329153Z"}
{"level":"info","logger":"infra.usagestats","msg":"Usage stats are ready to report","t":"2025-12-19T00:36:05.427869181Z"}
{"count":2,"level":"info","logger":"ngalert.sender.router","msg":"Sending alerts to local notifier","org_id":1,"rule_uid":"aeranuqh906wwa","t":"2025-12-19T00:36:10.018629352Z"}
{"count":1,"level":"info","logger":"ngalert.sender.router","msg":"Sending alerts to local notifier","org_id":1,"rule_uid":"bentlrwxs1534b","t":"2025-12-19T00:36:11.551474757Z"}
{"count":2,"level":"info","logger":"ngalert.sender.router","msg":"Sending alerts to local notifier","org_id":1,"rule_uid":"aeranuqh906wwa","t":"2025-12-19T00:37:10.021017668Z"}
{"count":1,"level":"info","logger":"ngalert.sender.router","msg":"Sending alerts to local notifier","org_id":1,"rule_uid":"bentlrwxs1534b","t":"2025-12-19T00:37:11.549683577Z"}
{"count":2,"level":"info","logger":"ngalert.sender.router","msg":"Sending alerts to local notifier","org_id":1,"rule_uid":"aeranuqh906wwa","t":"2025-12-19T00:38:10.021610171Z"}
{"count":1,"level":"info","logger":"ngalert.sender.router","msg":"Sending alerts to local notifier","org_id":1,"rule_uid":"bentlrwxs1534b","t":"2025-12-19T00:38:11.549246716Z"}
{"count":2,"level":"info","logger":"ngalert.sender.router","msg":"Sending alerts to local notifier","org_id":1,"rule_uid":"aeranuqh906wwa","t":"2025-12-19T00:39:10.02081356Z"}
{"count":1,"level":"info","logger":"ngalert.sender.router","msg":"Sending alerts to local notifier","org_id":1,"rule_uid":"bentlrwxs1534b","t":"2025-12-19T00:39:11.550947519Z"}
{"count":2,"level":"info","logger":"ngalert.sender.router","msg":"Sending alerts to local notifier","org_id":1,"rule_uid":"aeranuqh906wwa","t":"2025-12-19T00:40:10.020008647Z"}
{"count":1,"level":"info","logger":"ngalert.sender.router","msg":"Sending alerts to local notifier","org_id":1,"rule_uid":"bentlrwxs1534b","t":"2025-12-19T00:40:11.553463876Z"}
{"count":2,"level":"info","logger":"ngalert.sender.router","msg":"Sending alerts to local notifier","org_id":1,"rule_uid":"aeranuqh906wwa","t":"2025-12-19T00:41:10.018379104Z"}
{"count":1,"level":"info","logger":"ngalert.sender.router","msg":"Sending alerts to local notifier","org_id":1,"rule_uid":"bentlrwxs1534b","t":"2025-12-19T00:41:11.550211687Z"}
{"count":2,"level":"info","logger":"ngalert.sender.router","msg":"Sending alerts to local notifier","org_id":1,"rule_uid":"aeranuqh906wwa","t":"2025-12-19T00:42:10.019215846Z"}
{"count":1,"level":"info","logger":"ngalert.sender.router","msg":"Sending alerts to local notifier","org_id":1,"rule_uid":"bentlrwxs1534b","t":"2025-12-19T00:42:11.549505176Z"}
{"count":2,"level":"info","logger":"ngalert.sender.router","msg":"Sending alerts to local notifier","org_id":1,"rule_uid":"aeranuqh906wwa","t":"2025-12-19T00:43:10.02139056Z"}
{"count":1,"level":"info","logger":"ngalert.sender.router","msg":"Sending alerts to local notifier","org_id":1,"rule_uid":"bentlrwxs1534b","t":"2025-12-19T00:43:11.55010672Z"}
{"duration":"4.510054ms","level":"info","logger":"cleanup","msg":"Completed cleanup jobs","t":"2025-12-19T00:44:08.381197011Z"}
{"duration":"220.127055ms","level":"info","logger":"plugins.update.checker","msg":"Update check succeeded","t":"2025-12-19T00:44:09.034948017Z"}
{"count":2,"level":"info","logger":"ngalert.sender.router","msg":"Sending alerts to local notifier","org_id":1,"rule_uid":"aeranuqh906wwa","t":"2025-12-19T00:44:10.021417666Z"}
{"count":1,"level":"info","logger":"ngalert.sender.router","msg":"Sending alerts to local notifier","org_id":1,"rule_uid":"bentlrwxs1534b","t":"2025-12-19T00:44:11.551382028Z"}
{"count":2,"level":"info","logger":"ngalert.sender.router","msg":"Sending alerts to local notifier","org_id":1,"rule_uid":"aeranuqh906wwa","t":"2025-12-19T00:45:10.020771285Z"}
{"count":1,"level":"info","logger":"ngalert.sender.router","msg":"Sending alerts to local notifier","org_id":1,"rule_uid":"bentlrwxs1534b","t":"2025-12-19T00:45:11.551111572Z"}
{"count":2,"level":"info","logger":"ngalert.sender.router","msg":"Sending alerts to local notifier","org_id":1,"rule_uid":"aeranuqh906wwa","t":"2025-12-19T00:46:10.021116948Z"}
{"count":1,"level":"info","logger":"ngalert.sender.router","msg":"Sending alerts to local notifier","org_id":1,"rule_uid":"bentlrwxs1534b","t":"2025-12-19T00:46:11.550953519Z"}
{"count":2,"level":"info","logger":"ngalert.sender.router","msg":"Sending alerts to local notifier","org_id":1,"rule_uid":"aeranuqh906wwa","t":"2025-12-19T00:47:10.021598394Z"}
{"count":1,"level":"info","logger":"ngalert.sender.router","msg":"Sending alerts to local notifier","org_id":1,"rule_uid":"bentlrwxs1534b","t":"2025-12-19T00:47:11.551834686Z"}
{"count":2,"level":"info","logger":"ngalert.sender.router","msg":"Sending alerts to local notifier","org_id":1,"rule_uid":"aeranuqh906wwa","t":"2025-12-19T00:48:10.023002258Z"}
{"count":1,"level":"info","logger":"ngalert.sender.router","msg":"Sending alerts to local notifier","org_id":1,"rule_uid":"bentlrwxs1534b","t":"2025-12-19T00:48:11.552597238Z"}
{"count":2,"level":"info","logger":"ngalert.sender.router","msg":"Sending alerts to local notifier","org_id":1,"rule_uid":"aeranuqh906wwa","t":"2025-12-19T00:49:10.020642268Z"}
{"count":1,"level":"info","logger":"ngalert.sender.router","msg":"Sending alerts to local notifier","org_id":1,"rule_uid":"bentlrwxs1534b","t":"2025-12-19T00:49:11.550441824Z"}
{"count":2,"level":"info","logger":"ngalert.sender.router","msg":"Sending alerts to local notifier","org_id":1,"rule_uid":"aeranuqh906wwa","t":"2025-12-19T00:50:10.020898195Z"}
{"count":1,"level":"info","logger":"ngalert.sender.router","msg":"Sending alerts to local notifier","org_id":1,"rule_uid":"bentlrwxs1534b","t":"2025-12-19T00:50:11.549455781Z"}
{"count":2,"level":"info","logger":"ngalert.sender.router","msg":"Sending alerts to local notifier","org_id":1,"rule_uid":"aeranuqh906wwa","t":"2025-12-19T00:51:10.022060615Z"}
{"count":1,"level":"info","logger":"ngalert.sender.router","msg":"Sending alerts to local notifier","org_id":1,"rule_uid":"bentlrwxs1534b","t":"2025-12-19T00:51:11.552033026Z"}
{"count":2,"level":"info","logger":"ngalert.sender.router","msg":"Sending alerts to local notifier","org_id":1,"rule_uid":"aeranuqh906wwa","t":"2025-12-19T00:52:10.020502819Z"}
{"count":1,"level":"info","logger":"ngalert.sender.router","msg":"Sending alerts to local notifier","org_id":1,"rule_uid":"bentlrwxs1534b","t":"2025-12-19T00:52:11.549841723Z"}
{"count":2,"level":"info","logger":"ngalert.sender.router","msg":"Sending alerts to local notifier","org_id":1,"rule_uid":"aeranuqh906wwa","t":"2025-12-19T00:53:10.020283258Z"}
{"count":1,"level":"info","logger":"ngalert.sender.router","msg":"Sending alerts to local notifier","org_id":1,"rule_uid":"bentlrwxs1534b","t":"2025-12-19T00:53:11.550287251Z"}
{"duration":"4.007171ms","level":"info","logger":"cleanup","msg":"Completed cleanup jobs","t":"2025-12-19T00:54:08.381772845Z"}
{"duration":"216.985233ms","level":"info","logger":"plugins.update.checker","msg":"Update check succeeded","t":"2025-12-19T00:54:09.032544278Z"}
{"count":2,"level":"info","logger":"ngalert.sender.router","msg":"Sending alerts to local notifier","org_id":1,"rule_uid":"aeranuqh906wwa","t":"2025-12-19T00:54:10.021665656Z"}
{"count":1,"level":"info","logger":"ngalert.sender.router","msg":"Sending alerts to local notifier","org_id":1,"rule_uid":"bentlrwxs1534b","t":"2025-12-19T00:54:11.551843211Z"}
{"count":2,"level":"info","logger":"ngalert.sender.router","msg":"Sending alerts to local notifier","org_id":1,"rule_uid":"aeranuqh906wwa","t":"2025-12-19T00:55:10.020147199Z"}
{"count":1,"level":"info","logger":"ngalert.sender.router","msg":"Sending alerts to local notifier","org_id":1,"rule_uid":"bentlrwxs1534b","t":"2025-12-19T00:55:11.550986207Z"}
{"count":2,"level":"info","logger":"ngalert.sender.router","msg":"Sending alerts to local notifier","org_id":1,"rule_uid":"aeranuqh906wwa","t":"2025-12-19T00:56:10.021749837Z"}
{"count":1,"level":"info","logger":"ngalert.sender.router","msg":"Sending alerts to local notifier","org_id":1,"rule_uid":"bentlrwxs1534b","t":"2025-12-19T00:56:11.551985958Z"}
{"count":2,"level":"info","logger":"ngalert.sender.router","msg":"Sending alerts to local notifier","org_id":1,"rule_uid":"aeranuqh906wwa","t":"2025-12-19T00:57:10.021766517Z"}
{"count":1,"level":"info","logger":"ngalert.sender.router","msg":"Sending alerts to local notifier","org_id":1,"rule_uid":"bentlrwxs1534b","t":"2025-12-19T00:57:11.551392105Z"}
{"count":2,"level":"info","logger":"ngalert.sender.router","msg":"Sending alerts to local notifier","org_id":1,"rule_uid":"aeranuqh906wwa","t":"2025-12-19T00:58:10.019412246Z"}
{"count":1,"level":"info","logger":"ngalert.sender.router","msg":"Sending alerts to local notifier","org_id":1,"rule_uid":"bentlrwxs1534b","t":"2025-12-19T00:58:11.550999706Z"}
{"count":2,"level":"info","logger":"ngalert.sender.router","msg":"Sending alerts to local notifier","org_id":1,"rule_uid":"aeranuqh906wwa","t":"2025-12-19T00:59:10.024686855Z"}
{"count":1,"level":"info","logger":"ngalert.sender.router","msg":"Sending alerts to local notifier","org_id":1,"rule_uid":"bentlrwxs1534b","t":"2025-12-19T00:59:11.551710445Z"}
{"count":2,"level":"info","logger":"ngalert.sender.router","msg":"Sending alerts to local notifier","org_id":1,"rule_uid":"aeranuqh906wwa","t":"2025-12-19T01:00:10.019136981Z"}
{"count":1,"level":"info","logger":"ngalert.sender.router","msg":"Sending alerts to local notifier","org_id":1,"rule_uid":"bentlrwxs1534b","t":"2025-12-19T01:00:11.551255991Z"}
{"count":2,"level":"info","logger":"ngalert.sender.router","msg":"Sending alerts to local notifier","org_id":1,"rule_uid":"aeranuqh906wwa","t":"2025-12-19T01:01:10.0206177Z"}
{"count":1,"level":"info","logger":"ngalert.sender.router","msg":"Sending alerts to local notifier","org_id":1,"rule_uid":"bentlrwxs1534b","t":"2025-12-19T01:01:11.550432832Z"}
{"count":2,"level":"info","logger":"ngalert.sender.router","msg":"Sending alerts to local notifier","org_id":1,"rule_uid":"aeranuqh906wwa","t":"2025-12-19T01:02:10.022356647Z"}
{"count":1,"level":"info","logger":"ngalert.sender.router","msg":"Sending alerts to local notifier","org_id":1,"rule_uid":"bentlrwxs1534b","t":"2025-12-19T01:02:11.551850408Z"}
{"count":2,"level":"info","logger":"ngalert.sender.router","msg":"Sending alerts to local notifier","org_id":1,"rule_uid":"aeranuqh906wwa","t":"2025-12-19T01:03:10.019980137Z"}
{"count":1,"level":"info","logger":"ngalert.sender.router","msg":"Sending alerts to local notifier","org_id":1,"rule_uid":"bentlrwxs1534b","t":"2025-12-19T01:03:11.551417851Z"}
{"duration":"4.633997ms","level":"info","logger":"cleanup","msg":"Completed cleanup jobs","t":"2025-12-19T01:04:08.381242837Z"}
{"duration":"220.013127ms","level":"info","logger":"plugins.update.checker","msg":"Update check succeeded","t":"2025-12-19T01:04:09.034905557Z"}
{"count":2,"level":"info","logger":"ngalert.sender.router","msg":"Sending alerts to local notifier","org_id":1,"rule_uid":"aeranuqh906wwa","t":"2025-12-19T01:04:10.02009295Z"}
{"count":1,"level":"info","logger":"ngalert.sender.router","msg":"Sending alerts to local notifier","org_id":1,"rule_uid":"bentlrwxs1534b","t":"2025-12-19T01:04:11.551650605Z"}
{"count":2,"level":"info","logger":"ngalert.sender.router","msg":"Sending alerts to local notifier","org_id":1,"rule_uid":"aeranuqh906wwa","t":"2025-12-19T01:05:10.021319502Z"}
{"count":1,"level":"info","logger":"ngalert.sender.router","msg":"Sending alerts to local notifier","org_id":1,"rule_uid":"bentlrwxs1534b","t":"2025-12-19T01:05:11.553939565Z"}
{"level":"info","logger":"infra.usagestats","msg":"Usage stats are ready to report","t":"2025-12-19T01:06:05.428984702Z"}
{"count":2,"level":"info","logger":"ngalert.sender.router","msg":"Sending alerts to local notifier","org_id":1,"rule_uid":"aeranuqh906wwa","t":"2025-12-19T01:06:10.021379999Z"}
{"count":1,"level":"info","logger":"ngalert.sender.router","msg":"Sending alerts to local notifier","org_id":1,"rule_uid":"bentlrwxs1534b","t":"2025-12-19T01:06:11.550981556Z"}
{"count":2,"level":"info","logger":"ngalert.sender.router","msg":"Sending alerts to local notifier","org_id":1,"rule_uid":"aeranuqh906wwa","t":"2025-12-19T01:07:10.019772063Z"}
{"count":1,"level":"info","logger":"ngalert.sender.router","msg":"Sending alerts to local notifier","org_id":1,"rule_uid":"bentlrwxs1534b","t":"2025-12-19T01:07:11.550678892Z"}
{"count":2,"level":"info","logger":"ngalert.sender.router","msg":"Sending alerts to local notifier","org_id":1,"rule_uid":"aeranuqh906wwa","t":"2025-12-19T01:08:10.02287909Z"}
{"count":1,"level":"info","logger":"ngalert.sender.router","msg":"Sending alerts to local notifier","org_id":1,"rule_uid":"bentlrwxs1534b","t":"2025-12-19T01:08:11.550318445Z"}
{"count":2,"level":"info","logger":"ngalert.sender.router","msg":"Sending alerts to local notifier","org_id":1,"rule_uid":"aeranuqh906wwa","t":"2025-12-19T01:09:10.020902292Z"}
{"count":1,"level":"info","logger":"ngalert.sender.router","msg":"Sending alerts to local notifier","org_id":1,"rule_uid":"bentlrwxs1534b","t":"2025-12-19T01:09:11.549959138Z"}
{"count":2,"level":"info","logger":"ngalert.sender.router","msg":"Sending alerts to local notifier","org_id":1,"rule_uid":"aeranuqh906wwa","t":"2025-12-19T01:10:10.024675872Z"}
{"count":1,"level":"info","logger":"ngalert.sender.router","msg":"Sending alerts to local notifier","org_id":1,"rule_uid":"bentlrwxs1534b","t":"2025-12-19T01:10:11.550566958Z"}
{"count":2,"level":"info","logger":"ngalert.sender.router","msg":"Sending alerts to local notifier","org_id":1,"rule_uid":"aeranuqh906wwa","t":"2025-12-19T01:11:10.021785766Z"}
{"count":1,"level":"info","logger":"ngalert.sender.router","msg":"Sending alerts to local notifier","org_id":1,"rule_uid":"bentlrwxs1534b","t":"2025-12-19T01:11:11.551601711Z"}
{"count":2,"level":"info","logger":"ngalert.sender.router","msg":"Sending alerts to local notifier","org_id":1,"rule_uid":"aeranuqh906wwa","t":"2025-12-19T01:12:10.021546537Z"}
{"count":1,"level":"info","logger":"ngalert.sender.router","msg":"Sending alerts to local notifier","org_id":1,"rule_uid":"bentlrwxs1534b","t":"2025-12-19T01:12:11.55028797Z"}
{"count":2,"level":"info","logger":"ngalert.sender.router","msg":"Sending alerts to local notifier","org_id":1,"rule_uid":"aeranuqh906wwa","t":"2025-12-19T01:13:10.01982433Z"}
{"count":1,"level":"info","logger":"ngalert.sender.router","msg":"Sending alerts to local notifier","org_id":1,"rule_uid":"bentlrwxs1534b","t":"2025-12-19T01:13:11.551127979Z"}
{"duration":"4.012292ms","level":"info","logger":"cleanup","msg":"Completed cleanup jobs","t":"2025-12-19T01:14:08.380390773Z"}
{"duration":"215.737485ms","level":"info","logger":"plugins.update.checker","msg":"Update check succeeded","t":"2025-12-19T01:14:09.030554432Z"}
{"count":2,"level":"info","logger":"ngalert.sender.router","msg":"Sending alerts to local notifier","org_id":1,"rule_uid":"aeranuqh906wwa","t":"2025-12-19T01:14:10.021098344Z"}
{"count":1,"level":"info","logger":"ngalert.sender.router","msg":"Sending alerts to local notifier","org_id":1,"rule_uid":"bentlrwxs1534b","t":"2025-12-19T01:14:11.550338679Z"}
{"count":2,"level":"info","logger":"ngalert.sender.router","msg":"Sending alerts to local notifier","org_id":1,"rule_uid":"aeranuqh906wwa","t":"2025-12-19T01:15:10.020417097Z"}
{"count":1,"level":"info","logger":"ngalert.sender.router","msg":"Sending alerts to local notifier","org_id":1,"rule_uid":"bentlrwxs1534b","t":"2025-12-19T01:15:11.550122835Z"}
{"count":2,"level":"info","logger":"ngalert.sender.router","msg":"Sending alerts to local notifier","org_id":1,"rule_uid":"aeranuqh906wwa","t":"2025-12-19T01:16:10.023272318Z"}
{"count":1,"level":"info","logger":"ngalert.sender.router","msg":"Sending alerts to local notifier","org_id":1,"rule_uid":"bentlrwxs1534b","t":"2025-12-19T01:16:11.551491167Z"}
{"count":2,"level":"info","logger":"ngalert.sender.router","msg":"Sending alerts to local notifier","org_id":1,"rule_uid":"aeranuqh906wwa","t":"2025-12-19T01:17:10.02249933Z"}
{"count":1,"level":"info","logger":"ngalert.sender.router","msg":"Sending alerts to local notifier","org_id":1,"rule_uid":"bentlrwxs1534b","t":"2025-12-19T01:17:11.551480664Z"}
{"duration":"4.215388ms","level":"info","logger":"cleanup","msg":"Completed cleanup jobs","t":"2025-12-19T01:24:08.381914145Z"}
{"duration":"224.878901ms","level":"info","logger":"plugins.update.checker","msg":"Update check succeeded","t":"2025-12-19T01:24:09.040102613Z"}
{"duration":"3.967372ms","level":"info","logger":"cleanup","msg":"Completed cleanup jobs","t":"2025-12-19T01:34:08.381735181Z"}
{"duration":"224.913958ms","level":"info","logger":"plugins.update.checker","msg":"Update check succeeded","t":"2025-12-19T01:34:09.040759001Z"}
{"level":"info","logger":"infra.usagestats","msg":"Usage stats are ready to report","t":"2025-12-19T01:36:05.429577018Z"}
{"duration":"3.953494ms","level":"info","logger":"cleanup","msg":"Completed cleanup jobs","t":"2025-12-19T01:44:08.382126875Z"}
{"duration":"226.206896ms","level":"info","logger":"plugins.update.checker","msg":"Update check succeeded","t":"2025-12-19T01:44:09.041502202Z"}
{"duration":"6.105519ms","level":"info","logger":"cleanup","msg":"Completed cleanup jobs","t":"2025-12-19T01:54:08.383547265Z"}
{"duration":"216.74967ms","level":"info","logger":"plugins.update.checker","msg":"Update check succeeded","t":"2025-12-19T01:54:09.032020269Z"}
{"duration":"4.96143ms","level":"info","logger":"cleanup","msg":"Completed cleanup jobs","t":"2025-12-19T02:04:08.381889939Z"}
{"duration":"231.101235ms","level":"info","logger":"plugins.update.checker","msg":"Update check succeeded","t":"2025-12-19T02:04:09.046646041Z"}
{"level":"info","logger":"infra.usagestats","msg":"Usage stats are ready to report","t":"2025-12-19T02:06:05.428359616Z"}
{"duration":"263.361962ms","level":"info","logger":"infra.usagestats","msg":"Sent usage stats","t":"2025-12-19T02:06:24.519631672Z"}
{"duration":"4.677111ms","level":"info","logger":"cleanup","msg":"Completed cleanup jobs","t":"2025-12-19T02:14:08.381550912Z"}
{"duration":"223.70122ms","level":"info","logger":"plugins.update.checker","msg":"Update check succeeded","t":"2025-12-19T02:14:09.039269417Z"}
{"duration":"4.481583ms","level":"info","logger":"cleanup","msg":"Completed cleanup jobs","t":"2025-12-19T02:24:08.381847276Z"}
{"duration":"221.510079ms","level":"info","logger":"plugins.update.checker","msg":"Update check succeeded","t":"2025-12-19T02:24:09.037281328Z"}
{"duration":"4.357048ms","level":"info","logger":"cleanup","msg":"Completed cleanup jobs","t":"2025-12-19T02:34:08.382675504Z"}
{"duration":"223.765986ms","level":"info","logger":"plugins.update.checker","msg":"Update check succeeded","t":"2025-12-19T02:34:09.039108182Z"}
{"level":"info","logger":"infra.usagestats","msg":"Usage stats are ready to report","t":"2025-12-19T02:36:05.428320386Z"}
{"duration":"4.310128ms","level":"info","logger":"cleanup","msg":"Completed cleanup jobs","t":"2025-12-19T02:44:08.381276764Z"}
{"duration":"218.893831ms","level":"info","logger":"plugins.update.checker","msg":"Update check succeeded","t":"2025-12-19T02:44:09.034234572Z"}
{"duration":"6.394318ms","level":"info","logger":"cleanup","msg":"Completed cleanup jobs","t":"2025-12-19T02:54:08.383235259Z"}
{"duration":"217.580549ms","level":"info","logger":"plugins.update.checker","msg":"Update check succeeded","t":"2025-12-19T02:54:09.032926141Z"}
{"duration":"5.584124ms","level":"info","logger":"cleanup","msg":"Completed cleanup jobs","t":"2025-12-19T03:04:08.38220255Z"}
{"duration":"227.791056ms","level":"info","logger":"plugins.update.checker","msg":"Update check succeeded","t":"2025-12-19T03:04:09.042852483Z"}
{"level":"info","logger":"infra.usagestats","msg":"Usage stats are ready to report","t":"2025-12-19T03:06:05.430655862Z"}
{"duration":"4.338227ms","level":"info","logger":"cleanup","msg":"Completed cleanup jobs","t":"2025-12-19T03:14:08.381198601Z"}
{"duration":"278.55794ms","level":"info","logger":"plugins.update.checker","msg":"Update check succeeded","t":"2025-12-19T03:14:09.094283948Z"}
{"duration":"4.293127ms","level":"info","logger":"cleanup","msg":"Completed cleanup jobs","t":"2025-12-19T03:24:08.38163376Z"}
{"duration":"224.125859ms","level":"info","logger":"plugins.update.checker","msg":"Update check succeeded","t":"2025-12-19T03:24:09.03901157Z"}
{"duration":"4.280583ms","level":"info","logger":"cleanup","msg":"Completed cleanup jobs","t":"2025-12-19T03:34:08.382093129Z"}
{"duration":"235.692718ms","level":"info","logger":"plugins.update.checker","msg":"Update check succeeded","t":"2025-12-19T03:34:09.051298636Z"}
{"level":"info","logger":"infra.usagestats","msg":"Usage stats are ready to report","t":"2025-12-19T03:36:05.430175748Z"}
{"duration":"4.47508ms","level":"info","logger":"cleanup","msg":"Completed cleanup jobs","t":"2025-12-19T03:44:08.382701852Z"}
{"duration":"216.504995ms","level":"info","logger":"plugins.update.checker","msg":"Update check succeeded","t":"2025-12-19T03:44:09.032377987Z"}
{"duration":"3.768115ms","level":"info","logger":"cleanup","msg":"Completed cleanup jobs","t":"2025-12-19T03:54:08.382019185Z"}
{"duration":"218.053263ms","level":"info","logger":"plugins.update.checker","msg":"Update check succeeded","t":"2025-12-19T03:54:09.033395671Z"}
{"count":1,"level":"info","logger":"ngalert.sender.router","msg":"Sending alerts to local notifier","org_id":1,"rule_uid":"eepiaqdm333lse","t":"2025-12-19T04:01:16.16760926Z"}
{"count":1,"level":"info","logger":"ngalert.sender.router","msg":"Sending alerts to local notifier","org_id":1,"rule_uid":"eepiaqdm333lse","t":"2025-12-19T04:02:16.166371238Z"}
{"count":1,"level":"info","logger":"ngalert.sender.router","msg":"Sending alerts to local notifier","org_id":1,"rule_uid":"eepiaqdm333lse","t":"2025-12-19T04:03:16.165767838Z"}
{"duration":"36.459632ms","level":"info","logger":"cleanup","msg":"Completed cleanup jobs","t":"2025-12-19T04:04:08.415821212Z"}
{"duration":"219.137433ms","level":"info","logger":"plugins.update.checker","msg":"Update check succeeded","t":"2025-12-19T04:04:09.034561293Z"}
{"count":1,"level":"info","logger":"ngalert.sender.router","msg":"Sending alerts to local notifier","org_id":1,"rule_uid":"eepiaqdm333lse","t":"2025-12-19T04:04:16.16748994Z"}
{"count":1,"level":"info","logger":"ngalert.sender.router","msg":"Sending alerts to local notifier","org_id":1,"rule_uid":"eepiaqdm333lse","t":"2025-12-19T04:05:16.165360635Z"}
{"level":"info","logger":"infra.usagestats","msg":"Usage stats are ready to report","t":"2025-12-19T04:06:05.428239097Z"}
{"count":1,"level":"info","logger":"ngalert.sender.router","msg":"Sending alerts to local notifier","org_id":1,"rule_uid":"eepiaqdm333lse","t":"2025-12-19T04:06:16.166180226Z"}
{"count":1,"level":"info","logger":"ngalert.sender.router","msg":"Sending alerts to local notifier","org_id":1,"rule_uid":"eepiaqdm333lse","t":"2025-12-19T04:07:16.167841215Z"}
{"count":1,"level":"info","logger":"ngalert.sender.router","msg":"Sending alerts to local notifier","org_id":1,"rule_uid":"eepiaqdm333lse","t":"2025-12-19T04:08:16.165140256Z"}
{"count":1,"level":"info","logger":"ngalert.sender.router","msg":"Sending alerts to local notifier","org_id":1,"rule_uid":"eepiaqdm333lse","t":"2025-12-19T04:09:16.165280052Z"}
{"count":1,"level":"info","logger":"ngalert.sender.router","msg":"Sending alerts to local notifier","org_id":1,"rule_uid":"eepiaqdm333lse","t":"2025-12-19T04:10:16.166045868Z"}
{"count":1,"level":"info","logger":"ngalert.sender.router","msg":"Sending alerts to local notifier","org_id":1,"rule_uid":"eepiaqdm333lse","t":"2025-12-19T04:11:16.170450693Z"}
{"count":1,"level":"info","logger":"ngalert.sender.router","msg":"Sending alerts to local notifier","org_id":1,"rule_uid":"eepiaqdm333lse","t":"2025-12-19T04:12:16.164767677Z"}
{"count":1,"level":"info","logger":"ngalert.sender.router","msg":"Sending alerts to local notifier","org_id":1,"rule_uid":"eepiaqdm333lse","t":"2025-12-19T04:13:16.16758538Z"}
{"duration":"4.817278ms","level":"info","logger":"cleanup","msg":"Completed cleanup jobs","t":"2025-12-19T04:14:08.383062056Z"}
{"duration":"218.766063ms","level":"info","logger":"plugins.update.checker","msg":"Update check succeeded","t":"2025-12-19T04:14:09.034457236Z"}
{"count":1,"level":"info","logger":"ngalert.sender.router","msg":"Sending alerts to local notifier","org_id":1,"rule_uid":"eepiaqdm333lse","t":"2025-12-19T04:14:16.166793062Z"}
{"count":1,"level":"info","logger":"ngalert.sender.router","msg":"Sending alerts to local notifier","org_id":1,"rule_uid":"eepiaqdm333lse","t":"2025-12-19T04:15:16.166487998Z"}
{"count":1,"level":"info","logger":"ngalert.sender.router","msg":"Sending alerts to local notifier","org_id":1,"rule_uid":"eepiaqdm333lse","t":"2025-12-19T04:16:16.169297123Z"}
{"count":1,"level":"info","logger":"ngalert.sender.router","msg":"Sending alerts to local notifier","org_id":1,"rule_uid":"eepiaqdm333lse","t":"2025-12-19T04:17:16.167279492Z"}
{"count":1,"level":"info","logger":"ngalert.sender.router","msg":"Sending alerts to local notifier","org_id":1,"rule_uid":"eepiaqdm333lse","t":"2025-12-19T04:18:16.165895488Z"}
{"count":1,"level":"info","logger":"ngalert.sender.router","msg":"Sending alerts to local notifier","org_id":1,"rule_uid":"eepiaqdm333lse","t":"2025-12-19T04:19:16.166695329Z"}
{"count":1,"level":"info","logger":"ngalert.sender.router","msg":"Sending alerts to local notifier","org_id":1,"rule_uid":"eepiaqdm333lse","t":"2025-12-19T04:20:16.1674355Z"}
{"count":1,"level":"info","logger":"ngalert.sender.router","msg":"Sending alerts to local notifier","org_id":1,"rule_uid":"eepiaqdm333lse","t":"2025-12-19T04:21:16.173041035Z"}
{"count":1,"level":"info","logger":"ngalert.sender.router","msg":"Sending alerts to local notifier","org_id":1,"rule_uid":"eepiaqdm333lse","t":"2025-12-19T04:22:16.166743064Z"}
{"count":1,"level":"info","logger":"ngalert.sender.router","msg":"Sending alerts to local notifier","org_id":1,"rule_uid":"eepiaqdm333lse","t":"2025-12-19T04:23:16.165884778Z"}
{"duration":"4.46966ms","level":"info","logger":"cleanup","msg":"Completed cleanup jobs","t":"2025-12-19T04:24:08.38222775Z"}
{"duration":"223.898425ms","level":"info","logger":"plugins.update.checker","msg":"Update check succeeded","t":"2025-12-19T04:24:09.039205259Z"}
{"count":1,"level":"info","logger":"ngalert.sender.router","msg":"Sending alerts to local notifier","org_id":1,"rule_uid":"eepiaqdm333lse","t":"2025-12-19T04:24:16.165220907Z"}
{"count":1,"level":"info","logger":"ngalert.sender.router","msg":"Sending alerts to local notifier","org_id":1,"rule_uid":"eepiaqdm333lse","t":"2025-12-19T04:25:16.164625318Z"}
{"count":1,"level":"info","logger":"ngalert.sender.router","msg":"Sending alerts to local notifier","org_id":1,"rule_uid":"eepiaqdm333lse","t":"2025-12-19T04:26:16.167109601Z"}
{"count":1,"level":"info","logger":"ngalert.sender.router","msg":"Sending alerts to local notifier","org_id":1,"rule_uid":"eepiaqdm333lse","t":"2025-12-19T04:27:16.167165205Z"}
{"count":1,"level":"info","logger":"ngalert.sender.router","msg":"Sending alerts to local notifier","org_id":1,"rule_uid":"fer2hpl2qsykga","t":"2025-12-19T04:27:40.042103044Z"}
{"count":1,"level":"info","logger":"ngalert.sender.router","msg":"Sending alerts to local notifier","org_id":1,"rule_uid":"eepiaqdm333lse","t":"2025-12-19T04:28:16.166664199Z"}
{"count":1,"level":"info","logger":"ngalert.sender.router","msg":"Sending alerts to local notifier","org_id":1,"rule_uid":"fer2hpl2qsykga","t":"2025-12-19T04:28:19.27159987Z"}
{"count":1,"level":"info","logger":"ngalert.sender.router","msg":"Sending alerts to local notifier","org_id":1,"rule_uid":"fer2hpl2qsykga","t":"2025-12-19T04:28:40.04061041Z"}
{"count":1,"level":"info","logger":"ngalert.sender.router","msg":"Sending alerts to local notifier","org_id":1,"rule_uid":"eepiaqdm333lse","t":"2025-12-19T04:29:16.166091524Z"}
{"count":1,"level":"info","logger":"ngalert.sender.router","msg":"Sending alerts to local notifier","org_id":1,"rule_uid":"fer2hpl2qsykga","t":"2025-12-19T04:29:19.26655842Z"}
{"count":1,"level":"info","logger":"ngalert.sender.router","msg":"Sending alerts to local notifier","org_id":1,"rule_uid":"fer2hpl2qsykga","t":"2025-12-19T04:29:40.036755271Z"}
{"count":1,"level":"info","logger":"ngalert.sender.router","msg":"Sending alerts to local notifier","org_id":1,"rule_uid":"eepiaqdm333lse","t":"2025-12-19T04:30:16.165604258Z"}
{"count":1,"level":"info","logger":"ngalert.sender.router","msg":"Sending alerts to local notifier","org_id":1,"rule_uid":"fer2hpl2qsykga","t":"2025-12-19T04:30:19.268600558Z"}
{"count":1,"level":"info","logger":"ngalert.sender.router","msg":"Sending alerts to local notifier","org_id":1,"rule_uid":"fer2hpl2qsykga","t":"2025-12-19T04:30:40.037369549Z"}
{"count":1,"level":"info","logger":"ngalert.sender.router","msg":"Sending alerts to local notifier","org_id":1,"rule_uid":"eepiaqdm333lse","t":"2025-12-19T04:31:16.167608386Z"}
{"count":1,"level":"info","logger":"ngalert.sender.router","msg":"Sending alerts to local notifier","org_id":1,"rule_uid":"fer2hpl2qsykga","t":"2025-12-19T04:31:19.272234417Z"}
{"count":1,"level":"info","logger":"ngalert.sender.router","msg":"Sending alerts to local notifier","org_id":1,"rule_uid":"fer2hpl2qsykga","t":"2025-12-19T04:31:40.039305861Z"}
{"count":1,"level":"info","logger":"ngalert.sender.router","msg":"Sending alerts to local notifier","org_id":1,"rule_uid":"eepiaqdm333lse","t":"2025-12-19T04:32:16.167187711Z"}
{"count":1,"level":"info","logger":"ngalert.sender.router","msg":"Sending alerts to local notifier","org_id":1,"rule_uid":"fer2hpl2qsykga","t":"2025-12-19T04:32:19.272151613Z"}
{"count":1,"level":"info","logger":"ngalert.sender.router","msg":"Sending alerts to local notifier","org_id":1,"rule_uid":"fer2hpl2qsykga","t":"2025-12-19T04:32:40.035880801Z"}
{"count":1,"level":"info","logger":"ngalert.sender.router","msg":"Sending alerts to local notifier","org_id":1,"rule_uid":"eepiaqdm333lse","t":"2025-12-19T04:33:16.165924647Z"}
{"count":1,"level":"info","logger":"ngalert.sender.router","msg":"Sending alerts to local notifier","org_id":1,"rule_uid":"fer2hpl2qsykga","t":"2025-12-19T04:33:19.271175943Z"}
{"count":1,"level":"info","logger":"ngalert.sender.router","msg":"Sending alerts to local notifier","org_id":1,"rule_uid":"fer2hpl2qsykga","t":"2025-12-19T04:33:40.038356423Z"}
{"duration":"3.558682ms","level":"info","logger":"cleanup","msg":"Completed cleanup jobs","t":"2025-12-19T04:34:08.381893298Z"}
{"duration":"227.721974ms","level":"info","logger":"plugins.update.checker","msg":"Update check succeeded","t":"2025-12-19T04:34:09.042630614Z"}
{"count":1,"level":"info","logger":"ngalert.sender.router","msg":"Sending alerts to local notifier","org_id":1,"rule_uid":"eepiaqdm333lse","t":"2025-12-19T04:34:16.165123995Z"}
{"count":1,"level":"info","logger":"ngalert.sender.router","msg":"Sending alerts to local notifier","org_id":1,"rule_uid":"fer2hpl2qsykga","t":"2025-12-19T04:34:19.266867597Z"}
{"count":1,"level":"info","logger":"ngalert.sender.router","msg":"Sending alerts to local notifier","org_id":1,"rule_uid":"fer2hpl2qsykga","t":"2025-12-19T04:34:40.038697468Z"}
{"count":1,"level":"info","logger":"ngalert.sender.router","msg":"Sending alerts to local notifier","org_id":1,"rule_uid":"fer2hpl2qsykga","t":"2025-12-19T04:35:00.038282873Z"}
{"count":1,"level":"info","logger":"ngalert.sender.router","msg":"Sending alerts to local notifier","org_id":1,"rule_uid":"eepiaqdm333lse","t":"2025-12-19T04:35:16.165115663Z"}
{"count":1,"level":"info","logger":"ngalert.sender.router","msg":"Sending alerts to local notifier","org_id":1,"rule_uid":"fer2hpl2qsykga","t":"2025-12-19T04:35:30.040389716Z"}
{"count":1,"level":"info","logger":"ngalert.sender.router","msg":"Sending alerts to local notifier","org_id":1,"rule_uid":"fer2hpl2qsykga","t":"2025-12-19T04:36:00.036654462Z"}
{"level":"info","logger":"infra.usagestats","msg":"Usage stats are ready to report","t":"2025-12-19T04:36:05.428337147Z"}
{"count":1,"level":"info","logger":"ngalert.sender.router","msg":"Sending alerts to local notifier","org_id":1,"rule_uid":"eepiaqdm333lse","t":"2025-12-19T04:36:16.16626844Z"}
{"count":1,"level":"info","logger":"ngalert.sender.router","msg":"Sending alerts to local notifier","org_id":1,"rule_uid":"fer2hpl2qsykga","t":"2025-12-19T04:36:30.039765549Z"}
{"count":1,"level":"info","logger":"ngalert.sender.router","msg":"Sending alerts to local notifier","org_id":1,"rule_uid":"fer2hpl2qsykga","t":"2025-12-19T04:37:00.03740932Z"}
{"count":1,"level":"info","logger":"ngalert.sender.router","msg":"Sending alerts to local notifier","org_id":1,"rule_uid":"eepiaqdm333lse","t":"2025-12-19T04:37:16.16671794Z"}
{"count":1,"level":"info","logger":"ngalert.sender.router","msg":"Sending alerts to local notifier","org_id":1,"rule_uid":"fer2hpl2qsykga","t":"2025-12-19T04:37:30.037256769Z"}
{"count":1,"level":"info","logger":"ngalert.sender.router","msg":"Sending alerts to local notifier","org_id":1,"rule_uid":"fer2hpl2qsykga","t":"2025-12-19T04:38:00.037311288Z"}
{"count":1,"level":"info","logger":"ngalert.sender.router","msg":"Sending alerts to local notifier","org_id":1,"rule_uid":"eepiaqdm333lse","t":"2025-12-19T04:38:16.166160348Z"}
{"count":1,"level":"info","logger":"ngalert.sender.router","msg":"Sending alerts to local notifier","org_id":1,"rule_uid":"fer2hpl2qsykga","t":"2025-12-19T04:38:30.035513824Z"}
{"count":1,"level":"info","logger":"ngalert.sender.router","msg":"Sending alerts to local notifier","org_id":1,"rule_uid":"fer2hpl2qsykga","t":"2025-12-19T04:39:00.038514193Z"}
{"count":1,"level":"info","logger":"ngalert.sender.router","msg":"Sending alerts to local notifier","org_id":1,"rule_uid":"eepiaqdm333lse","t":"2025-12-19T04:39:16.167298459Z"}
{"count":1,"level":"info","logger":"ngalert.sender.router","msg":"Sending alerts to local notifier","org_id":1,"rule_uid":"fer2hpl2qsykga","t":"2025-12-19T04:39:30.038829012Z"}
{"count":1,"level":"info","logger":"ngalert.sender.router","msg":"Sending alerts to local notifier","org_id":1,"rule_uid":"fer2hpl2qsykga","t":"2025-12-19T04:40:00.037943634Z"}
{"count":1,"level":"info","logger":"ngalert.sender.router","msg":"Sending alerts to local notifier","org_id":1,"rule_uid":"eepiaqdm333lse","t":"2025-12-19T04:40:16.167360525Z"}
{"count":1,"level":"info","logger":"ngalert.sender.router","msg":"Sending alerts to local notifier","org_id":1,"rule_uid":"fer2hpl2qsykga","t":"2025-12-19T04:40:30.036896037Z"}
{"count":1,"level":"info","logger":"ngalert.sender.router","msg":"Sending alerts to local notifier","org_id":1,"rule_uid":"fer2hpl2qsykga","t":"2025-12-19T04:41:00.036351848Z"}
{"count":1,"level":"info","logger":"ngalert.sender.router","msg":"Sending alerts to local notifier","org_id":1,"rule_uid":"eepiaqdm333lse","t":"2025-12-19T04:41:16.165683374Z"}
{"count":1,"level":"info","logger":"ngalert.sender.router","msg":"Sending alerts to local notifier","org_id":1,"rule_uid":"fer2hpl2qsykga","t":"2025-12-19T04:41:30.037241706Z"}
{"count":1,"level":"info","logger":"ngalert.sender.router","msg":"Sending alerts to local notifier","org_id":1,"rule_uid":"fer2hpl2qsykga","t":"2025-12-19T04:42:00.037510922Z"}
{"count":1,"level":"info","logger":"ngalert.sender.router","msg":"Sending alerts to local notifier","org_id":1,"rule_uid":"eepiaqdm333lse","t":"2025-12-19T04:42:16.166169761Z"}
{"count":1,"level":"info","logger":"ngalert.sender.router","msg":"Sending alerts to local notifier","org_id":1,"rule_uid":"fer2hpl2qsykga","t":"2025-12-19T04:42:30.039094417Z"}
{"count":1,"level":"info","logger":"ngalert.sender.router","msg":"Sending alerts to local notifier","org_id":1,"rule_uid":"fer2hpl2qsykga","t":"2025-12-19T04:43:00.036438048Z"}
{"count":1,"level":"info","logger":"ngalert.sender.router","msg":"Sending alerts to local notifier","org_id":1,"rule_uid":"eepiaqdm333lse","t":"2025-12-19T04:43:16.16645562Z"}
{"count":1,"level":"info","logger":"ngalert.sender.router","msg":"Sending alerts to local notifier","org_id":1,"rule_uid":"fer2hpl2qsykga","t":"2025-12-19T04:43:30.03850533Z"}
{"count":1,"level":"info","logger":"ngalert.sender.router","msg":"Sending alerts to local notifier","org_id":1,"rule_uid":"fer2hpl2qsykga","t":"2025-12-19T04:44:00.038986352Z"}
{"duration":"4.23036ms","level":"info","logger":"cleanup","msg":"Completed cleanup jobs","t":"2025-12-19T04:44:08.381065328Z"}
{"duration":"218.381025ms","level":"info","logger":"plugins.update.checker","msg":"Update check succeeded","t":"2025-12-19T04:44:09.033639109Z"}
{"count":1,"level":"info","logger":"ngalert.sender.router","msg":"Sending alerts to local notifier","org_id":1,"rule_uid":"eepiaqdm333lse","t":"2025-12-19T04:44:16.164714184Z"}
{"count":1,"level":"info","logger":"ngalert.sender.router","msg":"Sending alerts to local notifier","org_id":1,"rule_uid":"fer2hpl2qsykga","t":"2025-12-19T04:44:30.038075882Z"}
{"count":1,"level":"info","logger":"ngalert.sender.router","msg":"Sending alerts to local notifier","org_id":1,"rule_uid":"fer2hpl2qsykga","t":"2025-12-19T04:45:00.040653633Z"}
{"count":1,"level":"info","logger":"ngalert.sender.router","msg":"Sending alerts to local notifier","org_id":1,"rule_uid":"eepiaqdm333lse","t":"2025-12-19T04:45:16.166182227Z"}
{"count":1,"level":"info","logger":"ngalert.sender.router","msg":"Sending alerts to local notifier","org_id":1,"rule_uid":"fer2hpl2qsykga","t":"2025-12-19T04:45:30.038653236Z"}
{"count":1,"level":"info","logger":"ngalert.sender.router","msg":"Sending alerts to local notifier","org_id":1,"rule_uid":"fer2hpl2qsykga","t":"2025-12-19T04:46:00.03735084Z"}
{"count":1,"level":"info","logger":"ngalert.sender.router","msg":"Sending alerts to local notifier","org_id":1,"rule_uid":"eepiaqdm333lse","t":"2025-12-19T04:46:16.166195127Z"}
{"count":1,"level":"info","logger":"ngalert.sender.router","msg":"Sending alerts to local notifier","org_id":1,"rule_uid":"fer2hpl2qsykga","t":"2025-12-19T04:46:30.041148816Z"}
{"count":1,"level":"info","logger":"ngalert.sender.router","msg":"Sending alerts to local notifier","org_id":1,"rule_uid":"fer2hpl2qsykga","t":"2025-12-19T04:47:00.037404492Z"}
{"count":1,"level":"info","logger":"ngalert.sender.router","msg":"Sending alerts to local notifier","org_id":1,"rule_uid":"eepiaqdm333lse","t":"2025-12-19T04:47:16.166092183Z"}
{"count":1,"level":"info","logger":"ngalert.sender.router","msg":"Sending alerts to local notifier","org_id":1,"rule_uid":"fer2hpl2qsykga","t":"2025-12-19T04:47:30.037472514Z"}
{"count":1,"level":"info","logger":"ngalert.sender.router","msg":"Sending alerts to local notifier","org_id":1,"rule_uid":"fer2hpl2qsykga","t":"2025-12-19T04:48:00.039018093Z"}
{"count":1,"level":"info","logger":"ngalert.sender.router","msg":"Sending alerts to local notifier","org_id":1,"rule_uid":"eepiaqdm333lse","t":"2025-12-19T04:48:16.16636233Z"}
{"count":1,"level":"info","logger":"ngalert.sender.router","msg":"Sending alerts to local notifier","org_id":1,"rule_uid":"fer2hpl2qsykga","t":"2025-12-19T04:48:30.036958597Z"}
{"count":1,"level":"info","logger":"ngalert.sender.router","msg":"Sending alerts to local notifier","org_id":1,"rule_uid":"fer2hpl2qsykga","t":"2025-12-19T04:49:00.037485012Z"}
{"count":1,"level":"info","logger":"ngalert.sender.router","msg":"Sending alerts to local notifier","org_id":1,"rule_uid":"eepiaqdm333lse","t":"2025-12-19T04:49:16.165918344Z"}
{"count":1,"level":"info","logger":"ngalert.sender.router","msg":"Sending alerts to local notifier","org_id":1,"rule_uid":"fer2hpl2qsykga","t":"2025-12-19T04:49:30.039159069Z"}
{"count":1,"level":"info","logger":"ngalert.sender.router","msg":"Sending alerts to local notifier","org_id":1,"rule_uid":"fer2hpl2qsykga","t":"2025-12-19T04:50:00.038327669Z"}
{"count":1,"level":"info","logger":"ngalert.sender.router","msg":"Sending alerts to local notifier","org_id":1,"rule_uid":"eepiaqdm333lse","t":"2025-12-19T04:50:16.165944069Z"}
{"count":1,"level":"info","logger":"ngalert.sender.router","msg":"Sending alerts to local notifier","org_id":1,"rule_uid":"eepiaqdm333lse","t":"2025-12-19T04:51:16.169441217Z"}
{"count":1,"level":"info","logger":"ngalert.sender.router","msg":"Sending alerts to local notifier","org_id":1,"rule_uid":"eepiaqdm333lse","t":"2025-12-19T04:52:16.166133043Z"}
{"count":1,"level":"info","logger":"ngalert.sender.router","msg":"Sending alerts to local notifier","org_id":1,"rule_uid":"eepiaqdm333lse","t":"2025-12-19T04:53:16.166384138Z"}
{"duration":"3.204104ms","level":"info","logger":"cleanup","msg":"Completed cleanup jobs","t":"2025-12-19T04:54:08.381469243Z"}
{"duration":"223.319635ms","level":"info","logger":"plugins.update.checker","msg":"Update check succeeded","t":"2025-12-19T04:54:09.039008581Z"}
{"count":1,"level":"info","logger":"ngalert.sender.router","msg":"Sending alerts to local notifier","org_id":1,"rule_uid":"eepiaqdm333lse","t":"2025-12-19T04:54:16.164697747Z"}
{"count":1,"level":"info","logger":"ngalert.sender.router","msg":"Sending alerts to local notifier","org_id":1,"rule_uid":"eepiaqdm333lse","t":"2025-12-19T04:55:16.167103768Z"}
{"count":1,"level":"info","logger":"ngalert.sender.router","msg":"Sending alerts to local notifier","org_id":1,"rule_uid":"eepiaqdm333lse","t":"2025-12-19T04:56:16.167410268Z"}
{"count":1,"level":"info","logger":"ngalert.sender.router","msg":"Sending alerts to local notifier","org_id":1,"rule_uid":"eepiaqdm333lse","t":"2025-12-19T04:57:16.170092222Z"}
{"count":1,"level":"info","logger":"ngalert.sender.router","msg":"Sending alerts to local notifier","org_id":1,"rule_uid":"eepiaqdm333lse","t":"2025-12-19T04:58:16.165936678Z"}
{"count":1,"level":"info","logger":"ngalert.sender.router","msg":"Sending alerts to local notifier","org_id":1,"rule_uid":"eepiaqdm333lse","t":"2025-12-19T04:59:16.168962716Z"}
{"count":1,"level":"info","logger":"ngalert.sender.router","msg":"Sending alerts to local notifier","org_id":1,"rule_uid":"eepiaqdm333lse","t":"2025-12-19T05:00:16.168567432Z"}
{"count":1,"level":"info","logger":"ngalert.sender.router","msg":"Sending alerts to local notifier","org_id":1,"rule_uid":"eepiaqdm333lse","t":"2025-12-19T05:01:16.166727591Z"}
{"count":1,"level":"info","logger":"ngalert.sender.router","msg":"Sending alerts to local notifier","org_id":1,"rule_uid":"eepiaqdm333lse","t":"2025-12-19T05:02:16.167903533Z"}
{"count":1,"level":"info","logger":"ngalert.sender.router","msg":"Sending alerts to local notifier","org_id":1,"rule_uid":"eepiaqdm333lse","t":"2025-12-19T05:03:16.167251993Z"}
{"duration":"4.286726ms","level":"info","logger":"cleanup","msg":"Completed cleanup jobs","t":"2025-12-19T05:04:08.381800868Z"}
{"duration":"223.110862ms","level":"info","logger":"plugins.update.checker","msg":"Update check succeeded","t":"2025-12-19T05:04:09.037936852Z"}
{"count":1,"level":"info","logger":"ngalert.sender.router","msg":"Sending alerts to local notifier","org_id":1,"rule_uid":"eepiaqdm333lse","t":"2025-12-19T05:04:16.166325162Z"}
{"count":1,"level":"info","logger":"ngalert.sender.router","msg":"Sending alerts to local notifier","org_id":1,"rule_uid":"eepiaqdm333lse","t":"2025-12-19T05:05:16.165827979Z"}
{"level":"info","logger":"infra.usagestats","msg":"Usage stats are ready to report","t":"2025-12-19T05:06:05.431446658Z"}
{"count":1,"level":"info","logger":"ngalert.sender.router","msg":"Sending alerts to local notifier","org_id":1,"rule_uid":"eepiaqdm333lse","t":"2025-12-19T05:06:16.165742673Z"}
{"count":1,"level":"info","logger":"ngalert.sender.router","msg":"Sending alerts to local notifier","org_id":1,"rule_uid":"eepiaqdm333lse","t":"2025-12-19T05:07:16.16500675Z"}
{"count":1,"level":"info","logger":"ngalert.sender.router","msg":"Sending alerts to local notifier","org_id":1,"rule_uid":"eepiaqdm333lse","t":"2025-12-19T05:08:16.16657989Z"}
{"count":1,"level":"info","logger":"ngalert.sender.router","msg":"Sending alerts to local notifier","org_id":1,"rule_uid":"eepiaqdm333lse","t":"2025-12-19T05:09:16.170889179Z"}
{"count":1,"level":"info","logger":"ngalert.sender.router","msg":"Sending alerts to local notifier","org_id":1,"rule_uid":"eepiaqdm333lse","t":"2025-12-19T05:10:16.165617154Z"}
{"count":1,"level":"info","logger":"ngalert.sender.router","msg":"Sending alerts to local notifier","org_id":1,"rule_uid":"eepiaqdm333lse","t":"2025-12-19T05:11:16.167292694Z"}
{"count":1,"level":"info","logger":"ngalert.sender.router","msg":"Sending alerts to local notifier","org_id":1,"rule_uid":"eepiaqdm333lse","t":"2025-12-19T05:12:16.16649095Z"}
{"count":1,"level":"info","logger":"ngalert.sender.router","msg":"Sending alerts to local notifier","org_id":1,"rule_uid":"eepiaqdm333lse","t":"2025-12-19T05:13:16.167045443Z"}
{"duration":"3.929822ms","level":"info","logger":"cleanup","msg":"Completed cleanup jobs","t":"2025-12-19T05:14:08.380692066Z"}
{"duration":"225.110523ms","level":"info","logger":"plugins.update.checker","msg":"Update check succeeded","t":"2025-12-19T05:14:09.0404554Z"}
{"count":1,"level":"info","logger":"ngalert.sender.router","msg":"Sending alerts to local notifier","org_id":1,"rule_uid":"eepiaqdm333lse","t":"2025-12-19T05:14:16.167227656Z"}
{"count":1,"level":"info","logger":"ngalert.sender.router","msg":"Sending alerts to local notifier","org_id":1,"rule_uid":"eepiaqdm333lse","t":"2025-12-19T05:15:16.166601946Z"}
{"count":1,"level":"info","logger":"ngalert.sender.router","msg":"Sending alerts to local notifier","org_id":1,"rule_uid":"eepiaqdm333lse","t":"2025-12-19T05:16:16.166577762Z"}
{"count":1,"level":"info","logger":"ngalert.sender.router","msg":"Sending alerts to local notifier","org_id":1,"rule_uid":"eepiaqdm333lse","t":"2025-12-19T05:17:16.171782741Z"}
{"count":1,"level":"info","logger":"ngalert.sender.router","msg":"Sending alerts to local notifier","org_id":1,"rule_uid":"eepiaqdm333lse","t":"2025-12-19T05:18:16.166815243Z"}
{"count":1,"level":"info","logger":"ngalert.sender.router","msg":"Sending alerts to local notifier","org_id":1,"rule_uid":"eepiaqdm333lse","t":"2025-12-19T05:19:16.165775499Z"}
{"count":1,"level":"info","logger":"ngalert.sender.router","msg":"Sending alerts to local notifier","org_id":1,"rule_uid":"eepiaqdm333lse","t":"2025-12-19T05:20:16.166201743Z"}
{"count":1,"level":"info","logger":"ngalert.sender.router","msg":"Sending alerts to local notifier","org_id":1,"rule_uid":"eepiaqdm333lse","t":"2025-12-19T05:21:16.166336673Z"}
{"count":1,"level":"info","logger":"ngalert.sender.router","msg":"Sending alerts to local notifier","org_id":1,"rule_uid":"eepiaqdm333lse","t":"2025-12-19T05:22:16.165342787Z"}
{"count":1,"level":"info","logger":"ngalert.sender.router","msg":"Sending alerts to local notifier","org_id":1,"rule_uid":"eepiaqdm333lse","t":"2025-12-19T05:23:16.165680453Z"}
{"duration":"5.745801ms","level":"info","logger":"cleanup","msg":"Completed cleanup jobs","t":"2025-12-19T05:24:08.382467414Z"}
{"duration":"229.598796ms","level":"info","logger":"plugins.update.checker","msg":"Update check succeeded","t":"2025-12-19T05:24:09.044422262Z"}
{"count":1,"level":"info","logger":"ngalert.sender.router","msg":"Sending alerts to local notifier","org_id":1,"rule_uid":"eepiaqdm333lse","t":"2025-12-19T05:24:16.16611426Z"}
{"count":1,"level":"info","logger":"ngalert.sender.router","msg":"Sending alerts to local notifier","org_id":1,"rule_uid":"eepiaqdm333lse","t":"2025-12-19T05:25:16.166680466Z"}
{"count":1,"level":"info","logger":"ngalert.sender.router","msg":"Sending alerts to local notifier","org_id":1,"rule_uid":"eepiaqdm333lse","t":"2025-12-19T05:26:16.165283252Z"}
{"count":1,"level":"info","logger":"ngalert.sender.router","msg":"Sending alerts to local notifier","org_id":1,"rule_uid":"eepiaqdm333lse","t":"2025-12-19T05:27:16.16672044Z"}
{"count":1,"level":"info","logger":"ngalert.sender.router","msg":"Sending alerts to local notifier","org_id":1,"rule_uid":"eepiaqdm333lse","t":"2025-12-19T05:28:16.167472094Z"}
{"count":1,"level":"info","logger":"ngalert.sender.router","msg":"Sending alerts to local notifier","org_id":1,"rule_uid":"eepiaqdm333lse","t":"2025-12-19T05:29:16.16666246Z"}
{"count":1,"level":"info","logger":"ngalert.sender.router","msg":"Sending alerts to local notifier","org_id":1,"rule_uid":"eepiaqdm333lse","t":"2025-12-19T05:30:16.167180461Z"}
{"count":1,"level":"info","logger":"ngalert.sender.router","msg":"Sending alerts to local notifier","org_id":1,"rule_uid":"eepiaqdm333lse","t":"2025-12-19T05:31:16.16610399Z"}
{"count":1,"level":"info","logger":"ngalert.sender.router","msg":"Sending alerts to local notifier","org_id":1,"rule_uid":"eepiaqdm333lse","t":"2025-12-19T05:32:16.166987386Z"}
{"count":1,"level":"info","logger":"ngalert.sender.router","msg":"Sending alerts to local notifier","org_id":1,"rule_uid":"eepiaqdm333lse","t":"2025-12-19T05:33:16.167922488Z"}
{"duration":"4.906673ms","level":"info","logger":"cleanup","msg":"Completed cleanup jobs","t":"2025-12-19T05:34:08.381346503Z"}
{"duration":"224.404074ms","level":"info","logger":"plugins.update.checker","msg":"Update check succeeded","t":"2025-12-19T05:34:09.040418548Z"}
{"count":1,"level":"info","logger":"ngalert.sender.router","msg":"Sending alerts to local notifier","org_id":1,"rule_uid":"eepiaqdm333lse","t":"2025-12-19T05:34:16.168734333Z"}
{"count":1,"level":"info","logger":"ngalert.sender.router","msg":"Sending alerts to local notifier","org_id":1,"rule_uid":"eepiaqdm333lse","t":"2025-12-19T05:35:16.168111058Z"}
{"level":"info","logger":"infra.usagestats","msg":"Usage stats are ready to report","t":"2025-12-19T05:36:05.429581807Z"}
{"count":1,"level":"info","logger":"ngalert.sender.router","msg":"Sending alerts to local notifier","org_id":1,"rule_uid":"eepiaqdm333lse","t":"2025-12-19T05:36:16.164724259Z"}
{"count":1,"level":"info","logger":"ngalert.sender.router","msg":"Sending alerts to local notifier","org_id":1,"rule_uid":"eepiaqdm333lse","t":"2025-12-19T05:37:16.166385834Z"}
{"count":1,"level":"info","logger":"ngalert.sender.router","msg":"Sending alerts to local notifier","org_id":1,"rule_uid":"eepiaqdm333lse","t":"2025-12-19T05:38:16.166351464Z"}
{"count":1,"level":"info","logger":"ngalert.sender.router","msg":"Sending alerts to local notifier","org_id":1,"rule_uid":"eepiaqdm333lse","t":"2025-12-19T05:39:16.167528337Z"}
{"count":1,"level":"info","logger":"ngalert.sender.router","msg":"Sending alerts to local notifier","org_id":1,"rule_uid":"eepiaqdm333lse","t":"2025-12-19T05:40:16.169602809Z"}
{"count":1,"level":"info","logger":"ngalert.sender.router","msg":"Sending alerts to local notifier","org_id":1,"rule_uid":"eepiaqdm333lse","t":"2025-12-19T05:41:16.165617248Z"}
{"count":1,"level":"info","logger":"ngalert.sender.router","msg":"Sending alerts to local notifier","org_id":1,"rule_uid":"eepiaqdm333lse","t":"2025-12-19T05:42:16.167027962Z"}
{"count":1,"level":"info","logger":"ngalert.sender.router","msg":"Sending alerts to local notifier","org_id":1,"rule_uid":"eepiaqdm333lse","t":"2025-12-19T05:43:16.165431997Z"}
{"duration":"5.392513ms","level":"info","logger":"cleanup","msg":"Completed cleanup jobs","t":"2025-12-19T05:44:08.382113247Z"}
{"duration":"216.662322ms","level":"info","logger":"plugins.update.checker","msg":"Update check succeeded","t":"2025-12-19T05:44:09.031511899Z"}
{"count":1,"level":"info","logger":"ngalert.sender.router","msg":"Sending alerts to local notifier","org_id":1,"rule_uid":"eepiaqdm333lse","t":"2025-12-19T05:44:16.166056662Z"}
{"count":1,"level":"info","logger":"ngalert.sender.router","msg":"Sending alerts to local notifier","org_id":1,"rule_uid":"eepiaqdm333lse","t":"2025-12-19T05:45:16.165377916Z"}
{"count":1,"level":"info","logger":"ngalert.sender.router","msg":"Sending alerts to local notifier","org_id":1,"rule_uid":"eepiaqdm333lse","t":"2025-12-19T05:46:16.167062587Z"}
{"count":1,"level":"info","logger":"ngalert.sender.router","msg":"Sending alerts to local notifier","org_id":1,"rule_uid":"eepiaqdm333lse","t":"2025-12-19T05:47:16.166780945Z"}
{"count":1,"level":"info","logger":"ngalert.sender.router","msg":"Sending alerts to local notifier","org_id":1,"rule_uid":"eepiaqdm333lse","t":"2025-12-19T05:48:16.169126934Z"}
{"count":1,"level":"info","logger":"ngalert.sender.router","msg":"Sending alerts to local notifier","org_id":1,"rule_uid":"eepiaqdm333lse","t":"2025-12-19T05:49:16.169071003Z"}
{"count":1,"level":"info","logger":"ngalert.sender.router","msg":"Sending alerts to local notifier","org_id":1,"rule_uid":"eepiaqdm333lse","t":"2025-12-19T05:50:16.16736047Z"}
{"count":1,"level":"info","logger":"ngalert.sender.router","msg":"Sending alerts to local notifier","org_id":1,"rule_uid":"eepiaqdm333lse","t":"2025-12-19T05:51:16.165819159Z"}
{"count":1,"level":"info","logger":"ngalert.sender.router","msg":"Sending alerts to local notifier","org_id":1,"rule_uid":"eepiaqdm333lse","t":"2025-12-19T05:52:16.166848861Z"}
{"count":1,"level":"info","logger":"ngalert.sender.router","msg":"Sending alerts to local notifier","org_id":1,"rule_uid":"eepiaqdm333lse","t":"2025-12-19T05:53:16.166200777Z"}
{"duration":"4.683153ms","level":"info","logger":"cleanup","msg":"Completed cleanup jobs","t":"2025-12-19T05:54:08.381775594Z"}
{"duration":"216.965159ms","level":"info","logger":"plugins.update.checker","msg":"Update check succeeded","t":"2025-12-19T05:54:09.032278221Z"}
{"count":1,"level":"info","logger":"ngalert.sender.router","msg":"Sending alerts to local notifier","org_id":1,"rule_uid":"eepiaqdm333lse","t":"2025-12-19T05:54:16.166225155Z"}
{"count":1,"level":"info","logger":"ngalert.sender.router","msg":"Sending alerts to local notifier","org_id":1,"rule_uid":"eepiaqdm333lse","t":"2025-12-19T05:55:16.166125987Z"}
{"count":1,"level":"info","logger":"ngalert.sender.router","msg":"Sending alerts to local notifier","org_id":1,"rule_uid":"eepiaqdm333lse","t":"2025-12-19T05:56:16.166456757Z"}
{"count":1,"level":"info","logger":"ngalert.sender.router","msg":"Sending alerts to local notifier","org_id":1,"rule_uid":"eepiaqdm333lse","t":"2025-12-19T05:57:16.165488751Z"}
{"count":1,"level":"info","logger":"ngalert.sender.router","msg":"Sending alerts to local notifier","org_id":1,"rule_uid":"eepiaqdm333lse","t":"2025-12-19T05:58:16.166439267Z"}
{"count":1,"level":"info","logger":"ngalert.sender.router","msg":"Sending alerts to local notifier","org_id":1,"rule_uid":"eepiaqdm333lse","t":"2025-12-19T05:59:16.165712853Z"}
{"count":1,"level":"info","logger":"ngalert.sender.router","msg":"Sending alerts to local notifier","org_id":1,"rule_uid":"eepiaqdm333lse","t":"2025-12-19T06:00:16.171513729Z"}
{"count":1,"level":"info","logger":"ngalert.sender.router","msg":"Sending alerts to local notifier","org_id":1,"rule_uid":"eepiaqdm333lse","t":"2025-12-19T06:01:16.167606956Z"}
{"count":1,"level":"info","logger":"ngalert.sender.router","msg":"Sending alerts to local notifier","org_id":1,"rule_uid":"eepiaqdm333lse","t":"2025-12-19T06:02:16.165465154Z"}
{"count":1,"level":"info","logger":"ngalert.sender.router","msg":"Sending alerts to local notifier","org_id":1,"rule_uid":"eepiaqdm333lse","t":"2025-12-19T06:03:16.166608943Z"}
{"duration":"3.242663ms","level":"info","logger":"cleanup","msg":"Completed cleanup jobs","t":"2025-12-19T06:04:08.379762807Z"}
{"duration":"218.232954ms","level":"info","logger":"plugins.update.checker","msg":"Update check succeeded","t":"2025-12-19T06:04:09.033402881Z"}
{"count":1,"level":"info","logger":"ngalert.sender.router","msg":"Sending alerts to local notifier","org_id":1,"rule_uid":"eepiaqdm333lse","t":"2025-12-19T06:04:16.167296487Z"}
{"count":1,"level":"info","logger":"ngalert.sender.router","msg":"Sending alerts to local notifier","org_id":1,"rule_uid":"eepiaqdm333lse","t":"2025-12-19T06:05:16.167745433Z"}
{"level":"info","logger":"infra.usagestats","msg":"Usage stats are ready to report","t":"2025-12-19T06:06:05.4295904Z"}
{"count":1,"level":"info","logger":"ngalert.sender.router","msg":"Sending alerts to local notifier","org_id":1,"rule_uid":"eepiaqdm333lse","t":"2025-12-19T06:06:16.16780879Z"}
{"count":1,"level":"info","logger":"ngalert.sender.router","msg":"Sending alerts to local notifier","org_id":1,"rule_uid":"eepiaqdm333lse","t":"2025-12-19T06:07:16.168280317Z"}
{"count":1,"level":"info","logger":"ngalert.sender.router","msg":"Sending alerts to local notifier","org_id":1,"rule_uid":"eepiaqdm333lse","t":"2025-12-19T06:08:16.166738198Z"}
{"count":1,"level":"info","logger":"ngalert.sender.router","msg":"Sending alerts to local notifier","org_id":1,"rule_uid":"eepiaqdm333lse","t":"2025-12-19T06:09:16.164196503Z"}
{"duration":"5.745691ms","level":"info","logger":"cleanup","msg":"Completed cleanup jobs","t":"2025-12-19T06:14:08.382205183Z"}
{"duration":"231.917403ms","level":"info","logger":"plugins.update.checker","msg":"Update check succeeded","t":"2025-12-19T06:14:09.046733669Z"}
{"duration":"4.806989ms","level":"info","logger":"cleanup","msg":"Completed cleanup jobs","t":"2025-12-19T06:24:08.381662593Z"}
{"duration":"242.847776ms","level":"info","logger":"plugins.update.checker","msg":"Update check succeeded","t":"2025-12-19T06:24:09.058002Z"}
{"duration":"4.055188ms","level":"info","logger":"cleanup","msg":"Completed cleanup jobs","t":"2025-12-19T06:34:08.380648269Z"}
{"duration":"224.731103ms","level":"info","logger":"plugins.update.checker","msg":"Update check succeeded","t":"2025-12-19T06:34:09.039657093Z"}
{"level":"info","logger":"infra.usagestats","msg":"Usage stats are ready to report","t":"2025-12-19T06:36:05.42732074Z"}
{"duration":"5.363231ms","level":"info","logger":"cleanup","msg":"Completed cleanup jobs","t":"2025-12-19T06:44:08.382022011Z"}
{"duration":"217.5003ms","level":"info","logger":"plugins.update.checker","msg":"Update check succeeded","t":"2025-12-19T06:44:09.032983945Z"}
{"duration":"4.325326ms","level":"info","logger":"cleanup","msg":"Completed cleanup jobs","t":"2025-12-19T06:54:08.38180638Z"}
{"duration":"222.696643ms","level":"info","logger":"plugins.update.checker","msg":"Update check succeeded","t":"2025-12-19T06:54:09.037736458Z"}
{"duration":"4.160523ms","level":"info","logger":"cleanup","msg":"Completed cleanup jobs","t":"2025-12-19T07:04:08.382456082Z"}
{"duration":"222.975194ms","level":"info","logger":"plugins.update.checker","msg":"Update check succeeded","t":"2025-12-19T07:04:09.038427958Z"}
{"level":"info","logger":"infra.usagestats","msg":"Usage stats are ready to report","t":"2025-12-19T07:06:05.428882747Z"}
{"duration":"4.039537ms","level":"info","logger":"cleanup","msg":"Completed cleanup jobs","t":"2025-12-19T07:14:08.38081022Z"}
{"duration":"259.184408ms","level":"info","logger":"plugins.update.checker","msg":"Update check succeeded","t":"2025-12-19T07:14:09.074954421Z"}
{"duration":"5.143642ms","level":"info","logger":"cleanup","msg":"Completed cleanup jobs","t":"2025-12-19T07:24:08.381558964Z"}
{"duration":"217.303949ms","level":"info","logger":"plugins.update.checker","msg":"Update check succeeded","t":"2025-12-19T07:24:09.033054358Z"}
{"duration":"3.689722ms","level":"info","logger":"cleanup","msg":"Completed cleanup jobs","t":"2025-12-19T07:34:08.382243819Z"}
{"duration":"232.888326ms","level":"info","logger":"plugins.update.checker","msg":"Update check succeeded","t":"2025-12-19T07:34:09.048521696Z"}
{"level":"info","logger":"infra.usagestats","msg":"Usage stats are ready to report","t":"2025-12-19T07:36:05.429624209Z"}
{"duration":"3.923255ms","level":"info","logger":"cleanup","msg":"Completed cleanup jobs","t":"2025-12-19T07:44:08.380448818Z"}
{"duration":"227.008998ms","level":"info","logger":"plugins.update.checker","msg":"Update check succeeded","t":"2025-12-19T07:44:09.042234951Z"}
{"duration":"4.658195ms","level":"info","logger":"cleanup","msg":"Completed cleanup jobs","t":"2025-12-19T07:54:08.381911474Z"}
{"duration":"229.592022ms","level":"info","logger":"plugins.update.checker","msg":"Update check succeeded","t":"2025-12-19T07:54:09.044659417Z"}
{"duration":"4.612358ms","level":"info","logger":"cleanup","msg":"Completed cleanup jobs","t":"2025-12-19T08:04:08.382895413Z"}
{"duration":"225.757732ms","level":"info","logger":"plugins.update.checker","msg":"Update check succeeded","t":"2025-12-19T08:04:09.040897562Z"}
{"level":"info","logger":"infra.usagestats","msg":"Usage stats are ready to report","t":"2025-12-19T08:06:05.428496981Z"}
{"duration":"4.589371ms","level":"info","logger":"cleanup","msg":"Completed cleanup jobs","t":"2025-12-19T08:14:08.3822046Z"}
{"duration":"216.714134ms","level":"info","logger":"plugins.update.checker","msg":"Update check succeeded","t":"2025-12-19T08:14:09.031664998Z"}
{"duration":"4.538977ms","level":"info","logger":"cleanup","msg":"Completed cleanup jobs","t":"2025-12-19T08:24:08.381207444Z"}
{"duration":"215.891127ms","level":"info","logger":"plugins.update.checker","msg":"Update check succeeded","t":"2025-12-19T08:24:09.031518413Z"}
{"duration":"4.21777ms","level":"info","logger":"cleanup","msg":"Completed cleanup jobs","t":"2025-12-19T08:34:08.380612737Z"}
{"duration":"229.058876ms","level":"info","logger":"plugins.update.checker","msg":"Update check succeeded","t":"2025-12-19T08:34:09.043954326Z"}
{"level":"info","logger":"infra.usagestats","msg":"Usage stats are ready to report","t":"2025-12-19T08:36:05.428347143Z"}
{"duration":"4.654812ms","level":"info","logger":"cleanup","msg":"Completed cleanup jobs","t":"2025-12-19T08:44:08.381099388Z"}
{"duration":"214.362087ms","level":"info","logger":"plugins.update.checker","msg":"Update check succeeded","t":"2025-12-19T08:44:09.03008987Z"}
{"count":1,"level":"info","logger":"ngalert.sender.router","msg":"Sending alerts to local notifier","org_id":1,"rule_uid":"eepiaqdm333lse","t":"2025-12-19T08:53:16.167319524Z"}
{"duration":"4.004167ms","level":"info","logger":"cleanup","msg":"Completed cleanup jobs","t":"2025-12-19T08:54:08.380613555Z"}
{"duration":"220.978729ms","level":"info","logger":"plugins.update.checker","msg":"Update check succeeded","t":"2025-12-19T08:54:09.036186015Z"}
{"count":1,"level":"info","logger":"ngalert.sender.router","msg":"Sending alerts to local notifier","org_id":1,"rule_uid":"eepiaqdm333lse","t":"2025-12-19T08:54:16.165524857Z"}
{"count":1,"level":"info","logger":"ngalert.sender.router","msg":"Sending alerts to local notifier","org_id":1,"rule_uid":"eepiaqdm333lse","t":"2025-12-19T08:55:16.165642181Z"}
{"count":1,"level":"info","logger":"ngalert.sender.router","msg":"Sending alerts to local notifier","org_id":1,"rule_uid":"eepiaqdm333lse","t":"2025-12-19T08:56:16.166151626Z"}
{"count":1,"level":"info","logger":"ngalert.sender.router","msg":"Sending alerts to local notifier","org_id":1,"rule_uid":"eepiaqdm333lse","t":"2025-12-19T08:57:16.167931963Z"}
{"count":1,"level":"info","logger":"ngalert.sender.router","msg":"Sending alerts to local notifier","org_id":1,"rule_uid":"eepiaqdm333lse","t":"2025-12-19T08:58:16.167095327Z"}
{"count":1,"level":"info","logger":"ngalert.sender.router","msg":"Sending alerts to local notifier","org_id":1,"rule_uid":"eepiaqdm333lse","t":"2025-12-19T08:59:16.165507243Z"}
{"count":1,"level":"info","logger":"ngalert.sender.router","msg":"Sending alerts to local notifier","org_id":1,"rule_uid":"eepiaqdm333lse","t":"2025-12-19T09:00:16.162999379Z"}
{"count":1,"level":"info","logger":"ngalert.sender.router","msg":"Sending alerts to local notifier","org_id":1,"rule_uid":"eepiaqdm333lse","t":"2025-12-19T09:01:16.167327047Z"}
{"count":1,"level":"info","logger":"ngalert.sender.router","msg":"Sending alerts to local notifier","org_id":1,"rule_uid":"eepiaqdm333lse","t":"2025-12-19T09:02:16.167087356Z"}
{"count":1,"level":"info","logger":"ngalert.sender.router","msg":"Sending alerts to local notifier","org_id":1,"rule_uid":"eepiaqdm333lse","t":"2025-12-19T09:03:16.165670117Z"}
{"duration":"5.02855ms","level":"info","logger":"cleanup","msg":"Completed cleanup jobs","t":"2025-12-19T09:04:08.381639582Z"}
{"duration":"220.805964ms","level":"info","logger":"plugins.update.checker","msg":"Update check succeeded","t":"2025-12-19T09:04:09.036034373Z"}
{"count":1,"level":"info","logger":"ngalert.sender.router","msg":"Sending alerts to local notifier","org_id":1,"rule_uid":"eepiaqdm333lse","t":"2025-12-19T09:04:16.167088186Z"}
{"count":1,"level":"info","logger":"ngalert.sender.router","msg":"Sending alerts to local notifier","org_id":1,"rule_uid":"eepiaqdm333lse","t":"2025-12-19T09:05:16.165994254Z"}
{"level":"info","logger":"infra.usagestats","msg":"Usage stats are ready to report","t":"2025-12-19T09:06:05.429183525Z"}
{"count":1,"level":"info","logger":"ngalert.sender.router","msg":"Sending alerts to local notifier","org_id":1,"rule_uid":"eepiaqdm333lse","t":"2025-12-19T09:06:16.169327174Z"}
{"count":1,"level":"info","logger":"ngalert.sender.router","msg":"Sending alerts to local notifier","org_id":1,"rule_uid":"eepiaqdm333lse","t":"2025-12-19T09:07:16.166655834Z"}
{"count":1,"level":"info","logger":"ngalert.sender.router","msg":"Sending alerts to local notifier","org_id":1,"rule_uid":"eepiaqdm333lse","t":"2025-12-19T09:08:16.166949615Z"}
{"count":1,"level":"info","logger":"ngalert.sender.router","msg":"Sending alerts to local notifier","org_id":1,"rule_uid":"eepiaqdm333lse","t":"2025-12-19T09:09:16.166135962Z"}
{"count":1,"level":"info","logger":"ngalert.sender.router","msg":"Sending alerts to local notifier","org_id":1,"rule_uid":"eepiaqdm333lse","t":"2025-12-19T09:10:16.166591466Z"}
{"count":1,"level":"info","logger":"ngalert.sender.router","msg":"Sending alerts to local notifier","org_id":1,"rule_uid":"eepiaqdm333lse","t":"2025-12-19T09:11:16.167551448Z"}
{"count":1,"level":"info","logger":"ngalert.sender.router","msg":"Sending alerts to local notifier","org_id":1,"rule_uid":"eepiaqdm333lse","t":"2025-12-19T09:12:16.167558971Z"}
{"count":1,"level":"info","logger":"ngalert.sender.router","msg":"Sending alerts to local notifier","org_id":1,"rule_uid":"eepiaqdm333lse","t":"2025-12-19T09:13:16.166098306Z"}
{"duration":"4.089379ms","level":"info","logger":"cleanup","msg":"Completed cleanup jobs","t":"2025-12-19T09:14:08.380784685Z"}
{"duration":"229.424883ms","level":"info","logger":"plugins.update.checker","msg":"Update check succeeded","t":"2025-12-19T09:14:09.04459765Z"}
{"count":1,"level":"info","logger":"ngalert.sender.router","msg":"Sending alerts to local notifier","org_id":1,"rule_uid":"eepiaqdm333lse","t":"2025-12-19T09:14:16.167165313Z"}
{"count":1,"level":"info","logger":"ngalert.sender.router","msg":"Sending alerts to local notifier","org_id":1,"rule_uid":"eepiaqdm333lse","t":"2025-12-19T09:15:16.165024051Z"}
{"count":1,"level":"info","logger":"ngalert.sender.router","msg":"Sending alerts to local notifier","org_id":1,"rule_uid":"eepiaqdm333lse","t":"2025-12-19T09:16:16.167138798Z"}
{"count":1,"level":"info","logger":"ngalert.sender.router","msg":"Sending alerts to local notifier","org_id":1,"rule_uid":"eepiaqdm333lse","t":"2025-12-19T09:17:16.165594246Z"}
{"count":1,"level":"info","logger":"ngalert.sender.router","msg":"Sending alerts to local notifier","org_id":1,"rule_uid":"eepiaqdm333lse","t":"2025-12-19T09:18:16.16582206Z"}
{"count":1,"level":"info","logger":"ngalert.sender.router","msg":"Sending alerts to local notifier","org_id":1,"rule_uid":"eepiaqdm333lse","t":"2025-12-19T09:19:16.166165568Z"}
{"count":1,"level":"info","logger":"ngalert.sender.router","msg":"Sending alerts to local notifier","org_id":1,"rule_uid":"eepiaqdm333lse","t":"2025-12-19T09:20:16.165492313Z"}
{"count":1,"level":"info","logger":"ngalert.sender.router","msg":"Sending alerts to local notifier","org_id":1,"rule_uid":"eepiaqdm333lse","t":"2025-12-19T09:21:16.164989343Z"}
{"count":1,"level":"info","logger":"ngalert.sender.router","msg":"Sending alerts to local notifier","org_id":1,"rule_uid":"eepiaqdm333lse","t":"2025-12-19T09:22:16.165341153Z"}
{"count":1,"level":"info","logger":"ngalert.sender.router","msg":"Sending alerts to local notifier","org_id":1,"rule_uid":"eepiaqdm333lse","t":"2025-12-19T09:23:16.16483451Z"}
{"duration":"4.031363ms","level":"info","logger":"cleanup","msg":"Completed cleanup jobs","t":"2025-12-19T09:24:08.382620379Z"}
{"duration":"223.870227ms","level":"info","logger":"plugins.update.checker","msg":"Update check succeeded","t":"2025-12-19T09:24:09.038967293Z"}
{"count":1,"level":"info","logger":"ngalert.sender.router","msg":"Sending alerts to local notifier","org_id":1,"rule_uid":"eepiaqdm333lse","t":"2025-12-19T09:24:16.164249657Z"}
{"count":1,"level":"info","logger":"ngalert.sender.router","msg":"Sending alerts to local notifier","org_id":1,"rule_uid":"eepiaqdm333lse","t":"2025-12-19T09:25:16.165356818Z"}
{"count":1,"level":"info","logger":"ngalert.sender.router","msg":"Sending alerts to local notifier","org_id":1,"rule_uid":"eepiaqdm333lse","t":"2025-12-19T09:26:16.166367449Z"}
{"count":1,"level":"info","logger":"ngalert.sender.router","msg":"Sending alerts to local notifier","org_id":1,"rule_uid":"eepiaqdm333lse","t":"2025-12-19T09:27:16.166476919Z"}
{"count":1,"level":"info","logger":"ngalert.sender.router","msg":"Sending alerts to local notifier","org_id":1,"rule_uid":"eepiaqdm333lse","t":"2025-12-19T09:28:16.17098324Z"}
{"count":1,"level":"info","logger":"ngalert.sender.router","msg":"Sending alerts to local notifier","org_id":1,"rule_uid":"eepiaqdm333lse","t":"2025-12-19T09:29:16.166146934Z"}
{"count":1,"level":"info","logger":"ngalert.sender.router","msg":"Sending alerts to local notifier","org_id":1,"rule_uid":"fer2hpl2qsykga","t":"2025-12-19T09:29:40.036496904Z"}
{"count":1,"level":"info","logger":"ngalert.sender.router","msg":"Sending alerts to local notifier","org_id":1,"rule_uid":"eepiaqdm333lse","t":"2025-12-19T09:30:16.168877402Z"}
{"count":1,"level":"info","logger":"ngalert.sender.router","msg":"Sending alerts to local notifier","org_id":1,"rule_uid":"fer2hpl2qsykga","t":"2025-12-19T09:30:19.273188276Z"}
{"count":1,"level":"info","logger":"ngalert.sender.router","msg":"Sending alerts to local notifier","org_id":1,"rule_uid":"fer2hpl2qsykga","t":"2025-12-19T09:30:40.034128333Z"}
{"count":1,"level":"info","logger":"ngalert.sender.router","msg":"Sending alerts to local notifier","org_id":1,"rule_uid":"eepiaqdm333lse","t":"2025-12-19T09:31:16.165602742Z"}
{"count":1,"level":"info","logger":"ngalert.sender.router","msg":"Sending alerts to local notifier","org_id":1,"rule_uid":"fer2hpl2qsykga","t":"2025-12-19T09:31:19.273044845Z"}
{"count":1,"level":"info","logger":"ngalert.sender.router","msg":"Sending alerts to local notifier","org_id":1,"rule_uid":"fer2hpl2qsykga","t":"2025-12-19T09:31:20.036760425Z"}
{"count":1,"level":"info","logger":"ngalert.sender.router","msg":"Sending alerts to local notifier","org_id":1,"rule_uid":"fer2hpl2qsykga","t":"2025-12-19T09:31:50.037630985Z"}
{"count":1,"level":"info","logger":"ngalert.sender.router","msg":"Sending alerts to local notifier","org_id":1,"rule_uid":"eepiaqdm333lse","t":"2025-12-19T09:32:16.166576357Z"}
{"count":1,"level":"info","logger":"ngalert.sender.router","msg":"Sending alerts to local notifier","org_id":1,"rule_uid":"fer2hpl2qsykga","t":"2025-12-19T09:32:20.038484674Z"}
{"count":1,"level":"info","logger":"ngalert.sender.router","msg":"Sending alerts to local notifier","org_id":1,"rule_uid":"fer2hpl2qsykga","t":"2025-12-19T09:32:50.035845925Z"}
{"count":1,"level":"info","logger":"ngalert.sender.router","msg":"Sending alerts to local notifier","org_id":1,"rule_uid":"eepiaqdm333lse","t":"2025-12-19T09:33:16.166249657Z"}
{"count":1,"level":"info","logger":"ngalert.sender.router","msg":"Sending alerts to local notifier","org_id":1,"rule_uid":"fer2hpl2qsykga","t":"2025-12-19T09:33:20.033220577Z"}
{"count":1,"level":"info","logger":"ngalert.sender.router","msg":"Sending alerts to local notifier","org_id":1,"rule_uid":"fer2hpl2qsykga","t":"2025-12-19T09:33:50.036296119Z"}
{"duration":"4.246302ms","level":"info","logger":"cleanup","msg":"Completed cleanup jobs","t":"2025-12-19T09:34:08.380695897Z"}
{"duration":"216.724847ms","level":"info","logger":"plugins.update.checker","msg":"Update check succeeded","t":"2025-12-19T09:34:09.031614781Z"}
{"count":1,"level":"info","logger":"ngalert.sender.router","msg":"Sending alerts to local notifier","org_id":1,"rule_uid":"eepiaqdm333lse","t":"2025-12-19T09:34:16.166063432Z"}
{"count":1,"level":"info","logger":"ngalert.sender.router","msg":"Sending alerts to local notifier","org_id":1,"rule_uid":"fer2hpl2qsykga","t":"2025-12-19T09:34:20.040535504Z"}
{"count":1,"level":"info","logger":"ngalert.sender.router","msg":"Sending alerts to local notifier","org_id":1,"rule_uid":"fer2hpl2qsykga","t":"2025-12-19T09:34:50.03562414Z"}
{"count":1,"level":"info","logger":"ngalert.sender.router","msg":"Sending alerts to local notifier","org_id":1,"rule_uid":"eepiaqdm333lse","t":"2025-12-19T09:35:16.166463502Z"}
{"count":1,"level":"info","logger":"ngalert.sender.router","msg":"Sending alerts to local notifier","org_id":1,"rule_uid":"fer2hpl2qsykga","t":"2025-12-19T09:35:20.036274465Z"}
{"count":1,"level":"info","logger":"ngalert.sender.router","msg":"Sending alerts to local notifier","org_id":1,"rule_uid":"fer2hpl2qsykga","t":"2025-12-19T09:35:50.044464027Z"}
{"level":"info","logger":"infra.usagestats","msg":"Usage stats are ready to report","t":"2025-12-19T09:36:05.429525591Z"}
{"count":1,"level":"info","logger":"ngalert.sender.router","msg":"Sending alerts to local notifier","org_id":1,"rule_uid":"eepiaqdm333lse","t":"2025-12-19T09:36:16.165210919Z"}
{"count":1,"level":"info","logger":"ngalert.sender.router","msg":"Sending alerts to local notifier","org_id":1,"rule_uid":"fer2hpl2qsykga","t":"2025-12-19T09:36:20.038520463Z"}
{"count":1,"level":"info","logger":"ngalert.sender.router","msg":"Sending alerts to local notifier","org_id":1,"rule_uid":"fer2hpl2qsykga","t":"2025-12-19T09:36:50.035819607Z"}
{"count":1,"level":"info","logger":"ngalert.sender.router","msg":"Sending alerts to local notifier","org_id":1,"rule_uid":"eepiaqdm333lse","t":"2025-12-19T09:37:16.164796549Z"}
{"count":1,"level":"info","logger":"ngalert.sender.router","msg":"Sending alerts to local notifier","org_id":1,"rule_uid":"fer2hpl2qsykga","t":"2025-12-19T09:37:20.037179386Z"}
{"count":1,"level":"info","logger":"ngalert.sender.router","msg":"Sending alerts to local notifier","org_id":1,"rule_uid":"fer2hpl2qsykga","t":"2025-12-19T09:37:50.038796157Z"}
{"count":1,"level":"info","logger":"ngalert.sender.router","msg":"Sending alerts to local notifier","org_id":1,"rule_uid":"eepiaqdm333lse","t":"2025-12-19T09:38:16.166885052Z"}
{"count":1,"level":"info","logger":"ngalert.sender.router","msg":"Sending alerts to local notifier","org_id":1,"rule_uid":"fer2hpl2qsykga","t":"2025-12-19T09:38:20.039998347Z"}
{"count":1,"level":"info","logger":"ngalert.sender.router","msg":"Sending alerts to local notifier","org_id":1,"rule_uid":"fer2hpl2qsykga","t":"2025-12-19T09:38:50.036970897Z"}
{"count":1,"level":"info","logger":"ngalert.sender.router","msg":"Sending alerts to local notifier","org_id":1,"rule_uid":"eepiaqdm333lse","t":"2025-12-19T09:39:16.164475268Z"}
{"count":1,"level":"info","logger":"ngalert.sender.router","msg":"Sending alerts to local notifier","org_id":1,"rule_uid":"fer2hpl2qsykga","t":"2025-12-19T09:39:20.040022196Z"}
{"count":1,"level":"info","logger":"ngalert.sender.router","msg":"Sending alerts to local notifier","org_id":1,"rule_uid":"fer2hpl2qsykga","t":"2025-12-19T09:39:50.037085568Z"}
{"count":1,"level":"info","logger":"ngalert.sender.router","msg":"Sending alerts to local notifier","org_id":1,"rule_uid":"eepiaqdm333lse","t":"2025-12-19T09:40:16.166331477Z"}
{"count":1,"level":"info","logger":"ngalert.sender.router","msg":"Sending alerts to local notifier","org_id":1,"rule_uid":"fer2hpl2qsykga","t":"2025-12-19T09:40:20.035170022Z"}
{"count":1,"level":"info","logger":"ngalert.sender.router","msg":"Sending alerts to local notifier","org_id":1,"rule_uid":"fer2hpl2qsykga","t":"2025-12-19T09:40:50.043704609Z"}
{"count":1,"level":"info","logger":"ngalert.sender.router","msg":"Sending alerts to local notifier","org_id":1,"rule_uid":"eepiaqdm333lse","t":"2025-12-19T09:41:16.166049404Z"}
{"count":1,"level":"info","logger":"ngalert.sender.router","msg":"Sending alerts to local notifier","org_id":1,"rule_uid":"fer2hpl2qsykga","t":"2025-12-19T09:41:20.036293449Z"}
{"count":1,"level":"info","logger":"ngalert.sender.router","msg":"Sending alerts to local notifier","org_id":1,"rule_uid":"fer2hpl2qsykga","t":"2025-12-19T09:41:50.039263367Z"}
{"count":1,"level":"info","logger":"ngalert.sender.router","msg":"Sending alerts to local notifier","org_id":1,"rule_uid":"eepiaqdm333lse","t":"2025-12-19T09:42:16.166654523Z"}
{"count":1,"level":"info","logger":"ngalert.sender.router","msg":"Sending alerts to local notifier","org_id":1,"rule_uid":"fer2hpl2qsykga","t":"2025-12-19T09:42:20.035523106Z"}
{"count":1,"level":"info","logger":"ngalert.sender.router","msg":"Sending alerts to local notifier","org_id":1,"rule_uid":"fer2hpl2qsykga","t":"2025-12-19T09:42:50.035923544Z"}
{"count":1,"level":"info","logger":"ngalert.sender.router","msg":"Sending alerts to local notifier","org_id":1,"rule_uid":"eepiaqdm333lse","t":"2025-12-19T09:43:16.165964208Z"}
{"count":1,"level":"info","logger":"ngalert.sender.router","msg":"Sending alerts to local notifier","org_id":1,"rule_uid":"fer2hpl2qsykga","t":"2025-12-19T09:43:20.036032331Z"}
{"count":1,"level":"info","logger":"ngalert.sender.router","msg":"Sending alerts to local notifier","org_id":1,"rule_uid":"fer2hpl2qsykga","t":"2025-12-19T09:43:50.039237804Z"}
{"duration":"3.686631ms","level":"info","logger":"cleanup","msg":"Completed cleanup jobs","t":"2025-12-19T09:44:08.381553213Z"}
{"duration":"218.516201ms","level":"info","logger":"plugins.update.checker","msg":"Update check succeeded","t":"2025-12-19T09:44:09.034528163Z"}
{"count":1,"level":"info","logger":"ngalert.sender.router","msg":"Sending alerts to local notifier","org_id":1,"rule_uid":"eepiaqdm333lse","t":"2025-12-19T09:44:16.166729085Z"}
{"count":1,"level":"info","logger":"ngalert.sender.router","msg":"Sending alerts to local notifier","org_id":1,"rule_uid":"fer2hpl2qsykga","t":"2025-12-19T09:44:20.033486926Z"}
{"count":1,"level":"info","logger":"ngalert.sender.router","msg":"Sending alerts to local notifier","org_id":1,"rule_uid":"fer2hpl2qsykga","t":"2025-12-19T09:44:50.036179355Z"}
{"count":1,"level":"info","logger":"ngalert.sender.router","msg":"Sending alerts to local notifier","org_id":1,"rule_uid":"eepiaqdm333lse","t":"2025-12-19T09:45:16.165506631Z"}
{"count":1,"level":"info","logger":"ngalert.sender.router","msg":"Sending alerts to local notifier","org_id":1,"rule_uid":"fer2hpl2qsykga","t":"2025-12-19T09:45:20.035068442Z"}
{"count":1,"level":"info","logger":"ngalert.sender.router","msg":"Sending alerts to local notifier","org_id":1,"rule_uid":"fer2hpl2qsykga","t":"2025-12-19T09:45:50.036268378Z"}
{"count":1,"level":"info","logger":"ngalert.sender.router","msg":"Sending alerts to local notifier","org_id":1,"rule_uid":"eepiaqdm333lse","t":"2025-12-19T09:46:16.165407003Z"}
{"count":1,"level":"info","logger":"ngalert.sender.router","msg":"Sending alerts to local notifier","org_id":1,"rule_uid":"fer2hpl2qsykga","t":"2025-12-19T09:46:20.037815529Z"}
{"count":1,"level":"info","logger":"ngalert.sender.router","msg":"Sending alerts to local notifier","org_id":1,"rule_uid":"eepiaqdm333lse","t":"2025-12-19T09:47:16.165838124Z"}
{"count":1,"level":"info","logger":"ngalert.sender.router","msg":"Sending alerts to local notifier","org_id":1,"rule_uid":"eepiaqdm333lse","t":"2025-12-19T09:48:16.165242139Z"}
{"count":1,"level":"info","logger":"ngalert.sender.router","msg":"Sending alerts to local notifier","org_id":1,"rule_uid":"eepiaqdm333lse","t":"2025-12-19T09:49:16.166919575Z"}
{"count":1,"level":"info","logger":"ngalert.sender.router","msg":"Sending alerts to local notifier","org_id":1,"rule_uid":"eepiaqdm333lse","t":"2025-12-19T09:50:16.166638754Z"}
{"count":1,"level":"info","logger":"ngalert.sender.router","msg":"Sending alerts to local notifier","org_id":1,"rule_uid":"eepiaqdm333lse","t":"2025-12-19T09:51:16.167208012Z"}
{"count":1,"level":"info","logger":"ngalert.sender.router","msg":"Sending alerts to local notifier","org_id":1,"rule_uid":"eepiaqdm333lse","t":"2025-12-19T09:52:16.167342777Z"}
{"count":1,"level":"info","logger":"ngalert.sender.router","msg":"Sending alerts to local notifier","org_id":1,"rule_uid":"eepiaqdm333lse","t":"2025-12-19T09:53:16.165845844Z"}
{"duration":"4.257768ms","level":"info","logger":"cleanup","msg":"Completed cleanup jobs","t":"2025-12-19T09:54:08.382143144Z"}
{"duration":"220.128995ms","level":"info","logger":"plugins.update.checker","msg":"Update check succeeded","t":"2025-12-19T09:54:09.035470146Z"}
{"count":1,"level":"info","logger":"ngalert.sender.router","msg":"Sending alerts to local notifier","org_id":1,"rule_uid":"eepiaqdm333lse","t":"2025-12-19T09:54:16.166752431Z"}
{"count":1,"level":"info","logger":"ngalert.sender.router","msg":"Sending alerts to local notifier","org_id":1,"rule_uid":"eepiaqdm333lse","t":"2025-12-19T09:55:16.166691871Z"}
{"count":1,"level":"info","logger":"ngalert.sender.router","msg":"Sending alerts to local notifier","org_id":1,"rule_uid":"eepiaqdm333lse","t":"2025-12-19T09:56:16.167498286Z"}
{"count":1,"level":"info","logger":"ngalert.sender.router","msg":"Sending alerts to local notifier","org_id":1,"rule_uid":"eepiaqdm333lse","t":"2025-12-19T09:57:16.169066678Z"}
{"count":1,"level":"info","logger":"ngalert.sender.router","msg":"Sending alerts to local notifier","org_id":1,"rule_uid":"eepiaqdm333lse","t":"2025-12-19T09:58:16.165080403Z"}
{"count":1,"level":"info","logger":"ngalert.sender.router","msg":"Sending alerts to local notifier","org_id":1,"rule_uid":"eepiaqdm333lse","t":"2025-12-19T09:59:16.167189026Z"}
{"count":1,"level":"info","logger":"ngalert.sender.router","msg":"Sending alerts to local notifier","org_id":1,"rule_uid":"eepiaqdm333lse","t":"2025-12-19T10:00:16.165199821Z"}
{"count":1,"level":"info","logger":"ngalert.sender.router","msg":"Sending alerts to local notifier","org_id":1,"rule_uid":"eepiaqdm333lse","t":"2025-12-19T10:01:16.165467218Z"}
{"count":1,"level":"info","logger":"ngalert.sender.router","msg":"Sending alerts to local notifier","org_id":1,"rule_uid":"eepiaqdm333lse","t":"2025-12-19T10:02:16.167442999Z"}
{"count":1,"level":"info","logger":"ngalert.sender.router","msg":"Sending alerts to local notifier","org_id":1,"rule_uid":"eepiaqdm333lse","t":"2025-12-19T10:03:16.165740732Z"}
{"duration":"5.787398ms","level":"info","logger":"cleanup","msg":"Completed cleanup jobs","t":"2025-12-19T10:04:08.382643885Z"}
{"duration":"223.30328ms","level":"info","logger":"plugins.update.checker","msg":"Update check succeeded","t":"2025-12-19T10:04:09.038419009Z"}
{"duration":"234.859041ms","level":"info","logger":"grafana.update.checker","msg":"Update check succeeded","t":"2025-12-19T10:04:09.044093606Z"}
{"count":1,"level":"info","logger":"ngalert.sender.router","msg":"Sending alerts to local notifier","org_id":1,"rule_uid":"eepiaqdm333lse","t":"2025-12-19T10:04:16.170222839Z"}
{"count":1,"level":"info","logger":"ngalert.sender.router","msg":"Sending alerts to local notifier","org_id":1,"rule_uid":"eepiaqdm333lse","t":"2025-12-19T10:05:16.165906508Z"}
{"level":"info","logger":"infra.usagestats","msg":"Usage stats are ready to report","t":"2025-12-19T10:06:05.428364847Z"}
{"count":1,"level":"info","logger":"ngalert.sender.router","msg":"Sending alerts to local notifier","org_id":1,"rule_uid":"eepiaqdm333lse","t":"2025-12-19T10:06:16.170911109Z"}
{"count":1,"level":"info","logger":"ngalert.sender.router","msg":"Sending alerts to local notifier","org_id":1,"rule_uid":"eepiaqdm333lse","t":"2025-12-19T10:07:16.167700997Z"}
{"count":1,"level":"info","logger":"ngalert.sender.router","msg":"Sending alerts to local notifier","org_id":1,"rule_uid":"eepiaqdm333lse","t":"2025-12-19T10:08:16.167423283Z"}
{"count":1,"level":"info","logger":"ngalert.sender.router","msg":"Sending alerts to local notifier","org_id":1,"rule_uid":"eepiaqdm333lse","t":"2025-12-19T10:09:16.175636136Z"}
{"count":1,"level":"info","logger":"ngalert.sender.router","msg":"Sending alerts to local notifier","org_id":1,"rule_uid":"eepiaqdm333lse","t":"2025-12-19T10:10:16.164875283Z"}
{"count":1,"level":"info","logger":"ngalert.sender.router","msg":"Sending alerts to local notifier","org_id":1,"rule_uid":"eepiaqdm333lse","t":"2025-12-19T10:11:16.166134242Z"}
{"count":1,"level":"info","logger":"ngalert.sender.router","msg":"Sending alerts to local notifier","org_id":1,"rule_uid":"eepiaqdm333lse","t":"2025-12-19T10:12:16.165351831Z"}
{"count":1,"level":"info","logger":"ngalert.sender.router","msg":"Sending alerts to local notifier","org_id":1,"rule_uid":"eepiaqdm333lse","t":"2025-12-19T10:13:16.167475495Z"}
{"duration":"5.634733ms","level":"info","logger":"cleanup","msg":"Completed cleanup jobs","t":"2025-12-19T10:14:08.382247649Z"}
{"duration":"224.848192ms","level":"info","logger":"plugins.update.checker","msg":"Update check succeeded","t":"2025-12-19T10:14:09.040670339Z"}
{"count":1,"level":"info","logger":"ngalert.sender.router","msg":"Sending alerts to local notifier","org_id":1,"rule_uid":"eepiaqdm333lse","t":"2025-12-19T10:14:16.166284204Z"}
{"count":1,"level":"info","logger":"ngalert.sender.router","msg":"Sending alerts to local notifier","org_id":1,"rule_uid":"eepiaqdm333lse","t":"2025-12-19T10:15:16.165370274Z"}
{"count":1,"level":"info","logger":"ngalert.sender.router","msg":"Sending alerts to local notifier","org_id":1,"rule_uid":"eepiaqdm333lse","t":"2025-12-19T10:16:16.167339581Z"}
{"count":1,"level":"info","logger":"ngalert.sender.router","msg":"Sending alerts to local notifier","org_id":1,"rule_uid":"eepiaqdm333lse","t":"2025-12-19T10:17:16.168640731Z"}
{"count":1,"level":"info","logger":"ngalert.sender.router","msg":"Sending alerts to local notifier","org_id":1,"rule_uid":"eepiaqdm333lse","t":"2025-12-19T10:18:16.168367482Z"}
{"count":1,"level":"info","logger":"ngalert.sender.router","msg":"Sending alerts to local notifier","org_id":1,"rule_uid":"eepiaqdm333lse","t":"2025-12-19T10:19:16.166375981Z"}
{"count":1,"level":"info","logger":"ngalert.sender.router","msg":"Sending alerts to local notifier","org_id":1,"rule_uid":"eepiaqdm333lse","t":"2025-12-19T10:20:16.166789708Z"}
{"count":1,"level":"info","logger":"ngalert.sender.router","msg":"Sending alerts to local notifier","org_id":1,"rule_uid":"eepiaqdm333lse","t":"2025-12-19T10:21:16.166865458Z"}
{"count":1,"level":"info","logger":"ngalert.sender.router","msg":"Sending alerts to local notifier","org_id":1,"rule_uid":"eepiaqdm333lse","t":"2025-12-19T10:22:16.168265285Z"}
{"count":1,"level":"info","logger":"ngalert.sender.router","msg":"Sending alerts to local notifier","org_id":1,"rule_uid":"eepiaqdm333lse","t":"2025-12-19T10:23:16.166828006Z"}
{"duration":"5.876973ms","level":"info","logger":"cleanup","msg":"Completed cleanup jobs","t":"2025-12-19T10:24:08.382318172Z"}
{"duration":"234.93794ms","level":"info","logger":"plugins.update.checker","msg":"Update check succeeded","t":"2025-12-19T10:24:09.050431766Z"}
{"count":1,"level":"info","logger":"ngalert.sender.router","msg":"Sending alerts to local notifier","org_id":1,"rule_uid":"eepiaqdm333lse","t":"2025-12-19T10:24:16.167025985Z"}
{"count":1,"level":"info","logger":"ngalert.sender.router","msg":"Sending alerts to local notifier","org_id":1,"rule_uid":"eepiaqdm333lse","t":"2025-12-19T10:25:16.166028355Z"}
{"count":1,"level":"info","logger":"ngalert.sender.router","msg":"Sending alerts to local notifier","org_id":1,"rule_uid":"eepiaqdm333lse","t":"2025-12-19T10:26:16.166131947Z"}
{"count":1,"level":"info","logger":"ngalert.sender.router","msg":"Sending alerts to local notifier","org_id":1,"rule_uid":"eepiaqdm333lse","t":"2025-12-19T10:27:16.166055835Z"}
{"count":1,"level":"info","logger":"ngalert.sender.router","msg":"Sending alerts to local notifier","org_id":1,"rule_uid":"eepiaqdm333lse","t":"2025-12-19T10:28:16.166033934Z"}
{"count":1,"level":"info","logger":"ngalert.sender.router","msg":"Sending alerts to local notifier","org_id":1,"rule_uid":"eepiaqdm333lse","t":"2025-12-19T10:29:16.16441563Z"}
{"count":1,"level":"info","logger":"ngalert.sender.router","msg":"Sending alerts to local notifier","org_id":1,"rule_uid":"eepiaqdm333lse","t":"2025-12-19T10:30:16.166329475Z"}
{"count":1,"level":"info","logger":"ngalert.sender.router","msg":"Sending alerts to local notifier","org_id":1,"rule_uid":"eepiaqdm333lse","t":"2025-12-19T10:31:16.166320045Z"}
{"count":1,"level":"info","logger":"ngalert.sender.router","msg":"Sending alerts to local notifier","org_id":1,"rule_uid":"eepiaqdm333lse","t":"2025-12-19T10:32:16.165493345Z"}
{"count":1,"level":"info","logger":"ngalert.sender.router","msg":"Sending alerts to local notifier","org_id":1,"rule_uid":"eepiaqdm333lse","t":"2025-12-19T10:33:16.167124925Z"}
{"duration":"3.168978ms","level":"info","logger":"cleanup","msg":"Completed cleanup jobs","t":"2025-12-19T10:34:08.380144866Z"}
{"duration":"217.424669ms","level":"info","logger":"plugins.update.checker","msg":"Update check succeeded","t":"2025-12-19T10:34:09.03255988Z"}
{"count":1,"level":"info","logger":"ngalert.sender.router","msg":"Sending alerts to local notifier","org_id":1,"rule_uid":"eepiaqdm333lse","t":"2025-12-19T10:34:16.169047916Z"}
{"count":1,"level":"info","logger":"ngalert.sender.router","msg":"Sending alerts to local notifier","org_id":1,"rule_uid":"eepiaqdm333lse","t":"2025-12-19T10:35:16.16882565Z"}
{"level":"info","logger":"infra.usagestats","msg":"Usage stats are ready to report","t":"2025-12-19T10:36:05.42832381Z"}
{"count":1,"level":"info","logger":"ngalert.sender.router","msg":"Sending alerts to local notifier","org_id":1,"rule_uid":"eepiaqdm333lse","t":"2025-12-19T10:36:16.166435312Z"}
{"count":1,"level":"info","logger":"ngalert.sender.router","msg":"Sending alerts to local notifier","org_id":1,"rule_uid":"eepiaqdm333lse","t":"2025-12-19T10:37:16.165848617Z"}
{"count":1,"level":"info","logger":"ngalert.sender.router","msg":"Sending alerts to local notifier","org_id":1,"rule_uid":"eepiaqdm333lse","t":"2025-12-19T10:38:16.169483145Z"}
{"count":1,"level":"info","logger":"ngalert.sender.router","msg":"Sending alerts to local notifier","org_id":1,"rule_uid":"eepiaqdm333lse","t":"2025-12-19T10:39:16.165552246Z"}
{"count":1,"level":"info","logger":"ngalert.sender.router","msg":"Sending alerts to local notifier","org_id":1,"rule_uid":"eepiaqdm333lse","t":"2025-12-19T10:40:16.166401885Z"}
{"count":1,"level":"info","logger":"ngalert.sender.router","msg":"Sending alerts to local notifier","org_id":1,"rule_uid":"eepiaqdm333lse","t":"2025-12-19T10:41:16.165963745Z"}
{"count":1,"level":"info","logger":"ngalert.sender.router","msg":"Sending alerts to local notifier","org_id":1,"rule_uid":"eepiaqdm333lse","t":"2025-12-19T10:42:16.166420036Z"}
{"count":1,"level":"info","logger":"ngalert.sender.router","msg":"Sending alerts to local notifier","org_id":1,"rule_uid":"eepiaqdm333lse","t":"2025-12-19T10:43:16.165050753Z"}
{"duration":"4.799472ms","level":"info","logger":"cleanup","msg":"Completed cleanup jobs","t":"2025-12-19T10:44:08.381327381Z"}
{"duration":"230.147746ms","level":"info","logger":"plugins.update.checker","msg":"Update check succeeded","t":"2025-12-19T10:44:09.045720256Z"}
{"count":1,"level":"info","logger":"ngalert.sender.router","msg":"Sending alerts to local notifier","org_id":1,"rule_uid":"eepiaqdm333lse","t":"2025-12-19T10:44:16.166911603Z"}
{"count":1,"level":"info","logger":"ngalert.sender.router","msg":"Sending alerts to local notifier","org_id":1,"rule_uid":"eepiaqdm333lse","t":"2025-12-19T10:45:16.164611937Z"}
{"count":1,"level":"info","logger":"ngalert.sender.router","msg":"Sending alerts to local notifier","org_id":1,"rule_uid":"eepiaqdm333lse","t":"2025-12-19T10:46:16.168458429Z"}
{"count":1,"level":"info","logger":"ngalert.sender.router","msg":"Sending alerts to local notifier","org_id":1,"rule_uid":"eepiaqdm333lse","t":"2025-12-19T10:47:16.16714021Z"}
{"count":1,"level":"info","logger":"ngalert.sender.router","msg":"Sending alerts to local notifier","org_id":1,"rule_uid":"eepiaqdm333lse","t":"2025-12-19T10:48:16.166026979Z"}
{"count":1,"level":"info","logger":"ngalert.sender.router","msg":"Sending alerts to local notifier","org_id":1,"rule_uid":"eepiaqdm333lse","t":"2025-12-19T10:49:16.166980108Z"}
{"count":1,"level":"info","logger":"ngalert.sender.router","msg":"Sending alerts to local notifier","org_id":1,"rule_uid":"eepiaqdm333lse","t":"2025-12-19T10:50:16.164882103Z"}
{"count":1,"level":"info","logger":"ngalert.sender.router","msg":"Sending alerts to local notifier","org_id":1,"rule_uid":"eepiaqdm333lse","t":"2025-12-19T10:51:16.165845327Z"}
{"count":1,"level":"info","logger":"ngalert.sender.router","msg":"Sending alerts to local notifier","org_id":1,"rule_uid":"eepiaqdm333lse","t":"2025-12-19T10:52:16.167773989Z"}
{"count":1,"level":"info","logger":"ngalert.sender.router","msg":"Sending alerts to local notifier","org_id":1,"rule_uid":"eepiaqdm333lse","t":"2025-12-19T10:53:16.167012011Z"}
{"duration":"3.611786ms","level":"info","logger":"cleanup","msg":"Completed cleanup jobs","t":"2025-12-19T10:54:08.381494652Z"}
{"duration":"229.602614ms","level":"info","logger":"plugins.update.checker","msg":"Update check succeeded","t":"2025-12-19T10:54:09.045400526Z"}
{"count":1,"level":"info","logger":"ngalert.sender.router","msg":"Sending alerts to local notifier","org_id":1,"rule_uid":"eepiaqdm333lse","t":"2025-12-19T10:54:16.166289215Z"}
{"count":1,"level":"info","logger":"ngalert.sender.router","msg":"Sending alerts to local notifier","org_id":1,"rule_uid":"eepiaqdm333lse","t":"2025-12-19T10:55:16.166209553Z"}
{"count":1,"level":"info","logger":"ngalert.sender.router","msg":"Sending alerts to local notifier","org_id":1,"rule_uid":"eepiaqdm333lse","t":"2025-12-19T10:56:16.167433302Z"}
{"count":1,"level":"info","logger":"ngalert.sender.router","msg":"Sending alerts to local notifier","org_id":1,"rule_uid":"eepiaqdm333lse","t":"2025-12-19T10:57:16.165574888Z"}
{"count":1,"level":"info","logger":"ngalert.sender.router","msg":"Sending alerts to local notifier","org_id":1,"rule_uid":"eepiaqdm333lse","t":"2025-12-19T10:58:16.165023221Z"}
{"count":1,"level":"info","logger":"ngalert.sender.router","msg":"Sending alerts to local notifier","org_id":1,"rule_uid":"eepiaqdm333lse","t":"2025-12-19T10:59:16.165426659Z"}
{"count":1,"level":"info","logger":"ngalert.sender.router","msg":"Sending alerts to local notifier","org_id":1,"rule_uid":"eepiaqdm333lse","t":"2025-12-19T11:00:16.167152704Z"}
{"count":1,"level":"info","logger":"ngalert.sender.router","msg":"Sending alerts to local notifier","org_id":1,"rule_uid":"eepiaqdm333lse","t":"2025-12-19T11:01:16.165694812Z"}
{"count":1,"level":"info","logger":"ngalert.sender.router","msg":"Sending alerts to local notifier","org_id":1,"rule_uid":"eepiaqdm333lse","t":"2025-12-19T11:02:16.167320862Z"}
{"count":1,"level":"info","logger":"ngalert.sender.router","msg":"Sending alerts to local notifier","org_id":1,"rule_uid":"eepiaqdm333lse","t":"2025-12-19T11:03:16.165581361Z"}
{"duration":"6.236935ms","level":"info","logger":"cleanup","msg":"Completed cleanup jobs","t":"2025-12-19T11:04:08.38268473Z"}
{"duration":"223.192703ms","level":"info","logger":"plugins.update.checker","msg":"Update check succeeded","t":"2025-12-19T11:04:09.038280217Z"}
{"count":1,"level":"info","logger":"ngalert.sender.router","msg":"Sending alerts to local notifier","org_id":1,"rule_uid":"eepiaqdm333lse","t":"2025-12-19T11:04:16.167349637Z"}
{"count":1,"level":"info","logger":"ngalert.sender.router","msg":"Sending alerts to local notifier","org_id":1,"rule_uid":"eepiaqdm333lse","t":"2025-12-19T11:05:16.1701895Z"}
{"level":"info","logger":"infra.usagestats","msg":"Usage stats are ready to report","t":"2025-12-19T11:06:05.429360074Z"}
{"count":1,"level":"info","logger":"ngalert.sender.router","msg":"Sending alerts to local notifier","org_id":1,"rule_uid":"eepiaqdm333lse","t":"2025-12-19T11:06:16.165959211Z"}
{"count":1,"level":"info","logger":"ngalert.sender.router","msg":"Sending alerts to local notifier","org_id":1,"rule_uid":"eepiaqdm333lse","t":"2025-12-19T11:07:16.167522759Z"}
{"count":1,"level":"info","logger":"ngalert.sender.router","msg":"Sending alerts to local notifier","org_id":1,"rule_uid":"eepiaqdm333lse","t":"2025-12-19T11:08:16.165869236Z"}
{"count":1,"level":"info","logger":"ngalert.sender.router","msg":"Sending alerts to local notifier","org_id":1,"rule_uid":"eepiaqdm333lse","t":"2025-12-19T11:09:16.167451644Z"}
{"count":1,"level":"info","logger":"ngalert.sender.router","msg":"Sending alerts to local notifier","org_id":1,"rule_uid":"eepiaqdm333lse","t":"2025-12-19T11:10:16.166885822Z"}
{"count":1,"level":"info","logger":"ngalert.sender.router","msg":"Sending alerts to local notifier","org_id":1,"rule_uid":"bentlrwxs1534b","t":"2025-12-19T11:11:11.549737463Z"}
{"count":1,"level":"info","logger":"ngalert.sender.router","msg":"Sending alerts to local notifier","org_id":1,"rule_uid":"eepiaqdm333lse","t":"2025-12-19T11:11:16.164756418Z"}
{"count":1,"level":"info","logger":"ngalert.sender.router","msg":"Sending alerts to local notifier","org_id":1,"rule_uid":"bentlrwxs1534b","t":"2025-12-19T11:12:11.54987759Z"}
{"count":1,"level":"info","logger":"ngalert.sender.router","msg":"Sending alerts to local notifier","org_id":1,"rule_uid":"eepiaqdm333lse","t":"2025-12-19T11:12:16.165258507Z"}
{"count":1,"level":"info","logger":"ngalert.sender.router","msg":"Sending alerts to local notifier","org_id":1,"rule_uid":"bentlrwxs1534b","t":"2025-12-19T11:13:11.551321588Z"}
{"count":1,"level":"info","logger":"ngalert.sender.router","msg":"Sending alerts to local notifier","org_id":1,"rule_uid":"eepiaqdm333lse","t":"2025-12-19T11:13:16.167026754Z"}
{"duration":"6.369189ms","level":"info","logger":"cleanup","msg":"Completed cleanup jobs","t":"2025-12-19T11:14:08.383245467Z"}
{"duration":"217.720091ms","level":"info","logger":"plugins.update.checker","msg":"Update check succeeded","t":"2025-12-19T11:14:09.033359334Z"}
{"count":1,"level":"info","logger":"ngalert.sender.router","msg":"Sending alerts to local notifier","org_id":1,"rule_uid":"bentlrwxs1534b","t":"2025-12-19T11:14:11.551632747Z"}
{"count":1,"level":"info","logger":"ngalert.sender.router","msg":"Sending alerts to local notifier","org_id":1,"rule_uid":"eepiaqdm333lse","t":"2025-12-19T11:14:16.166449369Z"}
{"count":2,"level":"info","logger":"ngalert.sender.router","msg":"Sending alerts to local notifier","org_id":1,"rule_uid":"aeranuqh906wwa","t":"2025-12-19T11:15:10.020158076Z"}
{"count":1,"level":"info","logger":"ngalert.sender.router","msg":"Sending alerts to local notifier","org_id":1,"rule_uid":"bentlrwxs1534b","t":"2025-12-19T11:15:11.550944072Z"}
{"count":1,"level":"info","logger":"ngalert.sender.router","msg":"Sending alerts to local notifier","org_id":1,"rule_uid":"eepiaqdm333lse","t":"2025-12-19T11:15:16.16721183Z"}
{"count":2,"level":"info","logger":"ngalert.sender.router","msg":"Sending alerts to local notifier","org_id":1,"rule_uid":"aeranuqh906wwa","t":"2025-12-19T11:16:10.022412246Z"}
{"count":1,"level":"info","logger":"ngalert.sender.router","msg":"Sending alerts to local notifier","org_id":1,"rule_uid":"bentlrwxs1534b","t":"2025-12-19T11:16:11.553541478Z"}
{"count":1,"level":"info","logger":"ngalert.sender.router","msg":"Sending alerts to local notifier","org_id":1,"rule_uid":"eepiaqdm333lse","t":"2025-12-19T11:16:16.16657106Z"}
{"count":2,"level":"info","logger":"ngalert.sender.router","msg":"Sending alerts to local notifier","org_id":1,"rule_uid":"aeranuqh906wwa","t":"2025-12-19T11:17:10.023548493Z"}
{"count":1,"level":"info","logger":"ngalert.sender.router","msg":"Sending alerts to local notifier","org_id":1,"rule_uid":"bentlrwxs1534b","t":"2025-12-19T11:17:11.551670235Z"}
{"count":1,"level":"info","logger":"ngalert.sender.router","msg":"Sending alerts to local notifier","org_id":1,"rule_uid":"eepiaqdm333lse","t":"2025-12-19T11:17:16.16563626Z"}
{"count":2,"level":"info","logger":"ngalert.sender.router","msg":"Sending alerts to local notifier","org_id":1,"rule_uid":"aeranuqh906wwa","t":"2025-12-19T11:18:10.020089399Z"}
{"count":1,"level":"info","logger":"ngalert.sender.router","msg":"Sending alerts to local notifier","org_id":1,"rule_uid":"bentlrwxs1534b","t":"2025-12-19T11:18:11.551472629Z"}
{"count":1,"level":"info","logger":"ngalert.sender.router","msg":"Sending alerts to local notifier","org_id":1,"rule_uid":"eepiaqdm333lse","t":"2025-12-19T11:18:16.165624817Z"}
{"count":2,"level":"info","logger":"ngalert.sender.router","msg":"Sending alerts to local notifier","org_id":1,"rule_uid":"aeranuqh906wwa","t":"2025-12-19T11:19:10.020944719Z"}
{"count":1,"level":"info","logger":"ngalert.sender.router","msg":"Sending alerts to local notifier","org_id":1,"rule_uid":"bentlrwxs1534b","t":"2025-12-19T11:19:11.550191974Z"}
{"count":1,"level":"info","logger":"ngalert.sender.router","msg":"Sending alerts to local notifier","org_id":1,"rule_uid":"eepiaqdm333lse","t":"2025-12-19T11:19:16.165431476Z"}
{"count":2,"level":"info","logger":"ngalert.sender.router","msg":"Sending alerts to local notifier","org_id":1,"rule_uid":"aeranuqh906wwa","t":"2025-12-19T11:20:10.019600919Z"}
{"count":1,"level":"info","logger":"ngalert.sender.router","msg":"Sending alerts to local notifier","org_id":1,"rule_uid":"bentlrwxs1534b","t":"2025-12-19T11:20:11.550819534Z"}
{"count":1,"level":"info","logger":"ngalert.sender.router","msg":"Sending alerts to local notifier","org_id":1,"rule_uid":"eepiaqdm333lse","t":"2025-12-19T11:20:16.165621831Z"}
{"count":2,"level":"info","logger":"ngalert.sender.router","msg":"Sending alerts to local notifier","org_id":1,"rule_uid":"aeranuqh906wwa","t":"2025-12-19T11:21:10.021372097Z"}
{"count":1,"level":"info","logger":"ngalert.sender.router","msg":"Sending alerts to local notifier","org_id":1,"rule_uid":"bentlrwxs1534b","t":"2025-12-19T11:21:11.55136995Z"}
{"count":1,"level":"info","logger":"ngalert.sender.router","msg":"Sending alerts to local notifier","org_id":1,"rule_uid":"eepiaqdm333lse","t":"2025-12-19T11:21:16.165967657Z"}
{"count":2,"level":"info","logger":"ngalert.sender.router","msg":"Sending alerts to local notifier","org_id":1,"rule_uid":"aeranuqh906wwa","t":"2025-12-19T11:22:10.023010781Z"}
{"count":1,"level":"info","logger":"ngalert.sender.router","msg":"Sending alerts to local notifier","org_id":1,"rule_uid":"bentlrwxs1534b","t":"2025-12-19T11:22:11.551451806Z"}
{"count":1,"level":"info","logger":"ngalert.sender.router","msg":"Sending alerts to local notifier","org_id":1,"rule_uid":"eepiaqdm333lse","t":"2025-12-19T11:22:16.166242174Z"}
{"count":2,"level":"info","logger":"ngalert.sender.router","msg":"Sending alerts to local notifier","org_id":1,"rule_uid":"aeranuqh906wwa","t":"2025-12-19T11:23:10.021438372Z"}
{"count":1,"level":"info","logger":"ngalert.sender.router","msg":"Sending alerts to local notifier","org_id":1,"rule_uid":"bentlrwxs1534b","t":"2025-12-19T11:23:11.551290209Z"}
{"count":1,"level":"info","logger":"ngalert.sender.router","msg":"Sending alerts to local notifier","org_id":1,"rule_uid":"eepiaqdm333lse","t":"2025-12-19T11:23:16.166664127Z"}
{"duration":"5.834198ms","level":"info","logger":"cleanup","msg":"Completed cleanup jobs","t":"2025-12-19T11:24:08.382222193Z"}
{"duration":"217.393896ms","level":"info","logger":"plugins.update.checker","msg":"Update check succeeded","t":"2025-12-19T11:24:09.033092015Z"}
{"count":2,"level":"info","logger":"ngalert.sender.router","msg":"Sending alerts to local notifier","org_id":1,"rule_uid":"aeranuqh906wwa","t":"2025-12-19T11:24:10.021563073Z"}
{"count":1,"level":"info","logger":"ngalert.sender.router","msg":"Sending alerts to local notifier","org_id":1,"rule_uid":"bentlrwxs1534b","t":"2025-12-19T11:24:11.549328321Z"}
{"count":1,"level":"info","logger":"ngalert.sender.router","msg":"Sending alerts to local notifier","org_id":1,"rule_uid":"eepiaqdm333lse","t":"2025-12-19T11:24:16.164476611Z"}
{"count":2,"level":"info","logger":"ngalert.sender.router","msg":"Sending alerts to local notifier","org_id":1,"rule_uid":"aeranuqh906wwa","t":"2025-12-19T11:25:10.021780228Z"}
{"count":1,"level":"info","logger":"ngalert.sender.router","msg":"Sending alerts to local notifier","org_id":1,"rule_uid":"bentlrwxs1534b","t":"2025-12-19T11:25:11.551070497Z"}
{"count":1,"level":"info","logger":"ngalert.sender.router","msg":"Sending alerts to local notifier","org_id":1,"rule_uid":"eepiaqdm333lse","t":"2025-12-19T11:25:16.165299173Z"}
{"count":2,"level":"info","logger":"ngalert.sender.router","msg":"Sending alerts to local notifier","org_id":1,"rule_uid":"aeranuqh906wwa","t":"2025-12-19T11:26:10.019514951Z"}
{"count":1,"level":"info","logger":"ngalert.sender.router","msg":"Sending alerts to local notifier","org_id":1,"rule_uid":"bentlrwxs1534b","t":"2025-12-19T11:26:11.549576345Z"}
{"count":1,"level":"info","logger":"ngalert.sender.router","msg":"Sending alerts to local notifier","org_id":1,"rule_uid":"eepiaqdm333lse","t":"2025-12-19T11:26:16.167146417Z"}
{"count":2,"level":"info","logger":"ngalert.sender.router","msg":"Sending alerts to local notifier","org_id":1,"rule_uid":"aeranuqh906wwa","t":"2025-12-19T11:27:10.019768272Z"}
{"count":1,"level":"info","logger":"ngalert.sender.router","msg":"Sending alerts to local notifier","org_id":1,"rule_uid":"bentlrwxs1534b","t":"2025-12-19T11:27:11.54991585Z"}
{"count":1,"level":"info","logger":"ngalert.sender.router","msg":"Sending alerts to local notifier","org_id":1,"rule_uid":"eepiaqdm333lse","t":"2025-12-19T11:27:16.165977801Z"}
{"count":2,"level":"info","logger":"ngalert.sender.router","msg":"Sending alerts to local notifier","org_id":1,"rule_uid":"aeranuqh906wwa","t":"2025-12-19T11:28:10.020839284Z"}
{"count":1,"level":"info","logger":"ngalert.sender.router","msg":"Sending alerts to local notifier","org_id":1,"rule_uid":"bentlrwxs1534b","t":"2025-12-19T11:28:11.552916069Z"}
{"count":1,"level":"info","logger":"ngalert.sender.router","msg":"Sending alerts to local notifier","org_id":1,"rule_uid":"eepiaqdm333lse","t":"2025-12-19T11:28:16.165947201Z"}
{"count":2,"level":"info","logger":"ngalert.sender.router","msg":"Sending alerts to local notifier","org_id":1,"rule_uid":"aeranuqh906wwa","t":"2025-12-19T11:29:10.020048432Z"}
{"count":1,"level":"info","logger":"ngalert.sender.router","msg":"Sending alerts to local notifier","org_id":1,"rule_uid":"bentlrwxs1534b","t":"2025-12-19T11:29:11.552656481Z"}
{"count":1,"level":"info","logger":"ngalert.sender.router","msg":"Sending alerts to local notifier","org_id":1,"rule_uid":"eepiaqdm333lse","t":"2025-12-19T11:29:16.169068564Z"}
{"count":2,"level":"info","logger":"ngalert.sender.router","msg":"Sending alerts to local notifier","org_id":1,"rule_uid":"aeranuqh906wwa","t":"2025-12-19T11:30:10.022632873Z"}
{"count":1,"level":"info","logger":"ngalert.sender.router","msg":"Sending alerts to local notifier","org_id":1,"rule_uid":"bentlrwxs1534b","t":"2025-12-19T11:30:11.550515023Z"}
{"count":1,"level":"info","logger":"ngalert.sender.router","msg":"Sending alerts to local notifier","org_id":1,"rule_uid":"eepiaqdm333lse","t":"2025-12-19T11:30:16.169070693Z"}
{"count":2,"level":"info","logger":"ngalert.sender.router","msg":"Sending alerts to local notifier","org_id":1,"rule_uid":"aeranuqh906wwa","t":"2025-12-19T11:31:10.021513698Z"}
{"count":1,"level":"info","logger":"ngalert.sender.router","msg":"Sending alerts to local notifier","org_id":1,"rule_uid":"bentlrwxs1534b","t":"2025-12-19T11:31:11.550163451Z"}
{"count":1,"level":"info","logger":"ngalert.sender.router","msg":"Sending alerts to local notifier","org_id":1,"rule_uid":"eepiaqdm333lse","t":"2025-12-19T11:31:16.16656703Z"}
{"count":2,"level":"info","logger":"ngalert.sender.router","msg":"Sending alerts to local notifier","org_id":1,"rule_uid":"aeranuqh906wwa","t":"2025-12-19T11:32:10.021797999Z"}
{"count":1,"level":"info","logger":"ngalert.sender.router","msg":"Sending alerts to local notifier","org_id":1,"rule_uid":"bentlrwxs1534b","t":"2025-12-19T11:32:11.553278009Z"}
{"count":1,"level":"info","logger":"ngalert.sender.router","msg":"Sending alerts to local notifier","org_id":1,"rule_uid":"eepiaqdm333lse","t":"2025-12-19T11:32:16.166401928Z"}
{"count":2,"level":"info","logger":"ngalert.sender.router","msg":"Sending alerts to local notifier","org_id":1,"rule_uid":"aeranuqh906wwa","t":"2025-12-19T11:33:10.018899031Z"}
{"count":1,"level":"info","logger":"ngalert.sender.router","msg":"Sending alerts to local notifier","org_id":1,"rule_uid":"bentlrwxs1534b","t":"2025-12-19T11:33:11.550130863Z"}
{"count":1,"level":"info","logger":"ngalert.sender.router","msg":"Sending alerts to local notifier","org_id":1,"rule_uid":"eepiaqdm333lse","t":"2025-12-19T11:33:16.16673045Z"}
{"duration":"6.135392ms","level":"info","logger":"cleanup","msg":"Completed cleanup jobs","t":"2025-12-19T11:34:08.382670975Z"}
{"duration":"241.986626ms","level":"info","logger":"plugins.update.checker","msg":"Update check succeeded","t":"2025-12-19T11:34:09.056846716Z"}
{"count":2,"level":"info","logger":"ngalert.sender.router","msg":"Sending alerts to local notifier","org_id":1,"rule_uid":"aeranuqh906wwa","t":"2025-12-19T11:34:10.021413186Z"}
{"count":1,"level":"info","logger":"ngalert.sender.router","msg":"Sending alerts to local notifier","org_id":1,"rule_uid":"bentlrwxs1534b","t":"2025-12-19T11:34:11.550678799Z"}
{"count":1,"level":"info","logger":"ngalert.sender.router","msg":"Sending alerts to local notifier","org_id":1,"rule_uid":"eepiaqdm333lse","t":"2025-12-19T11:34:16.165342102Z"}
{"count":2,"level":"info","logger":"ngalert.sender.router","msg":"Sending alerts to local notifier","org_id":1,"rule_uid":"aeranuqh906wwa","t":"2025-12-19T11:35:10.022755042Z"}
{"count":1,"level":"info","logger":"ngalert.sender.router","msg":"Sending alerts to local notifier","org_id":1,"rule_uid":"bentlrwxs1534b","t":"2025-12-19T11:35:11.551007743Z"}
{"count":1,"level":"info","logger":"ngalert.sender.router","msg":"Sending alerts to local notifier","org_id":1,"rule_uid":"eepiaqdm333lse","t":"2025-12-19T11:35:16.166192834Z"}
{"level":"info","logger":"infra.usagestats","msg":"Usage stats are ready to report","t":"2025-12-19T11:36:05.427360369Z"}
{"count":2,"level":"info","logger":"ngalert.sender.router","msg":"Sending alerts to local notifier","org_id":1,"rule_uid":"aeranuqh906wwa","t":"2025-12-19T11:36:10.018890499Z"}
{"count":1,"level":"info","logger":"ngalert.sender.router","msg":"Sending alerts to local notifier","org_id":1,"rule_uid":"bentlrwxs1534b","t":"2025-12-19T11:36:11.550633561Z"}
{"count":1,"level":"info","logger":"ngalert.sender.router","msg":"Sending alerts to local notifier","org_id":1,"rule_uid":"eepiaqdm333lse","t":"2025-12-19T11:36:16.167745221Z"}
{"count":2,"level":"info","logger":"ngalert.sender.router","msg":"Sending alerts to local notifier","org_id":1,"rule_uid":"aeranuqh906wwa","t":"2025-12-19T11:37:10.01979172Z"}
{"count":1,"level":"info","logger":"ngalert.sender.router","msg":"Sending alerts to local notifier","org_id":1,"rule_uid":"bentlrwxs1534b","t":"2025-12-19T11:37:11.550371589Z"}
{"count":1,"level":"info","logger":"ngalert.sender.router","msg":"Sending alerts to local notifier","org_id":1,"rule_uid":"eepiaqdm333lse","t":"2025-12-19T11:37:16.170911224Z"}
{"count":2,"level":"info","logger":"ngalert.sender.router","msg":"Sending alerts to local notifier","org_id":1,"rule_uid":"aeranuqh906wwa","t":"2025-12-19T11:38:10.019939173Z"}
{"count":1,"level":"info","logger":"ngalert.sender.router","msg":"Sending alerts to local notifier","org_id":1,"rule_uid":"bentlrwxs1534b","t":"2025-12-19T11:38:11.550911836Z"}
{"count":1,"level":"info","logger":"ngalert.sender.router","msg":"Sending alerts to local notifier","org_id":1,"rule_uid":"eepiaqdm333lse","t":"2025-12-19T11:38:16.164903955Z"}
{"count":2,"level":"info","logger":"ngalert.sender.router","msg":"Sending alerts to local notifier","org_id":1,"rule_uid":"aeranuqh906wwa","t":"2025-12-19T11:39:10.017619735Z"}
{"count":1,"level":"info","logger":"ngalert.sender.router","msg":"Sending alerts to local notifier","org_id":1,"rule_uid":"bentlrwxs1534b","t":"2025-12-19T11:39:11.549622529Z"}
{"count":1,"level":"info","logger":"ngalert.sender.router","msg":"Sending alerts to local notifier","org_id":1,"rule_uid":"eepiaqdm333lse","t":"2025-12-19T11:39:16.165194322Z"}
{"count":2,"level":"info","logger":"ngalert.sender.router","msg":"Sending alerts to local notifier","org_id":1,"rule_uid":"aeranuqh906wwa","t":"2025-12-19T11:40:10.021187448Z"}
{"count":1,"level":"info","logger":"ngalert.sender.router","msg":"Sending alerts to local notifier","org_id":1,"rule_uid":"bentlrwxs1534b","t":"2025-12-19T11:40:11.550342565Z"}
{"count":1,"level":"info","logger":"ngalert.sender.router","msg":"Sending alerts to local notifier","org_id":1,"rule_uid":"eepiaqdm333lse","t":"2025-12-19T11:40:16.165495909Z"}
{"count":2,"level":"info","logger":"ngalert.sender.router","msg":"Sending alerts to local notifier","org_id":1,"rule_uid":"aeranuqh906wwa","t":"2025-12-19T11:41:10.021347547Z"}
{"count":1,"level":"info","logger":"ngalert.sender.router","msg":"Sending alerts to local notifier","org_id":1,"rule_uid":"bentlrwxs1534b","t":"2025-12-19T11:41:11.550871679Z"}
{"count":1,"level":"info","logger":"ngalert.sender.router","msg":"Sending alerts to local notifier","org_id":1,"rule_uid":"eepiaqdm333lse","t":"2025-12-19T11:41:16.16881249Z"}
{"count":2,"level":"info","logger":"ngalert.sender.router","msg":"Sending alerts to local notifier","org_id":1,"rule_uid":"aeranuqh906wwa","t":"2025-12-19T11:42:10.023600291Z"}
{"count":1,"level":"info","logger":"ngalert.sender.router","msg":"Sending alerts to local notifier","org_id":1,"rule_uid":"bentlrwxs1534b","t":"2025-12-19T11:42:11.551257277Z"}
{"count":1,"level":"info","logger":"ngalert.sender.router","msg":"Sending alerts to local notifier","org_id":1,"rule_uid":"eepiaqdm333lse","t":"2025-12-19T11:42:16.170290437Z"}
{"count":2,"level":"info","logger":"ngalert.sender.router","msg":"Sending alerts to local notifier","org_id":1,"rule_uid":"aeranuqh906wwa","t":"2025-12-19T11:43:10.021317937Z"}
{"count":1,"level":"info","logger":"ngalert.sender.router","msg":"Sending alerts to local notifier","org_id":1,"rule_uid":"bentlrwxs1534b","t":"2025-12-19T11:43:11.550055338Z"}
{"count":1,"level":"info","logger":"ngalert.sender.router","msg":"Sending alerts to local notifier","org_id":1,"rule_uid":"eepiaqdm333lse","t":"2025-12-19T11:43:16.169967431Z"}
{"duration":"4.067686ms","level":"info","logger":"cleanup","msg":"Completed cleanup jobs","t":"2025-12-19T11:44:08.381768679Z"}
{"duration":"229.340282ms","level":"info","logger":"plugins.update.checker","msg":"Update check succeeded","t":"2025-12-19T11:44:09.044944469Z"}
{"count":2,"level":"info","logger":"ngalert.sender.router","msg":"Sending alerts to local notifier","org_id":1,"rule_uid":"aeranuqh906wwa","t":"2025-12-19T11:44:10.01937565Z"}
{"count":1,"level":"info","logger":"ngalert.sender.router","msg":"Sending alerts to local notifier","org_id":1,"rule_uid":"bentlrwxs1534b","t":"2025-12-19T11:44:11.551783005Z"}
{"count":1,"level":"info","logger":"ngalert.sender.router","msg":"Sending alerts to local notifier","org_id":1,"rule_uid":"eepiaqdm333lse","t":"2025-12-19T11:44:16.166268766Z"}
{"count":2,"level":"info","logger":"ngalert.sender.router","msg":"Sending alerts to local notifier","org_id":1,"rule_uid":"aeranuqh906wwa","t":"2025-12-19T11:45:10.020383243Z"}
{"count":1,"level":"info","logger":"ngalert.sender.router","msg":"Sending alerts to local notifier","org_id":1,"rule_uid":"bentlrwxs1534b","t":"2025-12-19T11:45:11.55038782Z"}
{"count":1,"level":"info","logger":"ngalert.sender.router","msg":"Sending alerts to local notifier","org_id":1,"rule_uid":"eepiaqdm333lse","t":"2025-12-19T11:45:16.170215846Z"}
{"count":2,"level":"info","logger":"ngalert.sender.router","msg":"Sending alerts to local notifier","org_id":1,"rule_uid":"aeranuqh906wwa","t":"2025-12-19T11:46:10.022164261Z"}
{"count":1,"level":"info","logger":"ngalert.sender.router","msg":"Sending alerts to local notifier","org_id":1,"rule_uid":"bentlrwxs1534b","t":"2025-12-19T11:46:11.550194027Z"}
{"count":1,"level":"info","logger":"ngalert.sender.router","msg":"Sending alerts to local notifier","org_id":1,"rule_uid":"eepiaqdm333lse","t":"2025-12-19T11:46:16.165387794Z"}
{"count":2,"level":"info","logger":"ngalert.sender.router","msg":"Sending alerts to local notifier","org_id":1,"rule_uid":"aeranuqh906wwa","t":"2025-12-19T11:47:10.020449725Z"}
{"count":1,"level":"info","logger":"ngalert.sender.router","msg":"Sending alerts to local notifier","org_id":1,"rule_uid":"bentlrwxs1534b","t":"2025-12-19T11:47:11.551012447Z"}
{"count":1,"level":"info","logger":"ngalert.sender.router","msg":"Sending alerts to local notifier","org_id":1,"rule_uid":"eepiaqdm333lse","t":"2025-12-19T11:47:16.171128928Z"}
{"count":2,"level":"info","logger":"ngalert.sender.router","msg":"Sending alerts to local notifier","org_id":1,"rule_uid":"aeranuqh906wwa","t":"2025-12-19T11:48:10.021250062Z"}
{"count":1,"level":"info","logger":"ngalert.sender.router","msg":"Sending alerts to local notifier","org_id":1,"rule_uid":"bentlrwxs1534b","t":"2025-12-19T11:48:11.551390333Z"}
{"count":1,"level":"info","logger":"ngalert.sender.router","msg":"Sending alerts to local notifier","org_id":1,"rule_uid":"eepiaqdm333lse","t":"2025-12-19T11:48:16.167996242Z"}
{"count":2,"level":"info","logger":"ngalert.sender.router","msg":"Sending alerts to local notifier","org_id":1,"rule_uid":"aeranuqh906wwa","t":"2025-12-19T11:49:10.023972657Z"}
{"count":1,"level":"info","logger":"ngalert.sender.router","msg":"Sending alerts to local notifier","org_id":1,"rule_uid":"bentlrwxs1534b","t":"2025-12-19T11:49:11.550355699Z"}
{"count":1,"level":"info","logger":"ngalert.sender.router","msg":"Sending alerts to local notifier","org_id":1,"rule_uid":"eepiaqdm333lse","t":"2025-12-19T11:49:16.165913022Z"}
{"count":2,"level":"info","logger":"ngalert.sender.router","msg":"Sending alerts to local notifier","org_id":1,"rule_uid":"aeranuqh906wwa","t":"2025-12-19T11:50:10.020521847Z"}
{"count":1,"level":"info","logger":"ngalert.sender.router","msg":"Sending alerts to local notifier","org_id":1,"rule_uid":"bentlrwxs1534b","t":"2025-12-19T11:50:11.550146178Z"}
{"count":1,"level":"info","logger":"ngalert.sender.router","msg":"Sending alerts to local notifier","org_id":1,"rule_uid":"eepiaqdm333lse","t":"2025-12-19T11:50:16.16589685Z"}
{"count":2,"level":"info","logger":"ngalert.sender.router","msg":"Sending alerts to local notifier","org_id":1,"rule_uid":"aeranuqh906wwa","t":"2025-12-19T11:51:10.02072555Z"}
{"count":1,"level":"info","logger":"ngalert.sender.router","msg":"Sending alerts to local notifier","org_id":1,"rule_uid":"bentlrwxs1534b","t":"2025-12-19T11:51:11.551520147Z"}
{"count":1,"level":"info","logger":"ngalert.sender.router","msg":"Sending alerts to local notifier","org_id":1,"rule_uid":"eepiaqdm333lse","t":"2025-12-19T11:51:16.16492779Z"}
{"count":2,"level":"info","logger":"ngalert.sender.router","msg":"Sending alerts to local notifier","org_id":1,"rule_uid":"aeranuqh906wwa","t":"2025-12-19T11:52:10.020235759Z"}
{"count":1,"level":"info","logger":"ngalert.sender.router","msg":"Sending alerts to local notifier","org_id":1,"rule_uid":"bentlrwxs1534b","t":"2025-12-19T11:52:11.551279085Z"}
{"count":1,"level":"info","logger":"ngalert.sender.router","msg":"Sending alerts to local notifier","org_id":1,"rule_uid":"eepiaqdm333lse","t":"2025-12-19T11:52:16.167085245Z"}
{"count":2,"level":"info","logger":"ngalert.sender.router","msg":"Sending alerts to local notifier","org_id":1,"rule_uid":"aeranuqh906wwa","t":"2025-12-19T11:53:10.021959358Z"}
{"count":1,"level":"info","logger":"ngalert.sender.router","msg":"Sending alerts to local notifier","org_id":1,"rule_uid":"bentlrwxs1534b","t":"2025-12-19T11:53:11.550050985Z"}
{"count":1,"level":"info","logger":"ngalert.sender.router","msg":"Sending alerts to local notifier","org_id":1,"rule_uid":"eepiaqdm333lse","t":"2025-12-19T11:53:16.166162299Z"}
{"duration":"4.436559ms","level":"info","logger":"cleanup","msg":"Completed cleanup jobs","t":"2025-12-19T11:54:08.381279068Z"}
{"duration":"231.678701ms","level":"info","logger":"plugins.update.checker","msg":"Update check succeeded","t":"2025-12-19T11:54:09.047134131Z"}
{"count":2,"level":"info","logger":"ngalert.sender.router","msg":"Sending alerts to local notifier","org_id":1,"rule_uid":"aeranuqh906wwa","t":"2025-12-19T11:54:10.019795373Z"}
{"count":1,"level":"info","logger":"ngalert.sender.router","msg":"Sending alerts to local notifier","org_id":1,"rule_uid":"bentlrwxs1534b","t":"2025-12-19T11:54:11.548374777Z"}
{"count":1,"level":"info","logger":"ngalert.sender.router","msg":"Sending alerts to local notifier","org_id":1,"rule_uid":"eepiaqdm333lse","t":"2025-12-19T11:54:16.166517662Z"}
{"count":2,"level":"info","logger":"ngalert.sender.router","msg":"Sending alerts to local notifier","org_id":1,"rule_uid":"aeranuqh906wwa","t":"2025-12-19T11:55:10.021139143Z"}
{"count":1,"level":"info","logger":"ngalert.sender.router","msg":"Sending alerts to local notifier","org_id":1,"rule_uid":"bentlrwxs1534b","t":"2025-12-19T11:55:11.552020457Z"}
{"count":1,"level":"info","logger":"ngalert.sender.router","msg":"Sending alerts to local notifier","org_id":1,"rule_uid":"eepiaqdm333lse","t":"2025-12-19T11:55:16.171992229Z"}
{"count":2,"level":"info","logger":"ngalert.sender.router","msg":"Sending alerts to local notifier","org_id":1,"rule_uid":"aeranuqh906wwa","t":"2025-12-19T11:56:10.021333139Z"}
{"count":1,"level":"info","logger":"ngalert.sender.router","msg":"Sending alerts to local notifier","org_id":1,"rule_uid":"bentlrwxs1534b","t":"2025-12-19T11:56:11.55068784Z"}
{"count":1,"level":"info","logger":"ngalert.sender.router","msg":"Sending alerts to local notifier","org_id":1,"rule_uid":"eepiaqdm333lse","t":"2025-12-19T11:56:16.166344516Z"}
{"count":2,"level":"info","logger":"ngalert.sender.router","msg":"Sending alerts to local notifier","org_id":1,"rule_uid":"aeranuqh906wwa","t":"2025-12-19T11:57:10.02048849Z"}
{"count":1,"level":"info","logger":"ngalert.sender.router","msg":"Sending alerts to local notifier","org_id":1,"rule_uid":"bentlrwxs1534b","t":"2025-12-19T11:57:11.55137752Z"}
{"count":1,"level":"info","logger":"ngalert.sender.router","msg":"Sending alerts to local notifier","org_id":1,"rule_uid":"eepiaqdm333lse","t":"2025-12-19T11:57:16.167080238Z"}
{"count":2,"level":"info","logger":"ngalert.sender.router","msg":"Sending alerts to local notifier","org_id":1,"rule_uid":"aeranuqh906wwa","t":"2025-12-19T11:58:10.020597741Z"}
{"count":1,"level":"info","logger":"ngalert.sender.router","msg":"Sending alerts to local notifier","org_id":1,"rule_uid":"bentlrwxs1534b","t":"2025-12-19T11:58:11.550127676Z"}
{"count":1,"level":"info","logger":"ngalert.sender.router","msg":"Sending alerts to local notifier","org_id":1,"rule_uid":"eepiaqdm333lse","t":"2025-12-19T11:58:16.166554245Z"}
{"count":2,"level":"info","logger":"ngalert.sender.router","msg":"Sending alerts to local notifier","org_id":1,"rule_uid":"aeranuqh906wwa","t":"2025-12-19T11:59:10.019761596Z"}
{"count":1,"level":"info","logger":"ngalert.sender.router","msg":"Sending alerts to local notifier","org_id":1,"rule_uid":"bentlrwxs1534b","t":"2025-12-19T11:59:11.5505598Z"}
{"count":1,"level":"info","logger":"ngalert.sender.router","msg":"Sending alerts to local notifier","org_id":1,"rule_uid":"eepiaqdm333lse","t":"2025-12-19T11:59:16.164548562Z"}
{"count":2,"level":"info","logger":"ngalert.sender.router","msg":"Sending alerts to local notifier","org_id":1,"rule_uid":"aeranuqh906wwa","t":"2025-12-19T12:00:10.020523552Z"}
{"count":1,"level":"info","logger":"ngalert.sender.router","msg":"Sending alerts to local notifier","org_id":1,"rule_uid":"bentlrwxs1534b","t":"2025-12-19T12:00:11.549328648Z"}
{"count":1,"level":"info","logger":"ngalert.sender.router","msg":"Sending alerts to local notifier","org_id":1,"rule_uid":"eepiaqdm333lse","t":"2025-12-19T12:00:16.16722396Z"}
{"count":2,"level":"info","logger":"ngalert.sender.router","msg":"Sending alerts to local notifier","org_id":1,"rule_uid":"aeranuqh906wwa","t":"2025-12-19T12:01:10.02033172Z"}
{"count":1,"level":"info","logger":"ngalert.sender.router","msg":"Sending alerts to local notifier","org_id":1,"rule_uid":"bentlrwxs1534b","t":"2025-12-19T12:01:11.551540811Z"}
{"count":1,"level":"info","logger":"ngalert.sender.router","msg":"Sending alerts to local notifier","org_id":1,"rule_uid":"eepiaqdm333lse","t":"2025-12-19T12:01:16.166964783Z"}
{"count":2,"level":"info","logger":"ngalert.sender.router","msg":"Sending alerts to local notifier","org_id":1,"rule_uid":"aeranuqh906wwa","t":"2025-12-19T12:02:10.020444132Z"}
{"count":1,"level":"info","logger":"ngalert.sender.router","msg":"Sending alerts to local notifier","org_id":1,"rule_uid":"bentlrwxs1534b","t":"2025-12-19T12:02:11.551231109Z"}
{"count":1,"level":"info","logger":"ngalert.sender.router","msg":"Sending alerts to local notifier","org_id":1,"rule_uid":"eepiaqdm333lse","t":"2025-12-19T12:02:16.168856475Z"}
{"count":2,"level":"info","logger":"ngalert.sender.router","msg":"Sending alerts to local notifier","org_id":1,"rule_uid":"aeranuqh906wwa","t":"2025-12-19T12:03:10.020715105Z"}
{"count":1,"level":"info","logger":"ngalert.sender.router","msg":"Sending alerts to local notifier","org_id":1,"rule_uid":"bentlrwxs1534b","t":"2025-12-19T12:03:11.551066844Z"}
{"count":1,"level":"info","logger":"ngalert.sender.router","msg":"Sending alerts to local notifier","org_id":1,"rule_uid":"eepiaqdm333lse","t":"2025-12-19T12:03:16.169974868Z"}
{"duration":"5.138261ms","level":"info","logger":"cleanup","msg":"Completed cleanup jobs","t":"2025-12-19T12:04:08.381667042Z"}
{"duration":"223.936232ms","level":"info","logger":"plugins.update.checker","msg":"Update check succeeded","t":"2025-12-19T12:04:09.039025939Z"}
{"count":2,"level":"info","logger":"ngalert.sender.router","msg":"Sending alerts to local notifier","org_id":1,"rule_uid":"aeranuqh906wwa","t":"2025-12-19T12:04:10.021008433Z"}
{"count":1,"level":"info","logger":"ngalert.sender.router","msg":"Sending alerts to local notifier","org_id":1,"rule_uid":"bentlrwxs1534b","t":"2025-12-19T12:04:11.551079098Z"}
{"count":1,"level":"info","logger":"ngalert.sender.router","msg":"Sending alerts to local notifier","org_id":1,"rule_uid":"eepiaqdm333lse","t":"2025-12-19T12:04:16.167097305Z"}
{"count":2,"level":"info","logger":"ngalert.sender.router","msg":"Sending alerts to local notifier","org_id":1,"rule_uid":"aeranuqh906wwa","t":"2025-12-19T12:05:10.020493693Z"}
{"count":1,"level":"info","logger":"ngalert.sender.router","msg":"Sending alerts to local notifier","org_id":1,"rule_uid":"bentlrwxs1534b","t":"2025-12-19T12:05:11.550645701Z"}
{"count":1,"level":"info","logger":"ngalert.sender.router","msg":"Sending alerts to local notifier","org_id":1,"rule_uid":"eepiaqdm333lse","t":"2025-12-19T12:05:16.168214911Z"}
{"level":"info","logger":"infra.usagestats","msg":"Usage stats are ready to report","t":"2025-12-19T12:06:05.429327777Z"}
{"count":2,"level":"info","logger":"ngalert.sender.router","msg":"Sending alerts to local notifier","org_id":1,"rule_uid":"aeranuqh906wwa","t":"2025-12-19T12:06:10.02201159Z"}
{"count":1,"level":"info","logger":"ngalert.sender.router","msg":"Sending alerts to local notifier","org_id":1,"rule_uid":"bentlrwxs1534b","t":"2025-12-19T12:06:11.550091755Z"}
{"count":1,"level":"info","logger":"ngalert.sender.router","msg":"Sending alerts to local notifier","org_id":1,"rule_uid":"eepiaqdm333lse","t":"2025-12-19T12:06:16.168188346Z"}
{"count":2,"level":"info","logger":"ngalert.sender.router","msg":"Sending alerts to local notifier","org_id":1,"rule_uid":"aeranuqh906wwa","t":"2025-12-19T12:07:10.019768147Z"}
{"count":1,"level":"info","logger":"ngalert.sender.router","msg":"Sending alerts to local notifier","org_id":1,"rule_uid":"bentlrwxs1534b","t":"2025-12-19T12:07:11.549927813Z"}
{"count":1,"level":"info","logger":"ngalert.sender.router","msg":"Sending alerts to local notifier","org_id":1,"rule_uid":"eepiaqdm333lse","t":"2025-12-19T12:07:16.170256019Z"}
{"count":2,"level":"info","logger":"ngalert.sender.router","msg":"Sending alerts to local notifier","org_id":1,"rule_uid":"aeranuqh906wwa","t":"2025-12-19T12:08:10.019886519Z"}
{"count":1,"level":"info","logger":"ngalert.sender.router","msg":"Sending alerts to local notifier","org_id":1,"rule_uid":"bentlrwxs1534b","t":"2025-12-19T12:08:11.549965268Z"}
{"count":1,"level":"info","logger":"ngalert.sender.router","msg":"Sending alerts to local notifier","org_id":1,"rule_uid":"eepiaqdm333lse","t":"2025-12-19T12:08:16.166554899Z"}
{"count":2,"level":"info","logger":"ngalert.sender.router","msg":"Sending alerts to local notifier","org_id":1,"rule_uid":"aeranuqh906wwa","t":"2025-12-19T12:09:10.021415426Z"}
{"count":1,"level":"info","logger":"ngalert.sender.router","msg":"Sending alerts to local notifier","org_id":1,"rule_uid":"bentlrwxs1534b","t":"2025-12-19T12:09:11.552527191Z"}
{"count":1,"level":"info","logger":"ngalert.sender.router","msg":"Sending alerts to local notifier","org_id":1,"rule_uid":"eepiaqdm333lse","t":"2025-12-19T12:09:16.164779753Z"}
{"count":2,"level":"info","logger":"ngalert.sender.router","msg":"Sending alerts to local notifier","org_id":1,"rule_uid":"aeranuqh906wwa","t":"2025-12-19T12:10:10.021622494Z"}
{"count":1,"level":"info","logger":"ngalert.sender.router","msg":"Sending alerts to local notifier","org_id":1,"rule_uid":"bentlrwxs1534b","t":"2025-12-19T12:10:11.552647941Z"}
{"count":2,"level":"info","logger":"ngalert.sender.router","msg":"Sending alerts to local notifier","org_id":1,"rule_uid":"aeranuqh906wwa","t":"2025-12-19T12:11:10.020999332Z"}
{"count":1,"level":"info","logger":"ngalert.sender.router","msg":"Sending alerts to local notifier","org_id":1,"rule_uid":"bentlrwxs1534b","t":"2025-12-19T12:11:11.550377038Z"}
{"count":2,"level":"info","logger":"ngalert.sender.router","msg":"Sending alerts to local notifier","org_id":1,"rule_uid":"aeranuqh906wwa","t":"2025-12-19T12:12:10.019552799Z"}
{"count":1,"level":"info","logger":"ngalert.sender.router","msg":"Sending alerts to local notifier","org_id":1,"rule_uid":"bentlrwxs1534b","t":"2025-12-19T12:12:11.550633545Z"}
{"count":2,"level":"info","logger":"ngalert.sender.router","msg":"Sending alerts to local notifier","org_id":1,"rule_uid":"aeranuqh906wwa","t":"2025-12-19T12:13:10.022295042Z"}
{"count":1,"level":"info","logger":"ngalert.sender.router","msg":"Sending alerts to local notifier","org_id":1,"rule_uid":"bentlrwxs1534b","t":"2025-12-19T12:13:11.550916124Z"}
{"duration":"3.823546ms","level":"info","logger":"cleanup","msg":"Completed cleanup jobs","t":"2025-12-19T12:14:08.382466056Z"}
{"duration":"255.463671ms","level":"info","logger":"plugins.update.checker","msg":"Update check succeeded","t":"2025-12-19T12:14:09.070841466Z"}
{"count":2,"level":"info","logger":"ngalert.sender.router","msg":"Sending alerts to local notifier","org_id":1,"rule_uid":"aeranuqh906wwa","t":"2025-12-19T12:14:10.021001047Z"}
{"count":1,"level":"info","logger":"ngalert.sender.router","msg":"Sending alerts to local notifier","org_id":1,"rule_uid":"bentlrwxs1534b","t":"2025-12-19T12:14:11.551893514Z"}
{"count":2,"level":"info","logger":"ngalert.sender.router","msg":"Sending alerts to local notifier","org_id":1,"rule_uid":"aeranuqh906wwa","t":"2025-12-19T12:15:10.023078167Z"}
{"count":1,"level":"info","logger":"ngalert.sender.router","msg":"Sending alerts to local notifier","org_id":1,"rule_uid":"bentlrwxs1534b","t":"2025-12-19T12:15:11.551082474Z"}
{"count":2,"level":"info","logger":"ngalert.sender.router","msg":"Sending alerts to local notifier","org_id":1,"rule_uid":"aeranuqh906wwa","t":"2025-12-19T12:16:10.021861335Z"}
{"count":1,"level":"info","logger":"ngalert.sender.router","msg":"Sending alerts to local notifier","org_id":1,"rule_uid":"bentlrwxs1534b","t":"2025-12-19T12:16:11.553182271Z"}
{"count":2,"level":"info","logger":"ngalert.sender.router","msg":"Sending alerts to local notifier","org_id":1,"rule_uid":"aeranuqh906wwa","t":"2025-12-19T12:17:10.019030515Z"}
{"count":1,"level":"info","logger":"ngalert.sender.router","msg":"Sending alerts to local notifier","org_id":1,"rule_uid":"bentlrwxs1534b","t":"2025-12-19T12:17:11.551173541Z"}
{"count":2,"level":"info","logger":"ngalert.sender.router","msg":"Sending alerts to local notifier","org_id":1,"rule_uid":"aeranuqh906wwa","t":"2025-12-19T12:18:10.020174308Z"}
{"count":1,"level":"info","logger":"ngalert.sender.router","msg":"Sending alerts to local notifier","org_id":1,"rule_uid":"bentlrwxs1534b","t":"2025-12-19T12:18:11.552560886Z"}
{"count":2,"level":"info","logger":"ngalert.sender.router","msg":"Sending alerts to local notifier","org_id":1,"rule_uid":"aeranuqh906wwa","t":"2025-12-19T12:19:10.020527509Z"}
{"count":1,"level":"info","logger":"ngalert.sender.router","msg":"Sending alerts to local notifier","org_id":1,"rule_uid":"bentlrwxs1534b","t":"2025-12-19T12:19:11.551325756Z"}
{"count":2,"level":"info","logger":"ngalert.sender.router","msg":"Sending alerts to local notifier","org_id":1,"rule_uid":"aeranuqh906wwa","t":"2025-12-19T12:20:10.020590539Z"}
{"count":1,"level":"info","logger":"ngalert.sender.router","msg":"Sending alerts to local notifier","org_id":1,"rule_uid":"bentlrwxs1534b","t":"2025-12-19T12:20:11.550391882Z"}
{"count":2,"level":"info","logger":"ngalert.sender.router","msg":"Sending alerts to local notifier","org_id":1,"rule_uid":"aeranuqh906wwa","t":"2025-12-19T12:21:10.020054363Z"}
{"count":1,"level":"info","logger":"ngalert.sender.router","msg":"Sending alerts to local notifier","org_id":1,"rule_uid":"bentlrwxs1534b","t":"2025-12-19T12:21:11.550148318Z"}
{"count":2,"level":"info","logger":"ngalert.sender.router","msg":"Sending alerts to local notifier","org_id":1,"rule_uid":"aeranuqh906wwa","t":"2025-12-19T12:22:10.020300108Z"}
{"count":1,"level":"info","logger":"ngalert.sender.router","msg":"Sending alerts to local notifier","org_id":1,"rule_uid":"bentlrwxs1534b","t":"2025-12-19T12:22:11.551751135Z"}
{"count":2,"level":"info","logger":"ngalert.sender.router","msg":"Sending alerts to local notifier","org_id":1,"rule_uid":"aeranuqh906wwa","t":"2025-12-19T12:23:10.018589654Z"}
{"count":1,"level":"info","logger":"ngalert.sender.router","msg":"Sending alerts to local notifier","org_id":1,"rule_uid":"bentlrwxs1534b","t":"2025-12-19T12:23:11.551347839Z"}
{"duration":"5.153345ms","level":"info","logger":"cleanup","msg":"Completed cleanup jobs","t":"2025-12-19T12:24:08.381930372Z"}
{"duration":"217.869879ms","level":"info","logger":"plugins.update.checker","msg":"Update check succeeded","t":"2025-12-19T12:24:09.033510356Z"}
{"count":2,"level":"info","logger":"ngalert.sender.router","msg":"Sending alerts to local notifier","org_id":1,"rule_uid":"aeranuqh906wwa","t":"2025-12-19T12:24:10.020716423Z"}
{"count":1,"level":"info","logger":"ngalert.sender.router","msg":"Sending alerts to local notifier","org_id":1,"rule_uid":"bentlrwxs1534b","t":"2025-12-19T12:24:11.551139349Z"}
{"count":2,"level":"info","logger":"ngalert.sender.router","msg":"Sending alerts to local notifier","org_id":1,"rule_uid":"aeranuqh906wwa","t":"2025-12-19T12:25:10.019590307Z"}
{"count":1,"level":"info","logger":"ngalert.sender.router","msg":"Sending alerts to local notifier","org_id":1,"rule_uid":"bentlrwxs1534b","t":"2025-12-19T12:25:11.548945892Z"}
{"count":2,"level":"info","logger":"ngalert.sender.router","msg":"Sending alerts to local notifier","org_id":1,"rule_uid":"aeranuqh906wwa","t":"2025-12-19T12:26:10.022768256Z"}
{"count":1,"level":"info","logger":"ngalert.sender.router","msg":"Sending alerts to local notifier","org_id":1,"rule_uid":"bentlrwxs1534b","t":"2025-12-19T12:26:11.550046971Z"}
{"count":2,"level":"info","logger":"ngalert.sender.router","msg":"Sending alerts to local notifier","org_id":1,"rule_uid":"aeranuqh906wwa","t":"2025-12-19T12:27:10.021227699Z"}
{"count":1,"level":"info","logger":"ngalert.sender.router","msg":"Sending alerts to local notifier","org_id":1,"rule_uid":"bentlrwxs1534b","t":"2025-12-19T12:27:11.552474664Z"}
{"count":2,"level":"info","logger":"ngalert.sender.router","msg":"Sending alerts to local notifier","org_id":1,"rule_uid":"aeranuqh906wwa","t":"2025-12-19T12:28:10.019801655Z"}
{"count":1,"level":"info","logger":"ngalert.sender.router","msg":"Sending alerts to local notifier","org_id":1,"rule_uid":"bentlrwxs1534b","t":"2025-12-19T12:28:11.549475341Z"}
{"count":2,"level":"info","logger":"ngalert.sender.router","msg":"Sending alerts to local notifier","org_id":1,"rule_uid":"aeranuqh906wwa","t":"2025-12-19T12:29:10.020602964Z"}
{"count":1,"level":"info","logger":"ngalert.sender.router","msg":"Sending alerts to local notifier","org_id":1,"rule_uid":"bentlrwxs1534b","t":"2025-12-19T12:29:11.55044728Z"}
{"count":2,"level":"info","logger":"ngalert.sender.router","msg":"Sending alerts to local notifier","org_id":1,"rule_uid":"aeranuqh906wwa","t":"2025-12-19T12:30:10.019783336Z"}
{"count":1,"level":"info","logger":"ngalert.sender.router","msg":"Sending alerts to local notifier","org_id":1,"rule_uid":"bentlrwxs1534b","t":"2025-12-19T12:30:11.551083696Z"}
{"count":2,"level":"info","logger":"ngalert.sender.router","msg":"Sending alerts to local notifier","org_id":1,"rule_uid":"aeranuqh906wwa","t":"2025-12-19T12:31:10.020078914Z"}
{"count":1,"level":"info","logger":"ngalert.sender.router","msg":"Sending alerts to local notifier","org_id":1,"rule_uid":"bentlrwxs1534b","t":"2025-12-19T12:31:11.551592977Z"}
{"count":2,"level":"info","logger":"ngalert.sender.router","msg":"Sending alerts to local notifier","org_id":1,"rule_uid":"aeranuqh906wwa","t":"2025-12-19T12:32:10.024099136Z"}
{"count":1,"level":"info","logger":"ngalert.sender.router","msg":"Sending alerts to local notifier","org_id":1,"rule_uid":"bentlrwxs1534b","t":"2025-12-19T12:32:11.551020311Z"}
{"count":2,"level":"info","logger":"ngalert.sender.router","msg":"Sending alerts to local notifier","org_id":1,"rule_uid":"aeranuqh906wwa","t":"2025-12-19T12:33:10.024210583Z"}
{"count":1,"level":"info","logger":"ngalert.sender.router","msg":"Sending alerts to local notifier","org_id":1,"rule_uid":"bentlrwxs1534b","t":"2025-12-19T12:33:11.549575064Z"}
{"duration":"3.941611ms","level":"info","logger":"cleanup","msg":"Completed cleanup jobs","t":"2025-12-19T12:34:08.380677405Z"}
{"duration":"220.196539ms","level":"info","logger":"plugins.update.checker","msg":"Update check succeeded","t":"2025-12-19T12:34:09.035354286Z"}
{"count":2,"level":"info","logger":"ngalert.sender.router","msg":"Sending alerts to local notifier","org_id":1,"rule_uid":"aeranuqh906wwa","t":"2025-12-19T12:34:10.020485078Z"}
{"count":1,"level":"info","logger":"ngalert.sender.router","msg":"Sending alerts to local notifier","org_id":1,"rule_uid":"bentlrwxs1534b","t":"2025-12-19T12:34:11.550071218Z"}
{"count":2,"level":"info","logger":"ngalert.sender.router","msg":"Sending alerts to local notifier","org_id":1,"rule_uid":"aeranuqh906wwa","t":"2025-12-19T12:35:10.020287292Z"}
{"count":1,"level":"info","logger":"ngalert.sender.router","msg":"Sending alerts to local notifier","org_id":1,"rule_uid":"bentlrwxs1534b","t":"2025-12-19T12:35:11.550318046Z"}
{"level":"info","logger":"infra.usagestats","msg":"Usage stats are ready to report","t":"2025-12-19T12:36:05.428293607Z"}
{"count":2,"level":"info","logger":"ngalert.sender.router","msg":"Sending alerts to local notifier","org_id":1,"rule_uid":"aeranuqh906wwa","t":"2025-12-19T12:36:10.022271038Z"}
{"count":1,"level":"info","logger":"ngalert.sender.router","msg":"Sending alerts to local notifier","org_id":1,"rule_uid":"bentlrwxs1534b","t":"2025-12-19T12:36:11.550824518Z"}
{"count":2,"level":"info","logger":"ngalert.sender.router","msg":"Sending alerts to local notifier","org_id":1,"rule_uid":"aeranuqh906wwa","t":"2025-12-19T12:37:10.020808999Z"}
{"count":1,"level":"info","logger":"ngalert.sender.router","msg":"Sending alerts to local notifier","org_id":1,"rule_uid":"bentlrwxs1534b","t":"2025-12-19T12:37:11.550501024Z"}
{"count":2,"level":"info","logger":"ngalert.sender.router","msg":"Sending alerts to local notifier","org_id":1,"rule_uid":"aeranuqh906wwa","t":"2025-12-19T12:38:10.02255981Z"}
{"count":1,"level":"info","logger":"ngalert.sender.router","msg":"Sending alerts to local notifier","org_id":1,"rule_uid":"bentlrwxs1534b","t":"2025-12-19T12:38:11.550228287Z"}
{"count":2,"level":"info","logger":"ngalert.sender.router","msg":"Sending alerts to local notifier","org_id":1,"rule_uid":"aeranuqh906wwa","t":"2025-12-19T12:39:10.019840341Z"}
{"count":1,"level":"info","logger":"ngalert.sender.router","msg":"Sending alerts to local notifier","org_id":1,"rule_uid":"bentlrwxs1534b","t":"2025-12-19T12:39:11.55040702Z"}
{"count":2,"level":"info","logger":"ngalert.sender.router","msg":"Sending alerts to local notifier","org_id":1,"rule_uid":"aeranuqh906wwa","t":"2025-12-19T12:40:10.02119135Z"}
{"count":1,"level":"info","logger":"ngalert.sender.router","msg":"Sending alerts to local notifier","org_id":1,"rule_uid":"bentlrwxs1534b","t":"2025-12-19T12:40:11.550053885Z"}
{"count":2,"level":"info","logger":"ngalert.sender.router","msg":"Sending alerts to local notifier","org_id":1,"rule_uid":"aeranuqh906wwa","t":"2025-12-19T12:41:10.022698447Z"}
{"count":1,"level":"info","logger":"ngalert.sender.router","msg":"Sending alerts to local notifier","org_id":1,"rule_uid":"bentlrwxs1534b","t":"2025-12-19T12:41:11.550959076Z"}
{"count":2,"level":"info","logger":"ngalert.sender.router","msg":"Sending alerts to local notifier","org_id":1,"rule_uid":"aeranuqh906wwa","t":"2025-12-19T12:42:10.021442117Z"}
{"count":1,"level":"info","logger":"ngalert.sender.router","msg":"Sending alerts to local notifier","org_id":1,"rule_uid":"bentlrwxs1534b","t":"2025-12-19T12:42:11.550698103Z"}
{"count":2,"level":"info","logger":"ngalert.sender.router","msg":"Sending alerts to local notifier","org_id":1,"rule_uid":"aeranuqh906wwa","t":"2025-12-19T12:43:10.021364366Z"}
{"count":1,"level":"info","logger":"ngalert.sender.router","msg":"Sending alerts to local notifier","org_id":1,"rule_uid":"bentlrwxs1534b","t":"2025-12-19T12:43:11.550841318Z"}
{"duration":"4.23089ms","level":"info","logger":"cleanup","msg":"Completed cleanup jobs","t":"2025-12-19T12:44:08.381049515Z"}
{"duration":"216.627744ms","level":"info","logger":"plugins.update.checker","msg":"Update check succeeded","t":"2025-12-19T12:44:09.032403191Z"}
{"count":2,"level":"info","logger":"ngalert.sender.router","msg":"Sending alerts to local notifier","org_id":1,"rule_uid":"aeranuqh906wwa","t":"2025-12-19T12:44:10.020272195Z"}
{"count":1,"level":"info","logger":"ngalert.sender.router","msg":"Sending alerts to local notifier","org_id":1,"rule_uid":"bentlrwxs1534b","t":"2025-12-19T12:44:11.549780263Z"}
{"count":2,"level":"info","logger":"ngalert.sender.router","msg":"Sending alerts to local notifier","org_id":1,"rule_uid":"aeranuqh906wwa","t":"2025-12-19T12:45:10.022393819Z"}
{"count":1,"level":"info","logger":"ngalert.sender.router","msg":"Sending alerts to local notifier","org_id":1,"rule_uid":"bentlrwxs1534b","t":"2025-12-19T12:45:11.550089164Z"}
{"count":2,"level":"info","logger":"ngalert.sender.router","msg":"Sending alerts to local notifier","org_id":1,"rule_uid":"aeranuqh906wwa","t":"2025-12-19T12:46:10.018940955Z"}
{"count":1,"level":"info","logger":"ngalert.sender.router","msg":"Sending alerts to local notifier","org_id":1,"rule_uid":"bentlrwxs1534b","t":"2025-12-19T12:46:11.550014229Z"}
{"count":2,"level":"info","logger":"ngalert.sender.router","msg":"Sending alerts to local notifier","org_id":1,"rule_uid":"aeranuqh906wwa","t":"2025-12-19T12:47:10.020136937Z"}
{"count":1,"level":"info","logger":"ngalert.sender.router","msg":"Sending alerts to local notifier","org_id":1,"rule_uid":"bentlrwxs1534b","t":"2025-12-19T12:47:11.550329245Z"}
{"count":2,"level":"info","logger":"ngalert.sender.router","msg":"Sending alerts to local notifier","org_id":1,"rule_uid":"aeranuqh906wwa","t":"2025-12-19T12:48:10.019873955Z"}
{"count":1,"level":"info","logger":"ngalert.sender.router","msg":"Sending alerts to local notifier","org_id":1,"rule_uid":"bentlrwxs1534b","t":"2025-12-19T12:48:11.549366521Z"}
{"count":2,"level":"info","logger":"ngalert.sender.router","msg":"Sending alerts to local notifier","org_id":1,"rule_uid":"aeranuqh906wwa","t":"2025-12-19T12:49:10.021465586Z"}
{"count":1,"level":"info","logger":"ngalert.sender.router","msg":"Sending alerts to local notifier","org_id":1,"rule_uid":"bentlrwxs1534b","t":"2025-12-19T12:49:11.549223581Z"}
{"count":2,"level":"info","logger":"ngalert.sender.router","msg":"Sending alerts to local notifier","org_id":1,"rule_uid":"aeranuqh906wwa","t":"2025-12-19T12:50:10.020311338Z"}
{"count":1,"level":"info","logger":"ngalert.sender.router","msg":"Sending alerts to local notifier","org_id":1,"rule_uid":"bentlrwxs1534b","t":"2025-12-19T12:50:11.551353475Z"}
{"count":2,"level":"info","logger":"ngalert.sender.router","msg":"Sending alerts to local notifier","org_id":1,"rule_uid":"aeranuqh906wwa","t":"2025-12-19T12:51:10.020618225Z"}
{"count":1,"level":"info","logger":"ngalert.sender.router","msg":"Sending alerts to local notifier","org_id":1,"rule_uid":"bentlrwxs1534b","t":"2025-12-19T12:51:11.550421792Z"}
{"count":2,"level":"info","logger":"ngalert.sender.router","msg":"Sending alerts to local notifier","org_id":1,"rule_uid":"aeranuqh906wwa","t":"2025-12-19T12:52:10.02669667Z"}
{"count":1,"level":"info","logger":"ngalert.sender.router","msg":"Sending alerts to local notifier","org_id":1,"rule_uid":"bentlrwxs1534b","t":"2025-12-19T12:52:11.551098779Z"}
{"count":2,"level":"info","logger":"ngalert.sender.router","msg":"Sending alerts to local notifier","org_id":1,"rule_uid":"aeranuqh906wwa","t":"2025-12-19T12:53:10.019260409Z"}
{"count":1,"level":"info","logger":"ngalert.sender.router","msg":"Sending alerts to local notifier","org_id":1,"rule_uid":"bentlrwxs1534b","t":"2025-12-19T12:53:11.551203316Z"}
{"duration":"4.249793ms","level":"info","logger":"cleanup","msg":"Completed cleanup jobs","t":"2025-12-19T12:54:08.381738277Z"}
{"duration":"221.507271ms","level":"info","logger":"plugins.update.checker","msg":"Update check succeeded","t":"2025-12-19T12:54:09.036525711Z"}
{"count":2,"level":"info","logger":"ngalert.sender.router","msg":"Sending alerts to local notifier","org_id":1,"rule_uid":"aeranuqh906wwa","t":"2025-12-19T12:54:10.020059574Z"}
{"count":1,"level":"info","logger":"ngalert.sender.router","msg":"Sending alerts to local notifier","org_id":1,"rule_uid":"bentlrwxs1534b","t":"2025-12-19T12:54:11.549121139Z"}
{"count":2,"level":"info","logger":"ngalert.sender.router","msg":"Sending alerts to local notifier","org_id":1,"rule_uid":"aeranuqh906wwa","t":"2025-12-19T12:55:10.021909681Z"}
{"count":1,"level":"info","logger":"ngalert.sender.router","msg":"Sending alerts to local notifier","org_id":1,"rule_uid":"bentlrwxs1534b","t":"2025-12-19T12:55:11.551821329Z"}
{"count":2,"level":"info","logger":"ngalert.sender.router","msg":"Sending alerts to local notifier","org_id":1,"rule_uid":"aeranuqh906wwa","t":"2025-12-19T12:56:10.02108252Z"}
{"count":1,"level":"info","logger":"ngalert.sender.router","msg":"Sending alerts to local notifier","org_id":1,"rule_uid":"bentlrwxs1534b","t":"2025-12-19T12:56:11.553144639Z"}
{"count":2,"level":"info","logger":"ngalert.sender.router","msg":"Sending alerts to local notifier","org_id":1,"rule_uid":"aeranuqh906wwa","t":"2025-12-19T12:57:10.020573386Z"}
{"count":1,"level":"info","logger":"ngalert.sender.router","msg":"Sending alerts to local notifier","org_id":1,"rule_uid":"bentlrwxs1534b","t":"2025-12-19T12:57:11.548995502Z"}
{"count":2,"level":"info","logger":"ngalert.sender.router","msg":"Sending alerts to local notifier","org_id":1,"rule_uid":"aeranuqh906wwa","t":"2025-12-19T12:58:10.022165767Z"}
{"count":1,"level":"info","logger":"ngalert.sender.router","msg":"Sending alerts to local notifier","org_id":1,"rule_uid":"bentlrwxs1534b","t":"2025-12-19T12:58:11.549094199Z"}
{"count":2,"level":"info","logger":"ngalert.sender.router","msg":"Sending alerts to local notifier","org_id":1,"rule_uid":"aeranuqh906wwa","t":"2025-12-19T12:59:10.02344616Z"}
{"count":1,"level":"info","logger":"ngalert.sender.router","msg":"Sending alerts to local notifier","org_id":1,"rule_uid":"bentlrwxs1534b","t":"2025-12-19T12:59:11.550489445Z"}
{"count":2,"level":"info","logger":"ngalert.sender.router","msg":"Sending alerts to local notifier","org_id":1,"rule_uid":"aeranuqh906wwa","t":"2025-12-19T13:00:10.02112331Z"}
{"count":1,"level":"info","logger":"ngalert.sender.router","msg":"Sending alerts to local notifier","org_id":1,"rule_uid":"bentlrwxs1534b","t":"2025-12-19T13:00:11.552698199Z"}
{"count":2,"level":"info","logger":"ngalert.sender.router","msg":"Sending alerts to local notifier","org_id":1,"rule_uid":"aeranuqh906wwa","t":"2025-12-19T13:01:10.019280361Z"}
{"count":1,"level":"info","logger":"ngalert.sender.router","msg":"Sending alerts to local notifier","org_id":1,"rule_uid":"bentlrwxs1534b","t":"2025-12-19T13:01:11.549036054Z"}
{"count":2,"level":"info","logger":"ngalert.sender.router","msg":"Sending alerts to local notifier","org_id":1,"rule_uid":"aeranuqh906wwa","t":"2025-12-19T13:02:10.022520288Z"}
{"count":1,"level":"info","logger":"ngalert.sender.router","msg":"Sending alerts to local notifier","org_id":1,"rule_uid":"bentlrwxs1534b","t":"2025-12-19T13:02:11.551506119Z"}
{"count":2,"level":"info","logger":"ngalert.sender.router","msg":"Sending alerts to local notifier","org_id":1,"rule_uid":"aeranuqh906wwa","t":"2025-12-19T13:03:10.024033419Z"}
{"count":1,"level":"info","logger":"ngalert.sender.router","msg":"Sending alerts to local notifier","org_id":1,"rule_uid":"bentlrwxs1534b","t":"2025-12-19T13:03:11.550498746Z"}
{"duration":"3.787681ms","level":"info","logger":"cleanup","msg":"Completed cleanup jobs","t":"2025-12-19T13:04:08.380994775Z"}
{"duration":"217.801488ms","level":"info","logger":"plugins.update.checker","msg":"Update check succeeded","t":"2025-12-19T13:04:09.03337174Z"}
{"count":2,"level":"info","logger":"ngalert.sender.router","msg":"Sending alerts to local notifier","org_id":1,"rule_uid":"aeranuqh906wwa","t":"2025-12-19T13:04:10.019700839Z"}
{"count":1,"level":"info","logger":"ngalert.sender.router","msg":"Sending alerts to local notifier","org_id":1,"rule_uid":"bentlrwxs1534b","t":"2025-12-19T13:04:11.550378312Z"}
{"count":2,"level":"info","logger":"ngalert.sender.router","msg":"Sending alerts to local notifier","org_id":1,"rule_uid":"aeranuqh906wwa","t":"2025-12-19T13:05:10.020095476Z"}
{"count":1,"level":"info","logger":"ngalert.sender.router","msg":"Sending alerts to local notifier","org_id":1,"rule_uid":"bentlrwxs1534b","t":"2025-12-19T13:05:11.551090496Z"}
{"level":"info","logger":"infra.usagestats","msg":"Usage stats are ready to report","t":"2025-12-19T13:06:05.429692789Z"}
{"count":2,"level":"info","logger":"ngalert.sender.router","msg":"Sending alerts to local notifier","org_id":1,"rule_uid":"aeranuqh906wwa","t":"2025-12-19T13:06:10.022616234Z"}
{"count":1,"level":"info","logger":"ngalert.sender.router","msg":"Sending alerts to local notifier","org_id":1,"rule_uid":"bentlrwxs1534b","t":"2025-12-19T13:06:11.551832226Z"}
{"count":2,"level":"info","logger":"ngalert.sender.router","msg":"Sending alerts to local notifier","org_id":1,"rule_uid":"aeranuqh906wwa","t":"2025-12-19T13:07:10.022398354Z"}
{"count":1,"level":"info","logger":"ngalert.sender.router","msg":"Sending alerts to local notifier","org_id":1,"rule_uid":"bentlrwxs1534b","t":"2025-12-19T13:07:11.548872983Z"}
{"count":2,"level":"info","logger":"ngalert.sender.router","msg":"Sending alerts to local notifier","org_id":1,"rule_uid":"aeranuqh906wwa","t":"2025-12-19T13:08:10.02004016Z"}
{"count":1,"level":"info","logger":"ngalert.sender.router","msg":"Sending alerts to local notifier","org_id":1,"rule_uid":"bentlrwxs1534b","t":"2025-12-19T13:08:11.550270975Z"}
{"count":2,"level":"info","logger":"ngalert.sender.router","msg":"Sending alerts to local notifier","org_id":1,"rule_uid":"aeranuqh906wwa","t":"2025-12-19T13:09:10.021009624Z"}
{"count":1,"level":"info","logger":"ngalert.sender.router","msg":"Sending alerts to local notifier","org_id":1,"rule_uid":"bentlrwxs1534b","t":"2025-12-19T13:09:11.550567429Z"}
{"count":2,"level":"info","logger":"ngalert.sender.router","msg":"Sending alerts to local notifier","org_id":1,"rule_uid":"aeranuqh906wwa","t":"2025-12-19T13:10:10.021293102Z"}
{"count":1,"level":"info","logger":"ngalert.sender.router","msg":"Sending alerts to local notifier","org_id":1,"rule_uid":"bentlrwxs1534b","t":"2025-12-19T13:10:11.549066532Z"}
{"count":2,"level":"info","logger":"ngalert.sender.router","msg":"Sending alerts to local notifier","org_id":1,"rule_uid":"aeranuqh906wwa","t":"2025-12-19T13:11:10.021338161Z"}
{"count":1,"level":"info","logger":"ngalert.sender.router","msg":"Sending alerts to local notifier","org_id":1,"rule_uid":"bentlrwxs1534b","t":"2025-12-19T13:11:11.550277192Z"}
{"count":2,"level":"info","logger":"ngalert.sender.router","msg":"Sending alerts to local notifier","org_id":1,"rule_uid":"aeranuqh906wwa","t":"2025-12-19T13:12:10.024084682Z"}
{"count":1,"level":"info","logger":"ngalert.sender.router","msg":"Sending alerts to local notifier","org_id":1,"rule_uid":"bentlrwxs1534b","t":"2025-12-19T13:12:11.551683632Z"}
{"count":2,"level":"info","logger":"ngalert.sender.router","msg":"Sending alerts to local notifier","org_id":1,"rule_uid":"aeranuqh906wwa","t":"2025-12-19T13:13:10.019886169Z"}
{"count":1,"level":"info","logger":"ngalert.sender.router","msg":"Sending alerts to local notifier","org_id":1,"rule_uid":"bentlrwxs1534b","t":"2025-12-19T13:13:11.551260718Z"}
{"duration":"3.807345ms","level":"info","logger":"cleanup","msg":"Completed cleanup jobs","t":"2025-12-19T13:14:08.381715011Z"}
{"duration":"217.878091ms","level":"info","logger":"plugins.update.checker","msg":"Update check succeeded","t":"2025-12-19T13:14:09.033571488Z"}
{"count":2,"level":"info","logger":"ngalert.sender.router","msg":"Sending alerts to local notifier","org_id":1,"rule_uid":"aeranuqh906wwa","t":"2025-12-19T13:14:10.019743963Z"}
{"count":1,"level":"info","logger":"ngalert.sender.router","msg":"Sending alerts to local notifier","org_id":1,"rule_uid":"bentlrwxs1534b","t":"2025-12-19T13:14:11.551290979Z"}
{"count":2,"level":"info","logger":"ngalert.sender.router","msg":"Sending alerts to local notifier","org_id":1,"rule_uid":"aeranuqh906wwa","t":"2025-12-19T13:15:10.020434237Z"}
{"count":1,"level":"info","logger":"ngalert.sender.router","msg":"Sending alerts to local notifier","org_id":1,"rule_uid":"bentlrwxs1534b","t":"2025-12-19T13:15:11.550515279Z"}
{"count":2,"level":"info","logger":"ngalert.sender.router","msg":"Sending alerts to local notifier","org_id":1,"rule_uid":"aeranuqh906wwa","t":"2025-12-19T13:16:10.018500754Z"}
{"count":1,"level":"info","logger":"ngalert.sender.router","msg":"Sending alerts to local notifier","org_id":1,"rule_uid":"bentlrwxs1534b","t":"2025-12-19T13:16:11.550115777Z"}
{"count":1,"level":"info","logger":"ngalert.sender.router","msg":"Sending alerts to local notifier","org_id":1,"rule_uid":"eepiaqdm333lse","t":"2025-12-19T13:16:16.16547798Z"}
{"count":2,"level":"info","logger":"ngalert.sender.router","msg":"Sending alerts to local notifier","org_id":1,"rule_uid":"aeranuqh906wwa","t":"2025-12-19T13:17:10.02119281Z"}
{"count":1,"level":"info","logger":"ngalert.sender.router","msg":"Sending alerts to local notifier","org_id":1,"rule_uid":"bentlrwxs1534b","t":"2025-12-19T13:17:11.552477608Z"}
{"count":1,"level":"info","logger":"ngalert.sender.router","msg":"Sending alerts to local notifier","org_id":1,"rule_uid":"eepiaqdm333lse","t":"2025-12-19T13:17:16.167373824Z"}
{"count":2,"level":"info","logger":"ngalert.sender.router","msg":"Sending alerts to local notifier","org_id":1,"rule_uid":"aeranuqh906wwa","t":"2025-12-19T13:18:10.024368673Z"}
{"count":1,"level":"info","logger":"ngalert.sender.router","msg":"Sending alerts to local notifier","org_id":1,"rule_uid":"bentlrwxs1534b","t":"2025-12-19T13:18:11.549514039Z"}
{"count":1,"level":"info","logger":"ngalert.sender.router","msg":"Sending alerts to local notifier","org_id":1,"rule_uid":"eepiaqdm333lse","t":"2025-12-19T13:18:16.164943318Z"}
{"count":2,"level":"info","logger":"ngalert.sender.router","msg":"Sending alerts to local notifier","org_id":1,"rule_uid":"aeranuqh906wwa","t":"2025-12-19T13:19:10.022457838Z"}
{"count":1,"level":"info","logger":"ngalert.sender.router","msg":"Sending alerts to local notifier","org_id":1,"rule_uid":"bentlrwxs1534b","t":"2025-12-19T13:19:11.551718503Z"}
{"count":1,"level":"info","logger":"ngalert.sender.router","msg":"Sending alerts to local notifier","org_id":1,"rule_uid":"eepiaqdm333lse","t":"2025-12-19T13:19:16.165814528Z"}
{"count":2,"level":"info","logger":"ngalert.sender.router","msg":"Sending alerts to local notifier","org_id":1,"rule_uid":"aeranuqh906wwa","t":"2025-12-19T13:20:10.022389249Z"}
{"count":1,"level":"info","logger":"ngalert.sender.router","msg":"Sending alerts to local notifier","org_id":1,"rule_uid":"bentlrwxs1534b","t":"2025-12-19T13:20:11.554274689Z"}
{"count":1,"level":"info","logger":"ngalert.sender.router","msg":"Sending alerts to local notifier","org_id":1,"rule_uid":"eepiaqdm333lse","t":"2025-12-19T13:20:16.165597796Z"}
{"count":2,"level":"info","logger":"ngalert.sender.router","msg":"Sending alerts to local notifier","org_id":1,"rule_uid":"aeranuqh906wwa","t":"2025-12-19T13:21:10.020094941Z"}
{"count":1,"level":"info","logger":"ngalert.sender.router","msg":"Sending alerts to local notifier","org_id":1,"rule_uid":"bentlrwxs1534b","t":"2025-12-19T13:21:11.551188377Z"}
{"count":2,"level":"info","logger":"ngalert.sender.router","msg":"Sending alerts to local notifier","org_id":1,"rule_uid":"aeranuqh906wwa","t":"2025-12-19T13:22:10.02106681Z"}
{"count":1,"level":"info","logger":"ngalert.sender.router","msg":"Sending alerts to local notifier","org_id":1,"rule_uid":"bentlrwxs1534b","t":"2025-12-19T13:22:11.551206325Z"}
{"count":2,"level":"info","logger":"ngalert.sender.router","msg":"Sending alerts to local notifier","org_id":1,"rule_uid":"aeranuqh906wwa","t":"2025-12-19T13:23:10.020345756Z"}
{"count":1,"level":"info","logger":"ngalert.sender.router","msg":"Sending alerts to local notifier","org_id":1,"rule_uid":"bentlrwxs1534b","t":"2025-12-19T13:23:11.549810048Z"}
{"duration":"4.190828ms","level":"info","logger":"cleanup","msg":"Completed cleanup jobs","t":"2025-12-19T13:24:08.380702536Z"}
{"duration":"216.011201ms","level":"info","logger":"plugins.update.checker","msg":"Update check succeeded","t":"2025-12-19T13:24:09.03180927Z"}
{"count":2,"level":"info","logger":"ngalert.sender.router","msg":"Sending alerts to local notifier","org_id":1,"rule_uid":"aeranuqh906wwa","t":"2025-12-19T13:24:10.020470967Z"}
{"count":1,"level":"info","logger":"ngalert.sender.router","msg":"Sending alerts to local notifier","org_id":1,"rule_uid":"bentlrwxs1534b","t":"2025-12-19T13:24:11.550336471Z"}
{"count":1,"level":"info","logger":"ngalert.sender.router","msg":"Sending alerts to local notifier","org_id":1,"rule_uid":"eepiaqdm333lse","t":"2025-12-19T13:24:16.167321718Z"}
{"count":2,"level":"info","logger":"ngalert.sender.router","msg":"Sending alerts to local notifier","org_id":1,"rule_uid":"aeranuqh906wwa","t":"2025-12-19T13:25:10.021762332Z"}
{"count":1,"level":"info","logger":"ngalert.sender.router","msg":"Sending alerts to local notifier","org_id":1,"rule_uid":"bentlrwxs1534b","t":"2025-12-19T13:25:11.550694317Z"}
{"count":1,"level":"info","logger":"ngalert.sender.router","msg":"Sending alerts to local notifier","org_id":1,"rule_uid":"eepiaqdm333lse","t":"2025-12-19T13:25:16.167217588Z"}
{"count":2,"level":"info","logger":"ngalert.sender.router","msg":"Sending alerts to local notifier","org_id":1,"rule_uid":"aeranuqh906wwa","t":"2025-12-19T13:26:10.02211844Z"}
{"count":1,"level":"info","logger":"ngalert.sender.router","msg":"Sending alerts to local notifier","org_id":1,"rule_uid":"bentlrwxs1534b","t":"2025-12-19T13:26:11.551127626Z"}
{"count":1,"level":"info","logger":"ngalert.sender.router","msg":"Sending alerts to local notifier","org_id":1,"rule_uid":"eepiaqdm333lse","t":"2025-12-19T13:26:16.167654029Z"}
{"count":2,"level":"info","logger":"ngalert.sender.router","msg":"Sending alerts to local notifier","org_id":1,"rule_uid":"aeranuqh906wwa","t":"2025-12-19T13:27:10.021174968Z"}
{"count":1,"level":"info","logger":"ngalert.sender.router","msg":"Sending alerts to local notifier","org_id":1,"rule_uid":"bentlrwxs1534b","t":"2025-12-19T13:27:11.550763966Z"}
{"count":1,"level":"info","logger":"ngalert.sender.router","msg":"Sending alerts to local notifier","org_id":1,"rule_uid":"eepiaqdm333lse","t":"2025-12-19T13:27:16.168075135Z"}
{"count":2,"level":"info","logger":"ngalert.sender.router","msg":"Sending alerts to local notifier","org_id":1,"rule_uid":"aeranuqh906wwa","t":"2025-12-19T13:28:10.021731795Z"}
{"count":1,"level":"info","logger":"ngalert.sender.router","msg":"Sending alerts to local notifier","org_id":1,"rule_uid":"bentlrwxs1534b","t":"2025-12-19T13:28:11.550134005Z"}
{"count":2,"level":"info","logger":"ngalert.sender.router","msg":"Sending alerts to local notifier","org_id":1,"rule_uid":"aeranuqh906wwa","t":"2025-12-19T13:29:10.021605202Z"}
{"count":1,"level":"info","logger":"ngalert.sender.router","msg":"Sending alerts to local notifier","org_id":1,"rule_uid":"bentlrwxs1534b","t":"2025-12-19T13:29:11.550932224Z"}
{"count":1,"level":"info","logger":"ngalert.sender.router","msg":"Sending alerts to local notifier","org_id":1,"rule_uid":"eepiaqdm333lse","t":"2025-12-19T13:29:16.165540909Z"}
{"count":2,"level":"info","logger":"ngalert.sender.router","msg":"Sending alerts to local notifier","org_id":1,"rule_uid":"aeranuqh906wwa","t":"2025-12-19T13:30:10.019092787Z"}
{"count":1,"level":"info","logger":"ngalert.sender.router","msg":"Sending alerts to local notifier","org_id":1,"rule_uid":"bentlrwxs1534b","t":"2025-12-19T13:30:11.553232951Z"}
{"count":1,"level":"info","logger":"ngalert.sender.router","msg":"Sending alerts to local notifier","org_id":1,"rule_uid":"eepiaqdm333lse","t":"2025-12-19T13:30:16.166203779Z"}
{"count":2,"level":"info","logger":"ngalert.sender.router","msg":"Sending alerts to local notifier","org_id":1,"rule_uid":"aeranuqh906wwa","t":"2025-12-19T13:31:10.02053313Z"}
{"count":1,"level":"info","logger":"ngalert.sender.router","msg":"Sending alerts to local notifier","org_id":1,"rule_uid":"bentlrwxs1534b","t":"2025-12-19T13:31:11.549577571Z"}
{"count":1,"level":"info","logger":"ngalert.sender.router","msg":"Sending alerts to local notifier","org_id":1,"rule_uid":"eepiaqdm333lse","t":"2025-12-19T13:31:16.166488804Z"}
{"count":2,"level":"info","logger":"ngalert.sender.router","msg":"Sending alerts to local notifier","org_id":1,"rule_uid":"aeranuqh906wwa","t":"2025-12-19T13:32:10.02179813Z"}
{"count":1,"level":"info","logger":"ngalert.sender.router","msg":"Sending alerts to local notifier","org_id":1,"rule_uid":"bentlrwxs1534b","t":"2025-12-19T13:32:11.552810795Z"}
{"count":1,"level":"info","logger":"ngalert.sender.router","msg":"Sending alerts to local notifier","org_id":1,"rule_uid":"eepiaqdm333lse","t":"2025-12-19T13:32:16.164894592Z"}
{"count":2,"level":"info","logger":"ngalert.sender.router","msg":"Sending alerts to local notifier","org_id":1,"rule_uid":"aeranuqh906wwa","t":"2025-12-19T13:33:10.023048322Z"}
{"count":1,"level":"info","logger":"ngalert.sender.router","msg":"Sending alerts to local notifier","org_id":1,"rule_uid":"bentlrwxs1534b","t":"2025-12-19T13:33:11.553718256Z"}
{"duration":"3.778108ms","level":"info","logger":"cleanup","msg":"Completed cleanup jobs","t":"2025-12-19T13:34:08.381138003Z"}
{"duration":"215.484184ms","level":"info","logger":"plugins.update.checker","msg":"Update check succeeded","t":"2025-12-19T13:34:09.031214607Z"}
{"count":2,"level":"info","logger":"ngalert.sender.router","msg":"Sending alerts to local notifier","org_id":1,"rule_uid":"aeranuqh906wwa","t":"2025-12-19T13:34:10.021182072Z"}
{"count":1,"level":"info","logger":"ngalert.sender.router","msg":"Sending alerts to local notifier","org_id":1,"rule_uid":"bentlrwxs1534b","t":"2025-12-19T13:34:11.555734978Z"}
{"count":2,"level":"info","logger":"ngalert.sender.router","msg":"Sending alerts to local notifier","org_id":1,"rule_uid":"aeranuqh906wwa","t":"2025-12-19T13:35:10.022501713Z"}
{"count":1,"level":"info","logger":"ngalert.sender.router","msg":"Sending alerts to local notifier","org_id":1,"rule_uid":"bentlrwxs1534b","t":"2025-12-19T13:35:11.549545892Z"}
{"level":"info","logger":"infra.usagestats","msg":"Usage stats are ready to report","t":"2025-12-19T13:36:05.429472316Z"}
{"count":2,"level":"info","logger":"ngalert.sender.router","msg":"Sending alerts to local notifier","org_id":1,"rule_uid":"aeranuqh906wwa","t":"2025-12-19T13:36:10.02219955Z"}
{"count":1,"level":"info","logger":"ngalert.sender.router","msg":"Sending alerts to local notifier","org_id":1,"rule_uid":"bentlrwxs1534b","t":"2025-12-19T13:36:11.550784974Z"}
{"count":2,"level":"info","logger":"ngalert.sender.router","msg":"Sending alerts to local notifier","org_id":1,"rule_uid":"aeranuqh906wwa","t":"2025-12-19T13:37:10.02600963Z"}
{"count":1,"level":"info","logger":"ngalert.sender.router","msg":"Sending alerts to local notifier","org_id":1,"rule_uid":"bentlrwxs1534b","t":"2025-12-19T13:37:11.550232497Z"}
{"count":2,"level":"info","logger":"ngalert.sender.router","msg":"Sending alerts to local notifier","org_id":1,"rule_uid":"aeranuqh906wwa","t":"2025-12-19T13:38:10.021650412Z"}
{"count":1,"level":"info","logger":"ngalert.sender.router","msg":"Sending alerts to local notifier","org_id":1,"rule_uid":"bentlrwxs1534b","t":"2025-12-19T13:38:11.550102187Z"}
{"count":2,"level":"info","logger":"ngalert.sender.router","msg":"Sending alerts to local notifier","org_id":1,"rule_uid":"berasmzkkghdsb","t":"2025-12-19T13:38:13.096449457Z"}
{"count":2,"level":"info","logger":"ngalert.sender.router","msg":"Sending alerts to local notifier","org_id":1,"rule_uid":"aeranuqh906wwa","t":"2025-12-19T13:39:10.019576054Z"}
{"count":1,"level":"info","logger":"ngalert.sender.router","msg":"Sending alerts to local notifier","org_id":1,"rule_uid":"bentlrwxs1534b","t":"2025-12-19T13:39:11.550474019Z"}
{"count":2,"level":"info","logger":"ngalert.sender.router","msg":"Sending alerts to local notifier","org_id":1,"rule_uid":"berasmzkkghdsb","t":"2025-12-19T13:39:13.09857789Z"}
{"count":2,"level":"info","logger":"ngalert.sender.router","msg":"Sending alerts to local notifier","org_id":1,"rule_uid":"aeranuqh906wwa","t":"2025-12-19T13:40:10.019433616Z"}
{"count":1,"level":"info","logger":"ngalert.sender.router","msg":"Sending alerts to local notifier","org_id":1,"rule_uid":"bentlrwxs1534b","t":"2025-12-19T13:40:11.552487528Z"}
{"count":2,"level":"info","logger":"ngalert.sender.router","msg":"Sending alerts to local notifier","org_id":1,"rule_uid":"berasmzkkghdsb","t":"2025-12-19T13:40:13.099590646Z"}
{"count":2,"level":"info","logger":"ngalert.sender.router","msg":"Sending alerts to local notifier","org_id":1,"rule_uid":"aeranuqh906wwa","t":"2025-12-19T13:41:10.021468061Z"}
{"count":1,"level":"info","logger":"ngalert.sender.router","msg":"Sending alerts to local notifier","org_id":1,"rule_uid":"bentlrwxs1534b","t":"2025-12-19T13:41:11.551152276Z"}
{"count":2,"level":"info","logger":"ngalert.sender.router","msg":"Sending alerts to local notifier","org_id":1,"rule_uid":"berasmzkkghdsb","t":"2025-12-19T13:41:13.098405605Z"}
{"count":2,"level":"info","logger":"ngalert.sender.router","msg":"Sending alerts to local notifier","org_id":1,"rule_uid":"aeranuqh906wwa","t":"2025-12-19T13:42:10.022754347Z"}
{"count":1,"level":"info","logger":"ngalert.sender.router","msg":"Sending alerts to local notifier","org_id":1,"rule_uid":"bentlrwxs1534b","t":"2025-12-19T13:42:11.549173884Z"}
{"count":2,"level":"info","logger":"ngalert.sender.router","msg":"Sending alerts to local notifier","org_id":1,"rule_uid":"aeranuqh906wwa","t":"2025-12-19T13:43:10.021825634Z"}
{"count":1,"level":"info","logger":"ngalert.sender.router","msg":"Sending alerts to local notifier","org_id":1,"rule_uid":"bentlrwxs1534b","t":"2025-12-19T13:43:11.551048073Z"}
{"duration":"4.026151ms","level":"info","logger":"cleanup","msg":"Completed cleanup jobs","t":"2025-12-19T13:44:08.380694294Z"}
{"duration":"230.385803ms","level":"info","logger":"plugins.update.checker","msg":"Update check succeeded","t":"2025-12-19T13:44:09.04625983Z"}
{"count":2,"level":"info","logger":"ngalert.sender.router","msg":"Sending alerts to local notifier","org_id":1,"rule_uid":"aeranuqh906wwa","t":"2025-12-19T13:44:10.018790573Z"}
{"count":1,"level":"info","logger":"ngalert.sender.router","msg":"Sending alerts to local notifier","org_id":1,"rule_uid":"bentlrwxs1534b","t":"2025-12-19T13:44:11.550344852Z"}
{"count":2,"level":"info","logger":"ngalert.sender.router","msg":"Sending alerts to local notifier","org_id":1,"rule_uid":"aeranuqh906wwa","t":"2025-12-19T13:45:10.018751528Z"}
{"count":1,"level":"info","logger":"ngalert.sender.router","msg":"Sending alerts to local notifier","org_id":1,"rule_uid":"bentlrwxs1534b","t":"2025-12-19T13:45:11.552251061Z"}
{"count":2,"level":"info","logger":"ngalert.sender.router","msg":"Sending alerts to local notifier","org_id":1,"rule_uid":"aeranuqh906wwa","t":"2025-12-19T13:46:10.020289307Z"}
{"count":1,"level":"info","logger":"ngalert.sender.router","msg":"Sending alerts to local notifier","org_id":1,"rule_uid":"bentlrwxs1534b","t":"2025-12-19T13:46:11.551277515Z"}
{"count":2,"level":"info","logger":"ngalert.sender.router","msg":"Sending alerts to local notifier","org_id":1,"rule_uid":"aeranuqh906wwa","t":"2025-12-19T13:47:10.022892581Z"}
{"count":1,"level":"info","logger":"ngalert.sender.router","msg":"Sending alerts to local notifier","org_id":1,"rule_uid":"bentlrwxs1534b","t":"2025-12-19T13:47:11.551860844Z"}
{"count":2,"level":"info","logger":"ngalert.sender.router","msg":"Sending alerts to local notifier","org_id":1,"rule_uid":"berasmzkkghdsb","t":"2025-12-19T13:47:13.098225356Z"}
{"count":2,"level":"info","logger":"ngalert.sender.router","msg":"Sending alerts to local notifier","org_id":1,"rule_uid":"aeranuqh906wwa","t":"2025-12-19T13:48:10.020245797Z"}
{"count":1,"level":"info","logger":"ngalert.sender.router","msg":"Sending alerts to local notifier","org_id":1,"rule_uid":"bentlrwxs1534b","t":"2025-12-19T13:48:11.549922963Z"}
{"count":2,"level":"info","logger":"ngalert.sender.router","msg":"Sending alerts to local notifier","org_id":1,"rule_uid":"berasmzkkghdsb","t":"2025-12-19T13:48:13.096718884Z"}
{"count":2,"level":"info","logger":"ngalert.sender.router","msg":"Sending alerts to local notifier","org_id":1,"rule_uid":"aeranuqh906wwa","t":"2025-12-19T13:49:10.021037099Z"}
{"count":1,"level":"info","logger":"ngalert.sender.router","msg":"Sending alerts to local notifier","org_id":1,"rule_uid":"bentlrwxs1534b","t":"2025-12-19T13:49:11.551546238Z"}
{"count":2,"level":"info","logger":"ngalert.sender.router","msg":"Sending alerts to local notifier","org_id":1,"rule_uid":"berasmzkkghdsb","t":"2025-12-19T13:49:13.099040623Z"}
{"count":2,"level":"info","logger":"ngalert.sender.router","msg":"Sending alerts to local notifier","org_id":1,"rule_uid":"aeranuqh906wwa","t":"2025-12-19T13:50:10.021218063Z"}
{"count":1,"level":"info","logger":"ngalert.sender.router","msg":"Sending alerts to local notifier","org_id":1,"rule_uid":"bentlrwxs1534b","t":"2025-12-19T13:50:11.555595589Z"}
{"count":2,"level":"info","logger":"ngalert.sender.router","msg":"Sending alerts to local notifier","org_id":1,"rule_uid":"berasmzkkghdsb","t":"2025-12-19T13:50:13.099122491Z"}
{"count":2,"level":"info","logger":"ngalert.sender.router","msg":"Sending alerts to local notifier","org_id":1,"rule_uid":"aeranuqh906wwa","t":"2025-12-19T13:51:10.019519129Z"}
{"count":1,"level":"info","logger":"ngalert.sender.router","msg":"Sending alerts to local notifier","org_id":1,"rule_uid":"bentlrwxs1534b","t":"2025-12-19T13:51:11.551554363Z"}
{"count":2,"level":"info","logger":"ngalert.sender.router","msg":"Sending alerts to local notifier","org_id":1,"rule_uid":"berasmzkkghdsb","t":"2025-12-19T13:51:13.09898431Z"}
{"count":2,"level":"info","logger":"ngalert.sender.router","msg":"Sending alerts to local notifier","org_id":1,"rule_uid":"aeranuqh906wwa","t":"2025-12-19T13:52:10.018570185Z"}
{"count":1,"level":"info","logger":"ngalert.sender.router","msg":"Sending alerts to local notifier","org_id":1,"rule_uid":"bentlrwxs1534b","t":"2025-12-19T13:52:11.551678264Z"}
{"count":2,"level":"info","logger":"ngalert.sender.router","msg":"Sending alerts to local notifier","org_id":1,"rule_uid":"aeranuqh906wwa","t":"2025-12-19T13:53:10.020754236Z"}
{"count":1,"level":"info","logger":"ngalert.sender.router","msg":"Sending alerts to local notifier","org_id":1,"rule_uid":"bentlrwxs1534b","t":"2025-12-19T13:53:11.551689026Z"}
{"duration":"3.724435ms","level":"info","logger":"cleanup","msg":"Completed cleanup jobs","t":"2025-12-19T13:54:08.380789045Z"}
{"duration":"227.871381ms","level":"info","logger":"plugins.update.checker","msg":"Update check succeeded","t":"2025-12-19T13:54:09.043177538Z"}
{"count":2,"level":"info","logger":"ngalert.sender.router","msg":"Sending alerts to local notifier","org_id":1,"rule_uid":"aeranuqh906wwa","t":"2025-12-19T13:54:10.019074973Z"}
{"count":1,"level":"info","logger":"ngalert.sender.router","msg":"Sending alerts to local notifier","org_id":1,"rule_uid":"bentlrwxs1534b","t":"2025-12-19T13:54:11.551747718Z"}
{"count":2,"level":"info","logger":"ngalert.sender.router","msg":"Sending alerts to local notifier","org_id":1,"rule_uid":"aeranuqh906wwa","t":"2025-12-19T13:55:10.022181378Z"}
{"count":1,"level":"info","logger":"ngalert.sender.router","msg":"Sending alerts to local notifier","org_id":1,"rule_uid":"bentlrwxs1534b","t":"2025-12-19T13:55:11.550355293Z"}
{"count":2,"level":"info","logger":"ngalert.sender.router","msg":"Sending alerts to local notifier","org_id":1,"rule_uid":"aeranuqh906wwa","t":"2025-12-19T13:56:10.020998678Z"}
{"count":1,"level":"info","logger":"ngalert.sender.router","msg":"Sending alerts to local notifier","org_id":1,"rule_uid":"bentlrwxs1534b","t":"2025-12-19T13:56:11.552079096Z"}
{"count":2,"level":"info","logger":"ngalert.sender.router","msg":"Sending alerts to local notifier","org_id":1,"rule_uid":"aeranuqh906wwa","t":"2025-12-19T13:57:10.021168274Z"}
{"count":1,"level":"info","logger":"ngalert.sender.router","msg":"Sending alerts to local notifier","org_id":1,"rule_uid":"bentlrwxs1534b","t":"2025-12-19T13:57:11.551672104Z"}
{"count":2,"level":"info","logger":"ngalert.sender.router","msg":"Sending alerts to local notifier","org_id":1,"rule_uid":"berasmzkkghdsb","t":"2025-12-19T13:57:13.098989745Z"}
{"count":2,"level":"info","logger":"ngalert.sender.router","msg":"Sending alerts to local notifier","org_id":1,"rule_uid":"aeranuqh906wwa","t":"2025-12-19T13:58:10.019220862Z"}
{"count":1,"level":"info","logger":"ngalert.sender.router","msg":"Sending alerts to local notifier","org_id":1,"rule_uid":"bentlrwxs1534b","t":"2025-12-19T13:58:11.549409674Z"}
{"count":2,"level":"info","logger":"ngalert.sender.router","msg":"Sending alerts to local notifier","org_id":1,"rule_uid":"berasmzkkghdsb","t":"2025-12-19T13:58:13.10041514Z"}
{"count":2,"level":"info","logger":"ngalert.sender.router","msg":"Sending alerts to local notifier","org_id":1,"rule_uid":"aeranuqh906wwa","t":"2025-12-19T13:59:10.020394227Z"}
{"count":1,"level":"info","logger":"ngalert.sender.router","msg":"Sending alerts to local notifier","org_id":1,"rule_uid":"bentlrwxs1534b","t":"2025-12-19T13:59:11.55028205Z"}
{"count":2,"level":"info","logger":"ngalert.sender.router","msg":"Sending alerts to local notifier","org_id":1,"rule_uid":"berasmzkkghdsb","t":"2025-12-19T13:59:13.099136217Z"}
{"count":1,"level":"info","logger":"ngalert.sender.router","msg":"Sending alerts to local notifier","org_id":1,"rule_uid":"eepiaqdm333lse","t":"2025-12-19T13:59:16.170221501Z"}
{"count":2,"level":"info","logger":"ngalert.sender.router","msg":"Sending alerts to local notifier","org_id":1,"rule_uid":"aeranuqh906wwa","t":"2025-12-19T14:00:10.019719342Z"}
{"count":1,"level":"info","logger":"ngalert.sender.router","msg":"Sending alerts to local notifier","org_id":1,"rule_uid":"bentlrwxs1534b","t":"2025-12-19T14:00:11.548946637Z"}
{"count":2,"level":"info","logger":"ngalert.sender.router","msg":"Sending alerts to local notifier","org_id":1,"rule_uid":"berasmzkkghdsb","t":"2025-12-19T14:00:13.09685814Z"}
{"count":1,"level":"info","logger":"ngalert.sender.router","msg":"Sending alerts to local notifier","org_id":1,"rule_uid":"eepiaqdm333lse","t":"2025-12-19T14:00:16.165847485Z"}
{"count":2,"level":"info","logger":"ngalert.sender.router","msg":"Sending alerts to local notifier","org_id":1,"rule_uid":"aeranuqh906wwa","t":"2025-12-19T14:01:10.020783535Z"}
{"count":1,"level":"info","logger":"ngalert.sender.router","msg":"Sending alerts to local notifier","org_id":1,"rule_uid":"bentlrwxs1534b","t":"2025-12-19T14:01:11.549563155Z"}
{"count":2,"level":"info","logger":"ngalert.sender.router","msg":"Sending alerts to local notifier","org_id":1,"rule_uid":"berasmzkkghdsb","t":"2025-12-19T14:01:13.098144346Z"}
{"count":1,"level":"info","logger":"ngalert.sender.router","msg":"Sending alerts to local notifier","org_id":1,"rule_uid":"eepiaqdm333lse","t":"2025-12-19T14:01:16.166472761Z"}
{"count":2,"level":"info","logger":"ngalert.sender.router","msg":"Sending alerts to local notifier","org_id":1,"rule_uid":"aeranuqh906wwa","t":"2025-12-19T14:02:10.023599581Z"}
{"count":1,"level":"info","logger":"ngalert.sender.router","msg":"Sending alerts to local notifier","org_id":1,"rule_uid":"bentlrwxs1534b","t":"2025-12-19T14:02:11.549855281Z"}
{"count":2,"level":"info","logger":"ngalert.sender.router","msg":"Sending alerts to local notifier","org_id":1,"rule_uid":"berasmzkkghdsb","t":"2025-12-19T14:02:13.100264173Z"}
{"count":1,"level":"info","logger":"ngalert.sender.router","msg":"Sending alerts to local notifier","org_id":1,"rule_uid":"eepiaqdm333lse","t":"2025-12-19T14:02:16.170333637Z"}
{"count":2,"level":"info","logger":"ngalert.sender.router","msg":"Sending alerts to local notifier","org_id":1,"rule_uid":"aeranuqh906wwa","t":"2025-12-19T14:03:10.022219154Z"}
{"count":1,"level":"info","logger":"ngalert.sender.router","msg":"Sending alerts to local notifier","org_id":1,"rule_uid":"bentlrwxs1534b","t":"2025-12-19T14:03:11.552161148Z"}
{"count":2,"level":"info","logger":"ngalert.sender.router","msg":"Sending alerts to local notifier","org_id":1,"rule_uid":"berasmzkkghdsb","t":"2025-12-19T14:03:13.095863222Z"}
{"count":1,"level":"info","logger":"ngalert.sender.router","msg":"Sending alerts to local notifier","org_id":1,"rule_uid":"eepiaqdm333lse","t":"2025-12-19T14:03:16.168178677Z"}
{"duration":"11.809993ms","level":"info","logger":"cleanup","msg":"Completed cleanup jobs","t":"2025-12-19T14:04:08.38827927Z"}
{"duration":"226.348505ms","level":"info","logger":"plugins.update.checker","msg":"Update check succeeded","t":"2025-12-19T14:04:09.041477046Z"}
{"count":2,"level":"info","logger":"ngalert.sender.router","msg":"Sending alerts to local notifier","org_id":1,"rule_uid":"aeranuqh906wwa","t":"2025-12-19T14:04:10.022290312Z"}
{"count":1,"level":"info","logger":"ngalert.sender.router","msg":"Sending alerts to local notifier","org_id":1,"rule_uid":"bentlrwxs1534b","t":"2025-12-19T14:04:11.553727218Z"}
{"count":2,"level":"info","logger":"ngalert.sender.router","msg":"Sending alerts to local notifier","org_id":1,"rule_uid":"berasmzkkghdsb","t":"2025-12-19T14:04:13.099625542Z"}
{"count":1,"level":"info","logger":"ngalert.sender.router","msg":"Sending alerts to local notifier","org_id":1,"rule_uid":"eepiaqdm333lse","t":"2025-12-19T14:04:16.17247107Z"}
{"count":2,"level":"info","logger":"ngalert.sender.router","msg":"Sending alerts to local notifier","org_id":1,"rule_uid":"aeranuqh906wwa","t":"2025-12-19T14:05:10.020563985Z"}
{"count":1,"level":"info","logger":"ngalert.sender.router","msg":"Sending alerts to local notifier","org_id":1,"rule_uid":"bentlrwxs1534b","t":"2025-12-19T14:05:11.550411302Z"}
{"count":1,"level":"info","logger":"ngalert.sender.router","msg":"Sending alerts to local notifier","org_id":1,"rule_uid":"eepiaqdm333lse","t":"2025-12-19T14:05:16.165663524Z"}
{"level":"info","logger":"infra.usagestats","msg":"Usage stats are ready to report","t":"2025-12-19T14:06:05.42827191Z"}
{"count":2,"level":"info","logger":"ngalert.sender.router","msg":"Sending alerts to local notifier","org_id":1,"rule_uid":"aeranuqh906wwa","t":"2025-12-19T14:06:10.0241438Z"}
{"count":1,"level":"info","logger":"ngalert.sender.router","msg":"Sending alerts to local notifier","org_id":1,"rule_uid":"bentlrwxs1534b","t":"2025-12-19T14:06:11.552837479Z"}
{"count":1,"level":"info","logger":"ngalert.sender.router","msg":"Sending alerts to local notifier","org_id":1,"rule_uid":"eepiaqdm333lse","t":"2025-12-19T14:06:16.165870842Z"}
{"count":2,"level":"info","logger":"ngalert.sender.router","msg":"Sending alerts to local notifier","org_id":1,"rule_uid":"aeranuqh906wwa","t":"2025-12-19T14:07:10.019923502Z"}
{"count":1,"level":"info","logger":"ngalert.sender.router","msg":"Sending alerts to local notifier","org_id":1,"rule_uid":"bentlrwxs1534b","t":"2025-12-19T14:07:11.551798707Z"}
{"count":1,"level":"info","logger":"ngalert.sender.router","msg":"Sending alerts to local notifier","org_id":1,"rule_uid":"eepiaqdm333lse","t":"2025-12-19T14:07:16.168641557Z"}
{"count":2,"level":"info","logger":"ngalert.sender.router","msg":"Sending alerts to local notifier","org_id":1,"rule_uid":"aeranuqh906wwa","t":"2025-12-19T14:08:10.021995785Z"}
{"count":1,"level":"info","logger":"ngalert.sender.router","msg":"Sending alerts to local notifier","org_id":1,"rule_uid":"bentlrwxs1534b","t":"2025-12-19T14:08:11.550089177Z"}
{"count":2,"level":"info","logger":"ngalert.sender.router","msg":"Sending alerts to local notifier","org_id":1,"rule_uid":"aeranuqh906wwa","t":"2025-12-19T14:09:10.022465118Z"}
{"count":1,"level":"info","logger":"ngalert.sender.router","msg":"Sending alerts to local notifier","org_id":1,"rule_uid":"bentlrwxs1534b","t":"2025-12-19T14:09:11.551086769Z"}
{"count":2,"level":"info","logger":"ngalert.sender.router","msg":"Sending alerts to local notifier","org_id":1,"rule_uid":"aeranuqh906wwa","t":"2025-12-19T14:10:10.021055134Z"}
{"count":1,"level":"info","logger":"ngalert.sender.router","msg":"Sending alerts to local notifier","org_id":1,"rule_uid":"bentlrwxs1534b","t":"2025-12-19T14:10:11.552146964Z"}
{"count":1,"level":"info","logger":"ngalert.sender.router","msg":"Sending alerts to local notifier","org_id":1,"rule_uid":"eepiaqdm333lse","t":"2025-12-19T14:10:16.165646191Z"}
{"count":2,"level":"info","logger":"ngalert.sender.router","msg":"Sending alerts to local notifier","org_id":1,"rule_uid":"aeranuqh906wwa","t":"2025-12-19T14:11:10.023629841Z"}
{"count":1,"level":"info","logger":"ngalert.sender.router","msg":"Sending alerts to local notifier","org_id":1,"rule_uid":"bentlrwxs1534b","t":"2025-12-19T14:11:11.549640253Z"}
{"count":1,"level":"info","logger":"ngalert.sender.router","msg":"Sending alerts to local notifier","org_id":1,"rule_uid":"eepiaqdm333lse","t":"2025-12-19T14:11:16.167132071Z"}
{"count":2,"level":"info","logger":"ngalert.sender.router","msg":"Sending alerts to local notifier","org_id":1,"rule_uid":"aeranuqh906wwa","t":"2025-12-19T14:12:10.021261348Z"}
{"count":1,"level":"info","logger":"ngalert.sender.router","msg":"Sending alerts to local notifier","org_id":1,"rule_uid":"bentlrwxs1534b","t":"2025-12-19T14:12:11.551725016Z"}
{"count":1,"level":"info","logger":"ngalert.sender.router","msg":"Sending alerts to local notifier","org_id":1,"rule_uid":"eepiaqdm333lse","t":"2025-12-19T14:12:16.167282632Z"}
{"count":2,"level":"info","logger":"ngalert.sender.router","msg":"Sending alerts to local notifier","org_id":1,"rule_uid":"aeranuqh906wwa","t":"2025-12-19T14:13:10.019106736Z"}
{"count":1,"level":"info","logger":"ngalert.sender.router","msg":"Sending alerts to local notifier","org_id":1,"rule_uid":"bentlrwxs1534b","t":"2025-12-19T14:13:11.552170586Z"}
{"count":1,"level":"info","logger":"ngalert.sender.router","msg":"Sending alerts to local notifier","org_id":1,"rule_uid":"eepiaqdm333lse","t":"2025-12-19T14:13:16.168225435Z"}
{"duration":"6.156065ms","level":"info","logger":"cleanup","msg":"Completed cleanup jobs","t":"2025-12-19T14:14:08.382682538Z"}
{"duration":"222.047889ms","level":"info","logger":"plugins.update.checker","msg":"Update check succeeded","t":"2025-12-19T14:14:09.037921765Z"}
{"count":2,"level":"info","logger":"ngalert.sender.router","msg":"Sending alerts to local notifier","org_id":1,"rule_uid":"aeranuqh906wwa","t":"2025-12-19T14:14:10.021203518Z"}
{"count":1,"level":"info","logger":"ngalert.sender.router","msg":"Sending alerts to local notifier","org_id":1,"rule_uid":"bentlrwxs1534b","t":"2025-12-19T14:14:11.551483012Z"}
{"count":1,"level":"info","logger":"ngalert.sender.router","msg":"Sending alerts to local notifier","org_id":1,"rule_uid":"eepiaqdm333lse","t":"2025-12-19T14:14:16.167689921Z"}
{"count":2,"level":"info","logger":"ngalert.sender.router","msg":"Sending alerts to local notifier","org_id":1,"rule_uid":"aeranuqh906wwa","t":"2025-12-19T14:15:10.020917897Z"}
{"count":1,"level":"info","logger":"ngalert.sender.router","msg":"Sending alerts to local notifier","org_id":1,"rule_uid":"bentlrwxs1534b","t":"2025-12-19T14:15:11.550496901Z"}
{"count":2,"level":"info","logger":"ngalert.sender.router","msg":"Sending alerts to local notifier","org_id":1,"rule_uid":"aeranuqh906wwa","t":"2025-12-19T14:16:10.021844755Z"}
{"count":1,"level":"info","logger":"ngalert.sender.router","msg":"Sending alerts to local notifier","org_id":1,"rule_uid":"bentlrwxs1534b","t":"2025-12-19T14:16:11.551776239Z"}
{"count":2,"level":"info","logger":"ngalert.sender.router","msg":"Sending alerts to local notifier","org_id":1,"rule_uid":"aeranuqh906wwa","t":"2025-12-19T14:17:10.021315512Z"}
{"count":1,"level":"info","logger":"ngalert.sender.router","msg":"Sending alerts to local notifier","org_id":1,"rule_uid":"bentlrwxs1534b","t":"2025-12-19T14:17:11.550953907Z"}
{"count":1,"level":"info","logger":"ngalert.sender.router","msg":"Sending alerts to local notifier","org_id":1,"rule_uid":"eepiaqdm333lse","t":"2025-12-19T14:17:16.166452007Z"}
{"count":2,"level":"info","logger":"ngalert.sender.router","msg":"Sending alerts to local notifier","org_id":1,"rule_uid":"aeranuqh906wwa","t":"2025-12-19T14:18:10.020084187Z"}
{"count":1,"level":"info","logger":"ngalert.sender.router","msg":"Sending alerts to local notifier","org_id":1,"rule_uid":"bentlrwxs1534b","t":"2025-12-19T14:18:11.551268524Z"}
{"count":1,"level":"info","logger":"ngalert.sender.router","msg":"Sending alerts to local notifier","org_id":1,"rule_uid":"eepiaqdm333lse","t":"2025-12-19T14:18:16.16976253Z"}
{"count":2,"level":"info","logger":"ngalert.sender.router","msg":"Sending alerts to local notifier","org_id":1,"rule_uid":"aeranuqh906wwa","t":"2025-12-19T14:19:10.020768508Z"}
{"count":1,"level":"info","logger":"ngalert.sender.router","msg":"Sending alerts to local notifier","org_id":1,"rule_uid":"bentlrwxs1534b","t":"2025-12-19T14:19:11.551427836Z"}
{"count":2,"level":"info","logger":"ngalert.sender.router","msg":"Sending alerts to local notifier","org_id":1,"rule_uid":"aeranuqh906wwa","t":"2025-12-19T14:20:10.021067051Z"}
{"count":1,"level":"info","logger":"ngalert.sender.router","msg":"Sending alerts to local notifier","org_id":1,"rule_uid":"bentlrwxs1534b","t":"2025-12-19T14:20:11.549743303Z"}
{"count":2,"level":"info","logger":"ngalert.sender.router","msg":"Sending alerts to local notifier","org_id":1,"rule_uid":"aeranuqh906wwa","t":"2025-12-19T14:21:10.019844208Z"}
{"count":1,"level":"info","logger":"ngalert.sender.router","msg":"Sending alerts to local notifier","org_id":1,"rule_uid":"bentlrwxs1534b","t":"2025-12-19T14:21:11.55029011Z"}
{"count":2,"level":"info","logger":"ngalert.sender.router","msg":"Sending alerts to local notifier","org_id":1,"rule_uid":"aeranuqh906wwa","t":"2025-12-19T14:22:10.019631185Z"}
{"count":1,"level":"info","logger":"ngalert.sender.router","msg":"Sending alerts to local notifier","org_id":1,"rule_uid":"bentlrwxs1534b","t":"2025-12-19T14:22:11.550019103Z"}
{"count":2,"level":"info","logger":"ngalert.sender.router","msg":"Sending alerts to local notifier","org_id":1,"rule_uid":"aeranuqh906wwa","t":"2025-12-19T14:23:10.021024365Z"}
{"count":1,"level":"info","logger":"ngalert.sender.router","msg":"Sending alerts to local notifier","org_id":1,"rule_uid":"bentlrwxs1534b","t":"2025-12-19T14:23:11.550223109Z"}
{"duration":"4.363904ms","level":"info","logger":"cleanup","msg":"Completed cleanup jobs","t":"2025-12-19T14:24:08.381185492Z"}
{"duration":"215.530552ms","level":"info","logger":"plugins.update.checker","msg":"Update check succeeded","t":"2025-12-19T14:24:09.030996095Z"}
{"count":2,"level":"info","logger":"ngalert.sender.router","msg":"Sending alerts to local notifier","org_id":1,"rule_uid":"aeranuqh906wwa","t":"2025-12-19T14:24:10.020511759Z"}
{"count":1,"level":"info","logger":"ngalert.sender.router","msg":"Sending alerts to local notifier","org_id":1,"rule_uid":"bentlrwxs1534b","t":"2025-12-19T14:24:11.560051234Z"}
{"count":2,"level":"info","logger":"ngalert.sender.router","msg":"Sending alerts to local notifier","org_id":1,"rule_uid":"aeranuqh906wwa","t":"2025-12-19T14:25:10.02157287Z"}
{"count":1,"level":"info","logger":"ngalert.sender.router","msg":"Sending alerts to local notifier","org_id":1,"rule_uid":"bentlrwxs1534b","t":"2025-12-19T14:25:11.549828633Z"}
{"count":2,"level":"info","logger":"ngalert.sender.router","msg":"Sending alerts to local notifier","org_id":1,"rule_uid":"aeranuqh906wwa","t":"2025-12-19T14:26:10.023777331Z"}
{"count":1,"level":"info","logger":"ngalert.sender.router","msg":"Sending alerts to local notifier","org_id":1,"rule_uid":"bentlrwxs1534b","t":"2025-12-19T14:26:11.551693686Z"}
{"count":2,"level":"info","logger":"ngalert.sender.router","msg":"Sending alerts to local notifier","org_id":1,"rule_uid":"aeranuqh906wwa","t":"2025-12-19T14:27:10.020454614Z"}
{"count":1,"level":"info","logger":"ngalert.sender.router","msg":"Sending alerts to local notifier","org_id":1,"rule_uid":"bentlrwxs1534b","t":"2025-12-19T14:27:11.550520059Z"}
{"count":2,"level":"info","logger":"ngalert.sender.router","msg":"Sending alerts to local notifier","org_id":1,"rule_uid":"aeranuqh906wwa","t":"2025-12-19T14:28:10.020481523Z"}
{"count":1,"level":"info","logger":"ngalert.sender.router","msg":"Sending alerts to local notifier","org_id":1,"rule_uid":"bentlrwxs1534b","t":"2025-12-19T14:28:11.551211772Z"}
{"count":1,"level":"info","logger":"ngalert.sender.router","msg":"Sending alerts to local notifier","org_id":1,"rule_uid":"eepiaqdm333lse","t":"2025-12-19T14:28:16.167807298Z"}
{"count":2,"level":"info","logger":"ngalert.sender.router","msg":"Sending alerts to local notifier","org_id":1,"rule_uid":"aeranuqh906wwa","t":"2025-12-19T14:29:10.021638805Z"}
{"count":1,"level":"info","logger":"ngalert.sender.router","msg":"Sending alerts to local notifier","org_id":1,"rule_uid":"bentlrwxs1534b","t":"2025-12-19T14:29:11.551052351Z"}
{"count":1,"level":"info","logger":"ngalert.sender.router","msg":"Sending alerts to local notifier","org_id":1,"rule_uid":"eepiaqdm333lse","t":"2025-12-19T14:29:16.166818695Z"}
{"count":2,"level":"info","logger":"ngalert.sender.router","msg":"Sending alerts to local notifier","org_id":1,"rule_uid":"aeranuqh906wwa","t":"2025-12-19T14:30:10.028506507Z"}
{"count":1,"level":"info","logger":"ngalert.sender.router","msg":"Sending alerts to local notifier","org_id":1,"rule_uid":"bentlrwxs1534b","t":"2025-12-19T14:30:11.551240461Z"}
{"count":1,"level":"info","logger":"ngalert.sender.router","msg":"Sending alerts to local notifier","org_id":1,"rule_uid":"eepiaqdm333lse","t":"2025-12-19T14:30:16.166040007Z"}
{"count":2,"level":"info","logger":"ngalert.sender.router","msg":"Sending alerts to local notifier","org_id":1,"rule_uid":"aeranuqh906wwa","t":"2025-12-19T14:31:10.022091895Z"}
{"count":1,"level":"info","logger":"ngalert.sender.router","msg":"Sending alerts to local notifier","org_id":1,"rule_uid":"bentlrwxs1534b","t":"2025-12-19T14:31:11.550476229Z"}
{"count":1,"level":"info","logger":"ngalert.sender.router","msg":"Sending alerts to local notifier","org_id":1,"rule_uid":"eepiaqdm333lse","t":"2025-12-19T14:31:16.166147104Z"}
{"count":2,"level":"info","logger":"ngalert.sender.router","msg":"Sending alerts to local notifier","org_id":1,"rule_uid":"aeranuqh906wwa","t":"2025-12-19T14:32:10.022745139Z"}
{"count":1,"level":"info","logger":"ngalert.sender.router","msg":"Sending alerts to local notifier","org_id":1,"rule_uid":"bentlrwxs1534b","t":"2025-12-19T14:32:11.550120495Z"}
{"count":1,"level":"info","logger":"ngalert.sender.router","msg":"Sending alerts to local notifier","org_id":1,"rule_uid":"eepiaqdm333lse","t":"2025-12-19T14:32:16.166793122Z"}
{"count":2,"level":"info","logger":"ngalert.sender.router","msg":"Sending alerts to local notifier","org_id":1,"rule_uid":"aeranuqh906wwa","t":"2025-12-19T14:33:10.021784639Z"}
{"count":1,"level":"info","logger":"ngalert.sender.router","msg":"Sending alerts to local notifier","org_id":1,"rule_uid":"bentlrwxs1534b","t":"2025-12-19T14:33:11.551429223Z"}
{"count":1,"level":"info","logger":"ngalert.sender.router","msg":"Sending alerts to local notifier","org_id":1,"rule_uid":"eepiaqdm333lse","t":"2025-12-19T14:33:16.166833397Z"}
{"duration":"4.094841ms","level":"info","logger":"cleanup","msg":"Completed cleanup jobs","t":"2025-12-19T14:34:08.381805612Z"}
{"duration":"219.946952ms","level":"info","logger":"plugins.update.checker","msg":"Update check succeeded","t":"2025-12-19T14:34:09.035172519Z"}
{"count":2,"level":"info","logger":"ngalert.sender.router","msg":"Sending alerts to local notifier","org_id":1,"rule_uid":"aeranuqh906wwa","t":"2025-12-19T14:34:10.021165363Z"}
{"count":1,"level":"info","logger":"ngalert.sender.router","msg":"Sending alerts to local notifier","org_id":1,"rule_uid":"bentlrwxs1534b","t":"2025-12-19T14:34:11.551333485Z"}
{"count":1,"level":"info","logger":"ngalert.sender.router","msg":"Sending alerts to local notifier","org_id":1,"rule_uid":"eepiaqdm333lse","t":"2025-12-19T14:34:16.167593032Z"}
{"count":2,"level":"info","logger":"ngalert.sender.router","msg":"Sending alerts to local notifier","org_id":1,"rule_uid":"aeranuqh906wwa","t":"2025-12-19T14:35:10.020350817Z"}
{"count":1,"level":"info","logger":"ngalert.sender.router","msg":"Sending alerts to local notifier","org_id":1,"rule_uid":"bentlrwxs1534b","t":"2025-12-19T14:35:11.549394927Z"}
{"count":1,"level":"info","logger":"ngalert.sender.router","msg":"Sending alerts to local notifier","org_id":1,"rule_uid":"eepiaqdm333lse","t":"2025-12-19T14:35:16.166379739Z"}
{"level":"info","logger":"infra.usagestats","msg":"Usage stats are ready to report","t":"2025-12-19T14:36:05.428798345Z"}
{"count":2,"level":"info","logger":"ngalert.sender.router","msg":"Sending alerts to local notifier","org_id":1,"rule_uid":"aeranuqh906wwa","t":"2025-12-19T14:36:10.020187967Z"}
{"count":1,"level":"info","logger":"ngalert.sender.router","msg":"Sending alerts to local notifier","org_id":1,"rule_uid":"bentlrwxs1534b","t":"2025-12-19T14:36:11.55136854Z"}
{"count":1,"level":"info","logger":"ngalert.sender.router","msg":"Sending alerts to local notifier","org_id":1,"rule_uid":"eepiaqdm333lse","t":"2025-12-19T14:36:16.166061365Z"}
{"count":2,"level":"info","logger":"ngalert.sender.router","msg":"Sending alerts to local notifier","org_id":1,"rule_uid":"aeranuqh906wwa","t":"2025-12-19T14:37:10.019440976Z"}
{"count":1,"level":"info","logger":"ngalert.sender.router","msg":"Sending alerts to local notifier","org_id":1,"rule_uid":"bentlrwxs1534b","t":"2025-12-19T14:37:11.550724108Z"}
{"count":1,"level":"info","logger":"ngalert.sender.router","msg":"Sending alerts to local notifier","org_id":1,"rule_uid":"eepiaqdm333lse","t":"2025-12-19T14:37:16.166358438Z"}
{"count":2,"level":"info","logger":"ngalert.sender.router","msg":"Sending alerts to local notifier","org_id":1,"rule_uid":"aeranuqh906wwa","t":"2025-12-19T14:38:10.021729548Z"}
{"count":1,"level":"info","logger":"ngalert.sender.router","msg":"Sending alerts to local notifier","org_id":1,"rule_uid":"bentlrwxs1534b","t":"2025-12-19T14:38:11.551254841Z"}
{"count":1,"level":"info","logger":"ngalert.sender.router","msg":"Sending alerts to local notifier","org_id":1,"rule_uid":"eepiaqdm333lse","t":"2025-12-19T14:38:16.16738218Z"}
{"count":2,"level":"info","logger":"ngalert.sender.router","msg":"Sending alerts to local notifier","org_id":1,"rule_uid":"aeranuqh906wwa","t":"2025-12-19T14:39:10.021199551Z"}
{"count":1,"level":"info","logger":"ngalert.sender.router","msg":"Sending alerts to local notifier","org_id":1,"rule_uid":"bentlrwxs1534b","t":"2025-12-19T14:39:11.550515643Z"}
{"count":1,"level":"info","logger":"ngalert.sender.router","msg":"Sending alerts to local notifier","org_id":1,"rule_uid":"eepiaqdm333lse","t":"2025-12-19T14:39:16.165914756Z"}
{"count":2,"level":"info","logger":"ngalert.sender.router","msg":"Sending alerts to local notifier","org_id":1,"rule_uid":"aeranuqh906wwa","t":"2025-12-19T14:40:10.022610036Z"}
{"count":1,"level":"info","logger":"ngalert.sender.router","msg":"Sending alerts to local notifier","org_id":1,"rule_uid":"bentlrwxs1534b","t":"2025-12-19T14:40:11.550495103Z"}
{"count":1,"level":"info","logger":"ngalert.sender.router","msg":"Sending alerts to local notifier","org_id":1,"rule_uid":"eepiaqdm333lse","t":"2025-12-19T14:40:16.167344648Z"}
{"count":2,"level":"info","logger":"ngalert.sender.router","msg":"Sending alerts to local notifier","org_id":1,"rule_uid":"aeranuqh906wwa","t":"2025-12-19T14:41:10.018502589Z"}
{"count":1,"level":"info","logger":"ngalert.sender.router","msg":"Sending alerts to local notifier","org_id":1,"rule_uid":"bentlrwxs1534b","t":"2025-12-19T14:41:11.549667599Z"}
{"count":1,"level":"info","logger":"ngalert.sender.router","msg":"Sending alerts to local notifier","org_id":1,"rule_uid":"eepiaqdm333lse","t":"2025-12-19T14:41:16.166187549Z"}
{"count":2,"level":"info","logger":"ngalert.sender.router","msg":"Sending alerts to local notifier","org_id":1,"rule_uid":"aeranuqh906wwa","t":"2025-12-19T14:42:10.020236696Z"}
{"count":1,"level":"info","logger":"ngalert.sender.router","msg":"Sending alerts to local notifier","org_id":1,"rule_uid":"bentlrwxs1534b","t":"2025-12-19T14:42:11.550153176Z"}
{"count":1,"level":"info","logger":"ngalert.sender.router","msg":"Sending alerts to local notifier","org_id":1,"rule_uid":"eepiaqdm333lse","t":"2025-12-19T14:42:16.165773547Z"}
{"count":2,"level":"info","logger":"ngalert.sender.router","msg":"Sending alerts to local notifier","org_id":1,"rule_uid":"aeranuqh906wwa","t":"2025-12-19T14:43:10.017561603Z"}
{"count":1,"level":"info","logger":"ngalert.sender.router","msg":"Sending alerts to local notifier","org_id":1,"rule_uid":"bentlrwxs1534b","t":"2025-12-19T14:43:11.550258706Z"}
{"count":1,"level":"info","logger":"ngalert.sender.router","msg":"Sending alerts to local notifier","org_id":1,"rule_uid":"eepiaqdm333lse","t":"2025-12-19T14:43:16.166009202Z"}
{"duration":"4.474227ms","level":"info","logger":"cleanup","msg":"Completed cleanup jobs","t":"2025-12-19T14:44:08.382714Z"}
{"duration":"215.479871ms","level":"info","logger":"plugins.update.checker","msg":"Update check succeeded","t":"2025-12-19T14:44:09.030548298Z"}
{"count":2,"level":"info","logger":"ngalert.sender.router","msg":"Sending alerts to local notifier","org_id":1,"rule_uid":"aeranuqh906wwa","t":"2025-12-19T14:44:10.019590896Z"}
{"count":1,"level":"info","logger":"ngalert.sender.router","msg":"Sending alerts to local notifier","org_id":1,"rule_uid":"bentlrwxs1534b","t":"2025-12-19T14:44:11.551472352Z"}
{"count":1,"level":"info","logger":"ngalert.sender.router","msg":"Sending alerts to local notifier","org_id":1,"rule_uid":"eepiaqdm333lse","t":"2025-12-19T14:44:16.165068567Z"}
{"count":2,"level":"info","logger":"ngalert.sender.router","msg":"Sending alerts to local notifier","org_id":1,"rule_uid":"aeranuqh906wwa","t":"2025-12-19T14:45:10.018114202Z"}
{"count":1,"level":"info","logger":"ngalert.sender.router","msg":"Sending alerts to local notifier","org_id":1,"rule_uid":"bentlrwxs1534b","t":"2025-12-19T14:45:11.551191162Z"}
{"count":1,"level":"info","logger":"ngalert.sender.router","msg":"Sending alerts to local notifier","org_id":1,"rule_uid":"eepiaqdm333lse","t":"2025-12-19T14:45:16.165290023Z"}
{"count":2,"level":"info","logger":"ngalert.sender.router","msg":"Sending alerts to local notifier","org_id":1,"rule_uid":"aeranuqh906wwa","t":"2025-12-19T14:46:10.0225083Z"}
{"count":1,"level":"info","logger":"ngalert.sender.router","msg":"Sending alerts to local notifier","org_id":1,"rule_uid":"bentlrwxs1534b","t":"2025-12-19T14:46:11.551847836Z"}
{"count":1,"level":"info","logger":"ngalert.sender.router","msg":"Sending alerts to local notifier","org_id":1,"rule_uid":"eepiaqdm333lse","t":"2025-12-19T14:46:16.166184202Z"}
{"count":2,"level":"info","logger":"ngalert.sender.router","msg":"Sending alerts to local notifier","org_id":1,"rule_uid":"aeranuqh906wwa","t":"2025-12-19T14:47:10.021406008Z"}
{"count":1,"level":"info","logger":"ngalert.sender.router","msg":"Sending alerts to local notifier","org_id":1,"rule_uid":"bentlrwxs1534b","t":"2025-12-19T14:47:11.551162506Z"}
{"count":1,"level":"info","logger":"ngalert.sender.router","msg":"Sending alerts to local notifier","org_id":1,"rule_uid":"eepiaqdm333lse","t":"2025-12-19T14:47:16.165159857Z"}
{"count":2,"level":"info","logger":"ngalert.sender.router","msg":"Sending alerts to local notifier","org_id":1,"rule_uid":"aeranuqh906wwa","t":"2025-12-19T14:48:10.02161514Z"}
{"count":1,"level":"info","logger":"ngalert.sender.router","msg":"Sending alerts to local notifier","org_id":1,"rule_uid":"bentlrwxs1534b","t":"2025-12-19T14:48:11.553144418Z"}
{"count":1,"level":"info","logger":"ngalert.sender.router","msg":"Sending alerts to local notifier","org_id":1,"rule_uid":"eepiaqdm333lse","t":"2025-12-19T14:48:16.166232969Z"}
{"count":2,"level":"info","logger":"ngalert.sender.router","msg":"Sending alerts to local notifier","org_id":1,"rule_uid":"aeranuqh906wwa","t":"2025-12-19T14:49:10.020217042Z"}
{"count":1,"level":"info","logger":"ngalert.sender.router","msg":"Sending alerts to local notifier","org_id":1,"rule_uid":"bentlrwxs1534b","t":"2025-12-19T14:49:11.550607546Z"}
{"count":1,"level":"info","logger":"ngalert.sender.router","msg":"Sending alerts to local notifier","org_id":1,"rule_uid":"eepiaqdm333lse","t":"2025-12-19T14:49:16.167800812Z"}
{"count":2,"level":"info","logger":"ngalert.sender.router","msg":"Sending alerts to local notifier","org_id":1,"rule_uid":"aeranuqh906wwa","t":"2025-12-19T14:50:10.022501397Z"}
{"count":1,"level":"info","logger":"ngalert.sender.router","msg":"Sending alerts to local notifier","org_id":1,"rule_uid":"bentlrwxs1534b","t":"2025-12-19T14:50:11.550016387Z"}
{"count":1,"level":"info","logger":"ngalert.sender.router","msg":"Sending alerts to local notifier","org_id":1,"rule_uid":"eepiaqdm333lse","t":"2025-12-19T14:50:16.165978504Z"}
{"count":2,"level":"info","logger":"ngalert.sender.router","msg":"Sending alerts to local notifier","org_id":1,"rule_uid":"aeranuqh906wwa","t":"2025-12-19T14:51:10.021264973Z"}
{"count":1,"level":"info","logger":"ngalert.sender.router","msg":"Sending alerts to local notifier","org_id":1,"rule_uid":"bentlrwxs1534b","t":"2025-12-19T14:51:11.551244649Z"}
{"count":1,"level":"info","logger":"ngalert.sender.router","msg":"Sending alerts to local notifier","org_id":1,"rule_uid":"eepiaqdm333lse","t":"2025-12-19T14:51:16.168677787Z"}
{"count":2,"level":"info","logger":"ngalert.sender.router","msg":"Sending alerts to local notifier","org_id":1,"rule_uid":"aeranuqh906wwa","t":"2025-12-19T14:52:10.021950262Z"}
{"count":1,"level":"info","logger":"ngalert.sender.router","msg":"Sending alerts to local notifier","org_id":1,"rule_uid":"bentlrwxs1534b","t":"2025-12-19T14:52:11.550832953Z"}
{"count":1,"level":"info","logger":"ngalert.sender.router","msg":"Sending alerts to local notifier","org_id":1,"rule_uid":"eepiaqdm333lse","t":"2025-12-19T14:52:16.167157617Z"}
{"count":2,"level":"info","logger":"ngalert.sender.router","msg":"Sending alerts to local notifier","org_id":1,"rule_uid":"aeranuqh906wwa","t":"2025-12-19T14:53:10.022413356Z"}
{"count":1,"level":"info","logger":"ngalert.sender.router","msg":"Sending alerts to local notifier","org_id":1,"rule_uid":"bentlrwxs1534b","t":"2025-12-19T14:53:11.551466805Z"}
{"count":1,"level":"info","logger":"ngalert.sender.router","msg":"Sending alerts to local notifier","org_id":1,"rule_uid":"eepiaqdm333lse","t":"2025-12-19T14:53:16.166871995Z"}
{"duration":"3.614758ms","level":"info","logger":"cleanup","msg":"Completed cleanup jobs","t":"2025-12-19T14:54:08.380055492Z"}
{"duration":"221.465554ms","level":"info","logger":"plugins.update.checker","msg":"Update check succeeded","t":"2025-12-19T14:54:09.036700239Z"}
{"count":2,"level":"info","logger":"ngalert.sender.router","msg":"Sending alerts to local notifier","org_id":1,"rule_uid":"aeranuqh906wwa","t":"2025-12-19T14:54:10.023094806Z"}
{"count":1,"level":"info","logger":"ngalert.sender.router","msg":"Sending alerts to local notifier","org_id":1,"rule_uid":"bentlrwxs1534b","t":"2025-12-19T14:54:11.550017264Z"}
{"count":1,"level":"info","logger":"ngalert.sender.router","msg":"Sending alerts to local notifier","org_id":1,"rule_uid":"eepiaqdm333lse","t":"2025-12-19T14:54:16.168683356Z"}
{"count":2,"level":"info","logger":"ngalert.sender.router","msg":"Sending alerts to local notifier","org_id":1,"rule_uid":"aeranuqh906wwa","t":"2025-12-19T14:55:10.021040049Z"}
{"count":1,"level":"info","logger":"ngalert.sender.router","msg":"Sending alerts to local notifier","org_id":1,"rule_uid":"bentlrwxs1534b","t":"2025-12-19T14:55:11.550132356Z"}
{"count":1,"level":"info","logger":"ngalert.sender.router","msg":"Sending alerts to local notifier","org_id":1,"rule_uid":"eepiaqdm333lse","t":"2025-12-19T14:55:16.16664702Z"}
{"count":2,"level":"info","logger":"ngalert.sender.router","msg":"Sending alerts to local notifier","org_id":1,"rule_uid":"aeranuqh906wwa","t":"2025-12-19T14:56:10.023538806Z"}
{"count":1,"level":"info","logger":"ngalert.sender.router","msg":"Sending alerts to local notifier","org_id":1,"rule_uid":"bentlrwxs1534b","t":"2025-12-19T14:56:11.552069185Z"}
{"count":1,"level":"info","logger":"ngalert.sender.router","msg":"Sending alerts to local notifier","org_id":1,"rule_uid":"eepiaqdm333lse","t":"2025-12-19T14:56:16.166566015Z"}
{"count":2,"level":"info","logger":"ngalert.sender.router","msg":"Sending alerts to local notifier","org_id":1,"rule_uid":"aeranuqh906wwa","t":"2025-12-19T14:57:10.021647866Z"}
{"count":1,"level":"info","logger":"ngalert.sender.router","msg":"Sending alerts to local notifier","org_id":1,"rule_uid":"bentlrwxs1534b","t":"2025-12-19T14:57:11.54915028Z"}
{"count":1,"level":"info","logger":"ngalert.sender.router","msg":"Sending alerts to local notifier","org_id":1,"rule_uid":"eepiaqdm333lse","t":"2025-12-19T14:57:16.166704435Z"}
{"count":2,"level":"info","logger":"ngalert.sender.router","msg":"Sending alerts to local notifier","org_id":1,"rule_uid":"aeranuqh906wwa","t":"2025-12-19T14:58:10.020115443Z"}
{"count":1,"level":"info","logger":"ngalert.sender.router","msg":"Sending alerts to local notifier","org_id":1,"rule_uid":"bentlrwxs1534b","t":"2025-12-19T14:58:11.553068666Z"}
{"count":1,"level":"info","logger":"ngalert.sender.router","msg":"Sending alerts to local notifier","org_id":1,"rule_uid":"eepiaqdm333lse","t":"2025-12-19T14:58:16.166902204Z"}
{"count":2,"level":"info","logger":"ngalert.sender.router","msg":"Sending alerts to local notifier","org_id":1,"rule_uid":"aeranuqh906wwa","t":"2025-12-19T14:59:10.017579459Z"}
{"count":1,"level":"info","logger":"ngalert.sender.router","msg":"Sending alerts to local notifier","org_id":1,"rule_uid":"bentlrwxs1534b","t":"2025-12-19T14:59:11.551006902Z"}
{"count":1,"level":"info","logger":"ngalert.sender.router","msg":"Sending alerts to local notifier","org_id":1,"rule_uid":"eepiaqdm333lse","t":"2025-12-19T14:59:16.16709269Z"}
{"count":2,"level":"info","logger":"ngalert.sender.router","msg":"Sending alerts to local notifier","org_id":1,"rule_uid":"aeranuqh906wwa","t":"2025-12-19T15:00:10.020700762Z"}
{"count":1,"level":"info","logger":"ngalert.sender.router","msg":"Sending alerts to local notifier","org_id":1,"rule_uid":"bentlrwxs1534b","t":"2025-12-19T15:00:11.55110424Z"}
{"count":1,"level":"info","logger":"ngalert.sender.router","msg":"Sending alerts to local notifier","org_id":1,"rule_uid":"eepiaqdm333lse","t":"2025-12-19T15:00:16.165818715Z"}
{"count":2,"level":"info","logger":"ngalert.sender.router","msg":"Sending alerts to local notifier","org_id":1,"rule_uid":"aeranuqh906wwa","t":"2025-12-19T15:01:10.022667967Z"}
{"count":1,"level":"info","logger":"ngalert.sender.router","msg":"Sending alerts to local notifier","org_id":1,"rule_uid":"bentlrwxs1534b","t":"2025-12-19T15:01:11.5522196Z"}
{"count":1,"level":"info","logger":"ngalert.sender.router","msg":"Sending alerts to local notifier","org_id":1,"rule_uid":"eepiaqdm333lse","t":"2025-12-19T15:01:16.166587102Z"}
{"count":2,"level":"info","logger":"ngalert.sender.router","msg":"Sending alerts to local notifier","org_id":1,"rule_uid":"aeranuqh906wwa","t":"2025-12-19T15:02:10.021318724Z"}
{"count":1,"level":"info","logger":"ngalert.sender.router","msg":"Sending alerts to local notifier","org_id":1,"rule_uid":"bentlrwxs1534b","t":"2025-12-19T15:02:11.551495985Z"}
{"count":1,"level":"info","logger":"ngalert.sender.router","msg":"Sending alerts to local notifier","org_id":1,"rule_uid":"eepiaqdm333lse","t":"2025-12-19T15:02:16.166403782Z"}
{"count":2,"level":"info","logger":"ngalert.sender.router","msg":"Sending alerts to local notifier","org_id":1,"rule_uid":"aeranuqh906wwa","t":"2025-12-19T15:03:10.022601037Z"}
{"count":1,"level":"info","logger":"ngalert.sender.router","msg":"Sending alerts to local notifier","org_id":1,"rule_uid":"bentlrwxs1534b","t":"2025-12-19T15:03:11.550594956Z"}
{"count":1,"level":"info","logger":"ngalert.sender.router","msg":"Sending alerts to local notifier","org_id":1,"rule_uid":"eepiaqdm333lse","t":"2025-12-19T15:03:16.164915448Z"}
{"duration":"3.77911ms","level":"info","logger":"cleanup","msg":"Completed cleanup jobs","t":"2025-12-19T15:04:08.380881612Z"}
{"duration":"223.375093ms","level":"info","logger":"plugins.update.checker","msg":"Update check succeeded","t":"2025-12-19T15:04:09.038728061Z"}
{"count":2,"level":"info","logger":"ngalert.sender.router","msg":"Sending alerts to local notifier","org_id":1,"rule_uid":"aeranuqh906wwa","t":"2025-12-19T15:04:10.020551723Z"}
{"count":1,"level":"info","logger":"ngalert.sender.router","msg":"Sending alerts to local notifier","org_id":1,"rule_uid":"bentlrwxs1534b","t":"2025-12-19T15:04:11.549985972Z"}
{"count":1,"level":"info","logger":"ngalert.sender.router","msg":"Sending alerts to local notifier","org_id":1,"rule_uid":"eepiaqdm333lse","t":"2025-12-19T15:04:16.166045181Z"}
{"count":2,"level":"info","logger":"ngalert.sender.router","msg":"Sending alerts to local notifier","org_id":1,"rule_uid":"aeranuqh906wwa","t":"2025-12-19T15:05:10.019378518Z"}
{"count":1,"level":"info","logger":"ngalert.sender.router","msg":"Sending alerts to local notifier","org_id":1,"rule_uid":"bentlrwxs1534b","t":"2025-12-19T15:05:11.54960709Z"}
{"count":1,"level":"info","logger":"ngalert.sender.router","msg":"Sending alerts to local notifier","org_id":1,"rule_uid":"eepiaqdm333lse","t":"2025-12-19T15:05:16.166605104Z"}
{"level":"info","logger":"infra.usagestats","msg":"Usage stats are ready to report","t":"2025-12-19T15:06:05.430417287Z"}
{"count":2,"level":"info","logger":"ngalert.sender.router","msg":"Sending alerts to local notifier","org_id":1,"rule_uid":"aeranuqh906wwa","t":"2025-12-19T15:06:10.012999908Z"}
{"count":1,"level":"info","logger":"ngalert.sender.router","msg":"Sending alerts to local notifier","org_id":1,"rule_uid":"bentlrwxs1534b","t":"2025-12-19T15:06:11.546488153Z"}
{"count":1,"level":"info","logger":"ngalert.sender.router","msg":"Sending alerts to local notifier","org_id":1,"rule_uid":"eepiaqdm333lse","t":"2025-12-19T15:06:16.163180408Z"}
{"count":2,"level":"info","logger":"ngalert.sender.router","msg":"Sending alerts to local notifier","org_id":1,"rule_uid":"aeranuqh906wwa","t":"2025-12-19T15:07:10.016978583Z"}
{"count":1,"level":"info","logger":"ngalert.sender.router","msg":"Sending alerts to local notifier","org_id":1,"rule_uid":"bentlrwxs1534b","t":"2025-12-19T15:07:11.548205044Z"}
{"count":1,"level":"info","logger":"ngalert.sender.router","msg":"Sending alerts to local notifier","org_id":1,"rule_uid":"eepiaqdm333lse","t":"2025-12-19T15:07:16.164973848Z"}
{"count":2,"level":"info","logger":"ngalert.sender.router","msg":"Sending alerts to local notifier","org_id":1,"rule_uid":"aeranuqh906wwa","t":"2025-12-19T15:08:10.022380526Z"}
{"count":1,"level":"info","logger":"ngalert.sender.router","msg":"Sending alerts to local notifier","org_id":1,"rule_uid":"bentlrwxs1534b","t":"2025-12-19T15:08:11.551376843Z"}
{"count":1,"level":"info","logger":"ngalert.sender.router","msg":"Sending alerts to local notifier","org_id":1,"rule_uid":"eepiaqdm333lse","t":"2025-12-19T15:08:16.167419545Z"}
{"count":2,"level":"info","logger":"ngalert.sender.router","msg":"Sending alerts to local notifier","org_id":1,"rule_uid":"aeranuqh906wwa","t":"2025-12-19T15:09:10.019428786Z"}
{"count":1,"level":"info","logger":"ngalert.sender.router","msg":"Sending alerts to local notifier","org_id":1,"rule_uid":"bentlrwxs1534b","t":"2025-12-19T15:09:11.55037212Z"}
{"count":1,"level":"info","logger":"ngalert.sender.router","msg":"Sending alerts to local notifier","org_id":1,"rule_uid":"eepiaqdm333lse","t":"2025-12-19T15:09:16.165207677Z"}
{"count":2,"level":"info","logger":"ngalert.sender.router","msg":"Sending alerts to local notifier","org_id":1,"rule_uid":"aeranuqh906wwa","t":"2025-12-19T15:10:10.021412295Z"}
{"count":1,"level":"info","logger":"ngalert.sender.router","msg":"Sending alerts to local notifier","org_id":1,"rule_uid":"bentlrwxs1534b","t":"2025-12-19T15:10:11.549738351Z"}
{"count":1,"level":"info","logger":"ngalert.sender.router","msg":"Sending alerts to local notifier","org_id":1,"rule_uid":"eepiaqdm333lse","t":"2025-12-19T15:10:16.165633475Z"}
{"count":2,"level":"info","logger":"ngalert.sender.router","msg":"Sending alerts to local notifier","org_id":1,"rule_uid":"aeranuqh906wwa","t":"2025-12-19T15:11:10.022698862Z"}
{"count":1,"level":"info","logger":"ngalert.sender.router","msg":"Sending alerts to local notifier","org_id":1,"rule_uid":"bentlrwxs1534b","t":"2025-12-19T15:11:11.551360341Z"}
{"count":1,"level":"info","logger":"ngalert.sender.router","msg":"Sending alerts to local notifier","org_id":1,"rule_uid":"eepiaqdm333lse","t":"2025-12-19T15:11:16.167065044Z"}
{"count":2,"level":"info","logger":"ngalert.sender.router","msg":"Sending alerts to local notifier","org_id":1,"rule_uid":"aeranuqh906wwa","t":"2025-12-19T15:12:10.020548811Z"}
{"count":1,"level":"info","logger":"ngalert.sender.router","msg":"Sending alerts to local notifier","org_id":1,"rule_uid":"bentlrwxs1534b","t":"2025-12-19T15:12:11.54984771Z"}
{"count":1,"level":"info","logger":"ngalert.sender.router","msg":"Sending alerts to local notifier","org_id":1,"rule_uid":"eepiaqdm333lse","t":"2025-12-19T15:12:16.166118683Z"}
{"count":2,"level":"info","logger":"ngalert.sender.router","msg":"Sending alerts to local notifier","org_id":1,"rule_uid":"aeranuqh906wwa","t":"2025-12-19T15:13:10.01998703Z"}
{"count":1,"level":"info","logger":"ngalert.sender.router","msg":"Sending alerts to local notifier","org_id":1,"rule_uid":"bentlrwxs1534b","t":"2025-12-19T15:13:11.55045972Z"}
{"count":1,"level":"info","logger":"ngalert.sender.router","msg":"Sending alerts to local notifier","org_id":1,"rule_uid":"eepiaqdm333lse","t":"2025-12-19T15:13:16.168357224Z"}
{"duration":"3.676739ms","level":"info","logger":"cleanup","msg":"Completed cleanup jobs","t":"2025-12-19T15:14:08.381544757Z"}
{"duration":"214.511732ms","level":"info","logger":"plugins.update.checker","msg":"Update check succeeded","t":"2025-12-19T15:14:09.030251659Z"}
{"count":2,"level":"info","logger":"ngalert.sender.router","msg":"Sending alerts to local notifier","org_id":1,"rule_uid":"aeranuqh906wwa","t":"2025-12-19T15:14:10.022729502Z"}
{"count":1,"level":"info","logger":"ngalert.sender.router","msg":"Sending alerts to local notifier","org_id":1,"rule_uid":"bentlrwxs1534b","t":"2025-12-19T15:14:11.550466847Z"}
{"count":1,"level":"info","logger":"ngalert.sender.router","msg":"Sending alerts to local notifier","org_id":1,"rule_uid":"eepiaqdm333lse","t":"2025-12-19T15:14:16.166068546Z"}
{"count":2,"level":"info","logger":"ngalert.sender.router","msg":"Sending alerts to local notifier","org_id":1,"rule_uid":"aeranuqh906wwa","t":"2025-12-19T15:15:10.021099698Z"}
{"count":1,"level":"info","logger":"ngalert.sender.router","msg":"Sending alerts to local notifier","org_id":1,"rule_uid":"bentlrwxs1534b","t":"2025-12-19T15:15:11.549278702Z"}
{"count":1,"level":"info","logger":"ngalert.sender.router","msg":"Sending alerts to local notifier","org_id":1,"rule_uid":"eepiaqdm333lse","t":"2025-12-19T15:15:16.166608554Z"}
{"count":2,"level":"info","logger":"ngalert.sender.router","msg":"Sending alerts to local notifier","org_id":1,"rule_uid":"aeranuqh906wwa","t":"2025-12-19T15:16:10.024711468Z"}
{"count":1,"level":"info","logger":"ngalert.sender.router","msg":"Sending alerts to local notifier","org_id":1,"rule_uid":"bentlrwxs1534b","t":"2025-12-19T15:16:11.549853732Z"}
{"count":1,"level":"info","logger":"ngalert.sender.router","msg":"Sending alerts to local notifier","org_id":1,"rule_uid":"eepiaqdm333lse","t":"2025-12-19T15:16:16.166807744Z"}
{"count":2,"level":"info","logger":"ngalert.sender.router","msg":"Sending alerts to local notifier","org_id":1,"rule_uid":"aeranuqh906wwa","t":"2025-12-19T15:17:10.021447204Z"}
{"count":1,"level":"info","logger":"ngalert.sender.router","msg":"Sending alerts to local notifier","org_id":1,"rule_uid":"bentlrwxs1534b","t":"2025-12-19T15:17:11.549923999Z"}
{"count":1,"level":"info","logger":"ngalert.sender.router","msg":"Sending alerts to local notifier","org_id":1,"rule_uid":"eepiaqdm333lse","t":"2025-12-19T15:17:16.166537233Z"}
{"count":2,"level":"info","logger":"ngalert.sender.router","msg":"Sending alerts to local notifier","org_id":1,"rule_uid":"aeranuqh906wwa","t":"2025-12-19T15:18:10.019658851Z"}
{"count":1,"level":"info","logger":"ngalert.sender.router","msg":"Sending alerts to local notifier","org_id":1,"rule_uid":"bentlrwxs1534b","t":"2025-12-19T15:18:11.553180933Z"}
{"count":1,"level":"info","logger":"ngalert.sender.router","msg":"Sending alerts to local notifier","org_id":1,"rule_uid":"eepiaqdm333lse","t":"2025-12-19T15:18:16.165708463Z"}
{"count":2,"level":"info","logger":"ngalert.sender.router","msg":"Sending alerts to local notifier","org_id":1,"rule_uid":"aeranuqh906wwa","t":"2025-12-19T15:19:10.020196958Z"}
{"count":1,"level":"info","logger":"ngalert.sender.router","msg":"Sending alerts to local notifier","org_id":1,"rule_uid":"bentlrwxs1534b","t":"2025-12-19T15:19:11.551814341Z"}
{"count":1,"level":"info","logger":"ngalert.sender.router","msg":"Sending alerts to local notifier","org_id":1,"rule_uid":"eepiaqdm333lse","t":"2025-12-19T15:19:16.165874633Z"}
{"count":2,"level":"info","logger":"ngalert.sender.router","msg":"Sending alerts to local notifier","org_id":1,"rule_uid":"aeranuqh906wwa","t":"2025-12-19T15:20:10.020325778Z"}
{"count":1,"level":"info","logger":"ngalert.sender.router","msg":"Sending alerts to local notifier","org_id":1,"rule_uid":"bentlrwxs1534b","t":"2025-12-19T15:20:11.550029454Z"}
{"count":1,"level":"info","logger":"ngalert.sender.router","msg":"Sending alerts to local notifier","org_id":1,"rule_uid":"eepiaqdm333lse","t":"2025-12-19T15:20:16.165705414Z"}
{"count":2,"level":"info","logger":"ngalert.sender.router","msg":"Sending alerts to local notifier","org_id":1,"rule_uid":"aeranuqh906wwa","t":"2025-12-19T15:21:10.021281305Z"}
{"count":1,"level":"info","logger":"ngalert.sender.router","msg":"Sending alerts to local notifier","org_id":1,"rule_uid":"bentlrwxs1534b","t":"2025-12-19T15:21:11.550477462Z"}
{"count":1,"level":"info","logger":"ngalert.sender.router","msg":"Sending alerts to local notifier","org_id":1,"rule_uid":"eepiaqdm333lse","t":"2025-12-19T15:21:16.16495805Z"}
{"count":2,"level":"info","logger":"ngalert.sender.router","msg":"Sending alerts to local notifier","org_id":1,"rule_uid":"aeranuqh906wwa","t":"2025-12-19T15:22:10.019732404Z"}
{"count":1,"level":"info","logger":"ngalert.sender.router","msg":"Sending alerts to local notifier","org_id":1,"rule_uid":"bentlrwxs1534b","t":"2025-12-19T15:22:11.55103733Z"}
{"count":1,"level":"info","logger":"ngalert.sender.router","msg":"Sending alerts to local notifier","org_id":1,"rule_uid":"eepiaqdm333lse","t":"2025-12-19T15:22:16.165727598Z"}
{"count":2,"level":"info","logger":"ngalert.sender.router","msg":"Sending alerts to local notifier","org_id":1,"rule_uid":"aeranuqh906wwa","t":"2025-12-19T15:23:10.01856384Z"}
{"count":1,"level":"info","logger":"ngalert.sender.router","msg":"Sending alerts to local notifier","org_id":1,"rule_uid":"bentlrwxs1534b","t":"2025-12-19T15:23:11.552146792Z"}
{"count":1,"level":"info","logger":"ngalert.sender.router","msg":"Sending alerts to local notifier","org_id":1,"rule_uid":"eepiaqdm333lse","t":"2025-12-19T15:23:16.168881033Z"}
{"duration":"3.861248ms","level":"info","logger":"cleanup","msg":"Completed cleanup jobs","t":"2025-12-19T15:24:08.382374208Z"}
{"duration":"218.037464ms","level":"info","logger":"plugins.update.checker","msg":"Update check succeeded","t":"2025-12-19T15:24:09.033191973Z"}
{"count":2,"level":"info","logger":"ngalert.sender.router","msg":"Sending alerts to local notifier","org_id":1,"rule_uid":"aeranuqh906wwa","t":"2025-12-19T15:24:10.022294715Z"}
{"count":1,"level":"info","logger":"ngalert.sender.router","msg":"Sending alerts to local notifier","org_id":1,"rule_uid":"bentlrwxs1534b","t":"2025-12-19T15:24:11.551056535Z"}
{"count":1,"level":"info","logger":"ngalert.sender.router","msg":"Sending alerts to local notifier","org_id":1,"rule_uid":"eepiaqdm333lse","t":"2025-12-19T15:24:16.167623067Z"}
{"count":2,"level":"info","logger":"ngalert.sender.router","msg":"Sending alerts to local notifier","org_id":1,"rule_uid":"aeranuqh906wwa","t":"2025-12-19T15:25:10.022634159Z"}
{"count":1,"level":"info","logger":"ngalert.sender.router","msg":"Sending alerts to local notifier","org_id":1,"rule_uid":"bentlrwxs1534b","t":"2025-12-19T15:25:11.550365805Z"}
{"count":1,"level":"info","logger":"ngalert.sender.router","msg":"Sending alerts to local notifier","org_id":1,"rule_uid":"eepiaqdm333lse","t":"2025-12-19T15:25:16.166090417Z"}
{"count":2,"level":"info","logger":"ngalert.sender.router","msg":"Sending alerts to local notifier","org_id":1,"rule_uid":"aeranuqh906wwa","t":"2025-12-19T15:26:10.022280799Z"}
{"count":1,"level":"info","logger":"ngalert.sender.router","msg":"Sending alerts to local notifier","org_id":1,"rule_uid":"bentlrwxs1534b","t":"2025-12-19T15:26:11.550352595Z"}
{"count":1,"level":"info","logger":"ngalert.sender.router","msg":"Sending alerts to local notifier","org_id":1,"rule_uid":"eepiaqdm333lse","t":"2025-12-19T15:26:16.165708727Z"}
{"count":2,"level":"info","logger":"ngalert.sender.router","msg":"Sending alerts to local notifier","org_id":1,"rule_uid":"aeranuqh906wwa","t":"2025-12-19T15:27:10.020768607Z"}
{"count":1,"level":"info","logger":"ngalert.sender.router","msg":"Sending alerts to local notifier","org_id":1,"rule_uid":"bentlrwxs1534b","t":"2025-12-19T15:27:11.552142584Z"}
{"count":1,"level":"info","logger":"ngalert.sender.router","msg":"Sending alerts to local notifier","org_id":1,"rule_uid":"eepiaqdm333lse","t":"2025-12-19T15:27:16.167395248Z"}
{"count":2,"level":"info","logger":"ngalert.sender.router","msg":"Sending alerts to local notifier","org_id":1,"rule_uid":"aeranuqh906wwa","t":"2025-12-19T15:28:10.019993594Z"}
{"count":1,"level":"info","logger":"ngalert.sender.router","msg":"Sending alerts to local notifier","org_id":1,"rule_uid":"bentlrwxs1534b","t":"2025-12-19T15:28:11.551425708Z"}
{"count":1,"level":"info","logger":"ngalert.sender.router","msg":"Sending alerts to local notifier","org_id":1,"rule_uid":"eepiaqdm333lse","t":"2025-12-19T15:28:16.167012122Z"}
{"count":2,"level":"info","logger":"ngalert.sender.router","msg":"Sending alerts to local notifier","org_id":1,"rule_uid":"aeranuqh906wwa","t":"2025-12-19T15:29:10.020803894Z"}
{"count":1,"level":"info","logger":"ngalert.sender.router","msg":"Sending alerts to local notifier","org_id":1,"rule_uid":"bentlrwxs1534b","t":"2025-12-19T15:29:11.550437724Z"}
{"count":1,"level":"info","logger":"ngalert.sender.router","msg":"Sending alerts to local notifier","org_id":1,"rule_uid":"eepiaqdm333lse","t":"2025-12-19T15:29:16.166660527Z"}
{"count":2,"level":"info","logger":"ngalert.sender.router","msg":"Sending alerts to local notifier","org_id":1,"rule_uid":"aeranuqh906wwa","t":"2025-12-19T15:30:10.022405964Z"}
{"count":1,"level":"info","logger":"ngalert.sender.router","msg":"Sending alerts to local notifier","org_id":1,"rule_uid":"bentlrwxs1534b","t":"2025-12-19T15:30:11.552222556Z"}
{"count":1,"level":"info","logger":"ngalert.sender.router","msg":"Sending alerts to local notifier","org_id":1,"rule_uid":"eepiaqdm333lse","t":"2025-12-19T15:30:16.167203998Z"}
{"count":2,"level":"info","logger":"ngalert.sender.router","msg":"Sending alerts to local notifier","org_id":1,"rule_uid":"aeranuqh906wwa","t":"2025-12-19T15:31:10.02162622Z"}
{"count":1,"level":"info","logger":"ngalert.sender.router","msg":"Sending alerts to local notifier","org_id":1,"rule_uid":"bentlrwxs1534b","t":"2025-12-19T15:31:11.551214307Z"}
{"count":1,"level":"info","logger":"ngalert.sender.router","msg":"Sending alerts to local notifier","org_id":1,"rule_uid":"eepiaqdm333lse","t":"2025-12-19T15:31:16.170021317Z"}
{"count":2,"level":"info","logger":"ngalert.sender.router","msg":"Sending alerts to local notifier","org_id":1,"rule_uid":"aeranuqh906wwa","t":"2025-12-19T15:32:10.020819472Z"}
{"count":1,"level":"info","logger":"ngalert.sender.router","msg":"Sending alerts to local notifier","org_id":1,"rule_uid":"bentlrwxs1534b","t":"2025-12-19T15:32:11.549540891Z"}
{"count":1,"level":"info","logger":"ngalert.sender.router","msg":"Sending alerts to local notifier","org_id":1,"rule_uid":"eepiaqdm333lse","t":"2025-12-19T15:32:16.16531885Z"}
{"count":2,"level":"info","logger":"ngalert.sender.router","msg":"Sending alerts to local notifier","org_id":1,"rule_uid":"aeranuqh906wwa","t":"2025-12-19T15:33:10.017891611Z"}
{"count":1,"level":"info","logger":"ngalert.sender.router","msg":"Sending alerts to local notifier","org_id":1,"rule_uid":"bentlrwxs1534b","t":"2025-12-19T15:33:11.549880345Z"}
{"count":1,"level":"info","logger":"ngalert.sender.router","msg":"Sending alerts to local notifier","org_id":1,"rule_uid":"eepiaqdm333lse","t":"2025-12-19T15:33:16.165958238Z"}
{"duration":"4.628131ms","level":"info","logger":"cleanup","msg":"Completed cleanup jobs","t":"2025-12-19T15:34:08.381258804Z"}
{"duration":"216.592541ms","level":"info","logger":"plugins.update.checker","msg":"Update check succeeded","t":"2025-12-19T15:34:09.032459178Z"}
{"count":2,"level":"info","logger":"ngalert.sender.router","msg":"Sending alerts to local notifier","org_id":1,"rule_uid":"aeranuqh906wwa","t":"2025-12-19T15:34:10.020871357Z"}
{"count":1,"level":"info","logger":"ngalert.sender.router","msg":"Sending alerts to local notifier","org_id":1,"rule_uid":"bentlrwxs1534b","t":"2025-12-19T15:34:11.549282086Z"}
{"count":1,"level":"info","logger":"ngalert.sender.router","msg":"Sending alerts to local notifier","org_id":1,"rule_uid":"eepiaqdm333lse","t":"2025-12-19T15:34:16.16597758Z"}
{"count":2,"level":"info","logger":"ngalert.sender.router","msg":"Sending alerts to local notifier","org_id":1,"rule_uid":"aeranuqh906wwa","t":"2025-12-19T15:35:10.019821069Z"}
{"count":1,"level":"info","logger":"ngalert.sender.router","msg":"Sending alerts to local notifier","org_id":1,"rule_uid":"bentlrwxs1534b","t":"2025-12-19T15:35:11.5524218Z"}
{"count":1,"level":"info","logger":"ngalert.sender.router","msg":"Sending alerts to local notifier","org_id":1,"rule_uid":"eepiaqdm333lse","t":"2025-12-19T15:35:16.166692203Z"}
{"level":"info","logger":"infra.usagestats","msg":"Usage stats are ready to report","t":"2025-12-19T15:36:05.430414678Z"}
{"count":2,"level":"info","logger":"ngalert.sender.router","msg":"Sending alerts to local notifier","org_id":1,"rule_uid":"aeranuqh906wwa","t":"2025-12-19T15:36:10.020216491Z"}
{"count":1,"level":"info","logger":"ngalert.sender.router","msg":"Sending alerts to local notifier","org_id":1,"rule_uid":"bentlrwxs1534b","t":"2025-12-19T15:36:11.549074087Z"}
{"count":1,"level":"info","logger":"ngalert.sender.router","msg":"Sending alerts to local notifier","org_id":1,"rule_uid":"eepiaqdm333lse","t":"2025-12-19T15:36:16.16504554Z"}
{"count":2,"level":"info","logger":"ngalert.sender.router","msg":"Sending alerts to local notifier","org_id":1,"rule_uid":"aeranuqh906wwa","t":"2025-12-19T15:37:10.020675486Z"}
{"count":1,"level":"info","logger":"ngalert.sender.router","msg":"Sending alerts to local notifier","org_id":1,"rule_uid":"bentlrwxs1534b","t":"2025-12-19T15:37:11.550006985Z"}
{"count":1,"level":"info","logger":"ngalert.sender.router","msg":"Sending alerts to local notifier","org_id":1,"rule_uid":"eepiaqdm333lse","t":"2025-12-19T15:37:16.170208038Z"}
{"count":2,"level":"info","logger":"ngalert.sender.router","msg":"Sending alerts to local notifier","org_id":1,"rule_uid":"aeranuqh906wwa","t":"2025-12-19T15:38:10.022351819Z"}
{"count":1,"level":"info","logger":"ngalert.sender.router","msg":"Sending alerts to local notifier","org_id":1,"rule_uid":"bentlrwxs1534b","t":"2025-12-19T15:38:11.551186185Z"}
{"count":1,"level":"info","logger":"ngalert.sender.router","msg":"Sending alerts to local notifier","org_id":1,"rule_uid":"eepiaqdm333lse","t":"2025-12-19T15:38:16.165514731Z"}
{"count":2,"level":"info","logger":"ngalert.sender.router","msg":"Sending alerts to local notifier","org_id":1,"rule_uid":"aeranuqh906wwa","t":"2025-12-19T15:39:10.022745568Z"}
{"count":1,"level":"info","logger":"ngalert.sender.router","msg":"Sending alerts to local notifier","org_id":1,"rule_uid":"bentlrwxs1534b","t":"2025-12-19T15:39:11.550090986Z"}
{"count":1,"level":"info","logger":"ngalert.sender.router","msg":"Sending alerts to local notifier","org_id":1,"rule_uid":"eepiaqdm333lse","t":"2025-12-19T15:39:16.165883385Z"}
{"count":2,"level":"info","logger":"ngalert.sender.router","msg":"Sending alerts to local notifier","org_id":1,"rule_uid":"aeranuqh906wwa","t":"2025-12-19T15:40:10.02175013Z"}
{"count":1,"level":"info","logger":"ngalert.sender.router","msg":"Sending alerts to local notifier","org_id":1,"rule_uid":"bentlrwxs1534b","t":"2025-12-19T15:40:11.551050573Z"}
{"count":1,"level":"info","logger":"ngalert.sender.router","msg":"Sending alerts to local notifier","org_id":1,"rule_uid":"eepiaqdm333lse","t":"2025-12-19T15:40:16.166063295Z"}
{"count":2,"level":"info","logger":"ngalert.sender.router","msg":"Sending alerts to local notifier","org_id":1,"rule_uid":"aeranuqh906wwa","t":"2025-12-19T15:41:10.022689207Z"}
{"count":1,"level":"info","logger":"ngalert.sender.router","msg":"Sending alerts to local notifier","org_id":1,"rule_uid":"bentlrwxs1534b","t":"2025-12-19T15:41:11.549952493Z"}
{"count":1,"level":"info","logger":"ngalert.sender.router","msg":"Sending alerts to local notifier","org_id":1,"rule_uid":"eepiaqdm333lse","t":"2025-12-19T15:41:16.168277511Z"}
{"count":2,"level":"info","logger":"ngalert.sender.router","msg":"Sending alerts to local notifier","org_id":1,"rule_uid":"aeranuqh906wwa","t":"2025-12-19T15:42:10.021463849Z"}
{"count":1,"level":"info","logger":"ngalert.sender.router","msg":"Sending alerts to local notifier","org_id":1,"rule_uid":"bentlrwxs1534b","t":"2025-12-19T15:42:11.550248735Z"}
{"count":1,"level":"info","logger":"ngalert.sender.router","msg":"Sending alerts to local notifier","org_id":1,"rule_uid":"eepiaqdm333lse","t":"2025-12-19T15:42:16.165513578Z"}
{"count":2,"level":"info","logger":"ngalert.sender.router","msg":"Sending alerts to local notifier","org_id":1,"rule_uid":"aeranuqh906wwa","t":"2025-12-19T15:43:10.022462121Z"}
{"count":1,"level":"info","logger":"ngalert.sender.router","msg":"Sending alerts to local notifier","org_id":1,"rule_uid":"bentlrwxs1534b","t":"2025-12-19T15:43:11.550677999Z"}
{"count":1,"level":"info","logger":"ngalert.sender.router","msg":"Sending alerts to local notifier","org_id":1,"rule_uid":"eepiaqdm333lse","t":"2025-12-19T15:43:16.165877821Z"}
{"duration":"4.815194ms","level":"info","logger":"cleanup","msg":"Completed cleanup jobs","t":"2025-12-19T15:44:08.382899199Z"}
{"duration":"216.462818ms","level":"info","logger":"plugins.update.checker","msg":"Update check succeeded","t":"2025-12-19T15:44:09.0318011Z"}
{"count":2,"level":"info","logger":"ngalert.sender.router","msg":"Sending alerts to local notifier","org_id":1,"rule_uid":"aeranuqh906wwa","t":"2025-12-19T15:44:10.01998276Z"}
{"count":1,"level":"info","logger":"ngalert.sender.router","msg":"Sending alerts to local notifier","org_id":1,"rule_uid":"bentlrwxs1534b","t":"2025-12-19T15:44:11.551777815Z"}
{"count":1,"level":"info","logger":"ngalert.sender.router","msg":"Sending alerts to local notifier","org_id":1,"rule_uid":"eepiaqdm333lse","t":"2025-12-19T15:44:16.167294176Z"}
{"count":2,"level":"info","logger":"ngalert.sender.router","msg":"Sending alerts to local notifier","org_id":1,"rule_uid":"aeranuqh906wwa","t":"2025-12-19T15:45:10.021730598Z"}
{"count":1,"level":"info","logger":"ngalert.sender.router","msg":"Sending alerts to local notifier","org_id":1,"rule_uid":"bentlrwxs1534b","t":"2025-12-19T15:45:11.550081466Z"}
{"count":1,"level":"info","logger":"ngalert.sender.router","msg":"Sending alerts to local notifier","org_id":1,"rule_uid":"eepiaqdm333lse","t":"2025-12-19T15:45:16.166826557Z"}
{"count":2,"level":"info","logger":"ngalert.sender.router","msg":"Sending alerts to local notifier","org_id":1,"rule_uid":"aeranuqh906wwa","t":"2025-12-19T15:46:10.020923658Z"}
{"count":1,"level":"info","logger":"ngalert.sender.router","msg":"Sending alerts to local notifier","org_id":1,"rule_uid":"bentlrwxs1534b","t":"2025-12-19T15:46:11.55073164Z"}
{"count":1,"level":"info","logger":"ngalert.sender.router","msg":"Sending alerts to local notifier","org_id":1,"rule_uid":"eepiaqdm333lse","t":"2025-12-19T15:46:16.167245735Z"}
{"count":2,"level":"info","logger":"ngalert.sender.router","msg":"Sending alerts to local notifier","org_id":1,"rule_uid":"aeranuqh906wwa","t":"2025-12-19T15:47:10.022079136Z"}
{"count":1,"level":"info","logger":"ngalert.sender.router","msg":"Sending alerts to local notifier","org_id":1,"rule_uid":"bentlrwxs1534b","t":"2025-12-19T15:47:11.551617971Z"}
{"count":1,"level":"info","logger":"ngalert.sender.router","msg":"Sending alerts to local notifier","org_id":1,"rule_uid":"eepiaqdm333lse","t":"2025-12-19T15:47:16.165581271Z"}
{"count":2,"level":"info","logger":"ngalert.sender.router","msg":"Sending alerts to local notifier","org_id":1,"rule_uid":"aeranuqh906wwa","t":"2025-12-19T15:48:10.021232014Z"}
{"count":1,"level":"info","logger":"ngalert.sender.router","msg":"Sending alerts to local notifier","org_id":1,"rule_uid":"bentlrwxs1534b","t":"2025-12-19T15:48:11.550968954Z"}
{"count":1,"level":"info","logger":"ngalert.sender.router","msg":"Sending alerts to local notifier","org_id":1,"rule_uid":"eepiaqdm333lse","t":"2025-12-19T15:48:16.16751856Z"}
{"count":2,"level":"info","logger":"ngalert.sender.router","msg":"Sending alerts to local notifier","org_id":1,"rule_uid":"aeranuqh906wwa","t":"2025-12-19T15:49:10.020122799Z"}
{"count":1,"level":"info","logger":"ngalert.sender.router","msg":"Sending alerts to local notifier","org_id":1,"rule_uid":"bentlrwxs1534b","t":"2025-12-19T15:49:11.549243459Z"}
{"count":1,"level":"info","logger":"ngalert.sender.router","msg":"Sending alerts to local notifier","org_id":1,"rule_uid":"eepiaqdm333lse","t":"2025-12-19T15:49:16.164198693Z"}
{"count":2,"level":"info","logger":"ngalert.sender.router","msg":"Sending alerts to local notifier","org_id":1,"rule_uid":"aeranuqh906wwa","t":"2025-12-19T15:50:10.020999093Z"}
{"count":1,"level":"info","logger":"ngalert.sender.router","msg":"Sending alerts to local notifier","org_id":1,"rule_uid":"bentlrwxs1534b","t":"2025-12-19T15:50:11.55048143Z"}
{"count":1,"level":"info","logger":"ngalert.sender.router","msg":"Sending alerts to local notifier","org_id":1,"rule_uid":"eepiaqdm333lse","t":"2025-12-19T15:50:16.169887122Z"}
{"count":2,"level":"info","logger":"ngalert.sender.router","msg":"Sending alerts to local notifier","org_id":1,"rule_uid":"aeranuqh906wwa","t":"2025-12-19T15:51:10.024116144Z"}
{"count":1,"level":"info","logger":"ngalert.sender.router","msg":"Sending alerts to local notifier","org_id":1,"rule_uid":"bentlrwxs1534b","t":"2025-12-19T15:51:11.550118234Z"}
{"count":1,"level":"info","logger":"ngalert.sender.router","msg":"Sending alerts to local notifier","org_id":1,"rule_uid":"eepiaqdm333lse","t":"2025-12-19T15:51:16.166593743Z"}
{"count":2,"level":"info","logger":"ngalert.sender.router","msg":"Sending alerts to local notifier","org_id":1,"rule_uid":"aeranuqh906wwa","t":"2025-12-19T15:52:10.020368156Z"}
{"count":1,"level":"info","logger":"ngalert.sender.router","msg":"Sending alerts to local notifier","org_id":1,"rule_uid":"bentlrwxs1534b","t":"2025-12-19T15:52:11.551911245Z"}
{"count":1,"level":"info","logger":"ngalert.sender.router","msg":"Sending alerts to local notifier","org_id":1,"rule_uid":"eepiaqdm333lse","t":"2025-12-19T15:52:16.166126155Z"}
{"count":2,"level":"info","logger":"ngalert.sender.router","msg":"Sending alerts to local notifier","org_id":1,"rule_uid":"aeranuqh906wwa","t":"2025-12-19T15:53:10.020974424Z"}
{"count":1,"level":"info","logger":"ngalert.sender.router","msg":"Sending alerts to local notifier","org_id":1,"rule_uid":"bentlrwxs1534b","t":"2025-12-19T15:53:11.551350347Z"}
{"count":1,"level":"info","logger":"ngalert.sender.router","msg":"Sending alerts to local notifier","org_id":1,"rule_uid":"eepiaqdm333lse","t":"2025-12-19T15:53:16.166414777Z"}
{"duration":"4.830503ms","level":"info","logger":"cleanup","msg":"Completed cleanup jobs","t":"2025-12-19T15:54:08.382371791Z"}
{"duration":"280.214208ms","level":"info","logger":"plugins.update.checker","msg":"Update check succeeded","t":"2025-12-19T15:54:09.095866694Z"}
{"count":2,"level":"info","logger":"ngalert.sender.router","msg":"Sending alerts to local notifier","org_id":1,"rule_uid":"aeranuqh906wwa","t":"2025-12-19T15:54:10.021232721Z"}
{"count":1,"level":"info","logger":"ngalert.sender.router","msg":"Sending alerts to local notifier","org_id":1,"rule_uid":"bentlrwxs1534b","t":"2025-12-19T15:54:11.551443199Z"}
{"count":1,"level":"info","logger":"ngalert.sender.router","msg":"Sending alerts to local notifier","org_id":1,"rule_uid":"eepiaqdm333lse","t":"2025-12-19T15:54:16.167846827Z"}
{"count":2,"level":"info","logger":"ngalert.sender.router","msg":"Sending alerts to local notifier","org_id":1,"rule_uid":"aeranuqh906wwa","t":"2025-12-19T15:55:10.019511982Z"}
{"count":1,"level":"info","logger":"ngalert.sender.router","msg":"Sending alerts to local notifier","org_id":1,"rule_uid":"bentlrwxs1534b","t":"2025-12-19T15:55:11.550105321Z"}
{"count":1,"level":"info","logger":"ngalert.sender.router","msg":"Sending alerts to local notifier","org_id":1,"rule_uid":"eepiaqdm333lse","t":"2025-12-19T15:55:16.165440674Z"}
{"count":2,"level":"info","logger":"ngalert.sender.router","msg":"Sending alerts to local notifier","org_id":1,"rule_uid":"aeranuqh906wwa","t":"2025-12-19T15:56:10.024225468Z"}
{"count":1,"level":"info","logger":"ngalert.sender.router","msg":"Sending alerts to local notifier","org_id":1,"rule_uid":"bentlrwxs1534b","t":"2025-12-19T15:56:11.549640232Z"}
{"count":1,"level":"info","logger":"ngalert.sender.router","msg":"Sending alerts to local notifier","org_id":1,"rule_uid":"eepiaqdm333lse","t":"2025-12-19T15:56:16.165704857Z"}
{"count":2,"level":"info","logger":"ngalert.sender.router","msg":"Sending alerts to local notifier","org_id":1,"rule_uid":"aeranuqh906wwa","t":"2025-12-19T15:57:10.018480264Z"}
{"count":1,"level":"info","logger":"ngalert.sender.router","msg":"Sending alerts to local notifier","org_id":1,"rule_uid":"bentlrwxs1534b","t":"2025-12-19T15:57:11.550446091Z"}
{"count":1,"level":"info","logger":"ngalert.sender.router","msg":"Sending alerts to local notifier","org_id":1,"rule_uid":"eepiaqdm333lse","t":"2025-12-19T15:57:16.16479944Z"}
{"count":2,"level":"info","logger":"ngalert.sender.router","msg":"Sending alerts to local notifier","org_id":1,"rule_uid":"aeranuqh906wwa","t":"2025-12-19T15:58:10.023882584Z"}
{"count":1,"level":"info","logger":"ngalert.sender.router","msg":"Sending alerts to local notifier","org_id":1,"rule_uid":"bentlrwxs1534b","t":"2025-12-19T15:58:11.54926369Z"}
{"count":1,"level":"info","logger":"ngalert.sender.router","msg":"Sending alerts to local notifier","org_id":1,"rule_uid":"eepiaqdm333lse","t":"2025-12-19T15:58:16.166207086Z"}
{"count":2,"level":"info","logger":"ngalert.sender.router","msg":"Sending alerts to local notifier","org_id":1,"rule_uid":"aeranuqh906wwa","t":"2025-12-19T15:59:10.017741752Z"}
{"count":1,"level":"info","logger":"ngalert.sender.router","msg":"Sending alerts to local notifier","org_id":1,"rule_uid":"bentlrwxs1534b","t":"2025-12-19T15:59:11.551126717Z"}
{"count":1,"level":"info","logger":"ngalert.sender.router","msg":"Sending alerts to local notifier","org_id":1,"rule_uid":"eepiaqdm333lse","t":"2025-12-19T15:59:16.166208236Z"}
{"count":2,"level":"info","logger":"ngalert.sender.router","msg":"Sending alerts to local notifier","org_id":1,"rule_uid":"aeranuqh906wwa","t":"2025-12-19T16:00:10.021196424Z"}
{"count":1,"level":"info","logger":"ngalert.sender.router","msg":"Sending alerts to local notifier","org_id":1,"rule_uid":"bentlrwxs1534b","t":"2025-12-19T16:00:11.549518019Z"}
{"count":1,"level":"info","logger":"ngalert.sender.router","msg":"Sending alerts to local notifier","org_id":1,"rule_uid":"eepiaqdm333lse","t":"2025-12-19T16:00:16.167328493Z"}
{"count":2,"level":"info","logger":"ngalert.sender.router","msg":"Sending alerts to local notifier","org_id":1,"rule_uid":"aeranuqh906wwa","t":"2025-12-19T16:01:10.019745982Z"}
{"count":1,"level":"info","logger":"ngalert.sender.router","msg":"Sending alerts to local notifier","org_id":1,"rule_uid":"bentlrwxs1534b","t":"2025-12-19T16:01:11.550667398Z"}
{"count":1,"level":"info","logger":"ngalert.sender.router","msg":"Sending alerts to local notifier","org_id":1,"rule_uid":"eepiaqdm333lse","t":"2025-12-19T16:01:16.166517583Z"}
{"count":2,"level":"info","logger":"ngalert.sender.router","msg":"Sending alerts to local notifier","org_id":1,"rule_uid":"aeranuqh906wwa","t":"2025-12-19T16:02:10.021105389Z"}
{"count":1,"level":"info","logger":"ngalert.sender.router","msg":"Sending alerts to local notifier","org_id":1,"rule_uid":"bentlrwxs1534b","t":"2025-12-19T16:02:11.552333268Z"}
{"count":1,"level":"info","logger":"ngalert.sender.router","msg":"Sending alerts to local notifier","org_id":1,"rule_uid":"eepiaqdm333lse","t":"2025-12-19T16:02:16.168336869Z"}
{"count":2,"level":"info","logger":"ngalert.sender.router","msg":"Sending alerts to local notifier","org_id":1,"rule_uid":"aeranuqh906wwa","t":"2025-12-19T16:03:10.018915023Z"}
{"count":1,"level":"info","logger":"ngalert.sender.router","msg":"Sending alerts to local notifier","org_id":1,"rule_uid":"bentlrwxs1534b","t":"2025-12-19T16:03:11.551053084Z"}
{"count":1,"level":"info","logger":"ngalert.sender.router","msg":"Sending alerts to local notifier","org_id":1,"rule_uid":"eepiaqdm333lse","t":"2025-12-19T16:03:16.166045461Z"}
{"duration":"3.966816ms","level":"info","logger":"cleanup","msg":"Completed cleanup jobs","t":"2025-12-19T16:04:08.382226846Z"}
{"duration":"212.982973ms","level":"info","logger":"plugins.update.checker","msg":"Update check succeeded","t":"2025-12-19T16:04:09.028506772Z"}
{"count":2,"level":"info","logger":"ngalert.sender.router","msg":"Sending alerts to local notifier","org_id":1,"rule_uid":"aeranuqh906wwa","t":"2025-12-19T16:04:10.022879114Z"}
{"count":1,"level":"info","logger":"ngalert.sender.router","msg":"Sending alerts to local notifier","org_id":1,"rule_uid":"bentlrwxs1534b","t":"2025-12-19T16:04:11.550101433Z"}
{"count":1,"level":"info","logger":"ngalert.sender.router","msg":"Sending alerts to local notifier","org_id":1,"rule_uid":"eepiaqdm333lse","t":"2025-12-19T16:04:16.16624459Z"}
{"count":2,"level":"info","logger":"ngalert.sender.router","msg":"Sending alerts to local notifier","org_id":1,"rule_uid":"aeranuqh906wwa","t":"2025-12-19T16:05:10.022743903Z"}
{"count":1,"level":"info","logger":"ngalert.sender.router","msg":"Sending alerts to local notifier","org_id":1,"rule_uid":"bentlrwxs1534b","t":"2025-12-19T16:05:11.551155349Z"}
{"count":1,"level":"info","logger":"ngalert.sender.router","msg":"Sending alerts to local notifier","org_id":1,"rule_uid":"eepiaqdm333lse","t":"2025-12-19T16:05:16.167997066Z"}
{"level":"info","logger":"infra.usagestats","msg":"Usage stats are ready to report","t":"2025-12-19T16:06:05.428661693Z"}
{"count":2,"level":"info","logger":"ngalert.sender.router","msg":"Sending alerts to local notifier","org_id":1,"rule_uid":"aeranuqh906wwa","t":"2025-12-19T16:06:10.019968275Z"}
{"count":1,"level":"info","logger":"ngalert.sender.router","msg":"Sending alerts to local notifier","org_id":1,"rule_uid":"bentlrwxs1534b","t":"2025-12-19T16:06:11.549609807Z"}
{"count":1,"level":"info","logger":"ngalert.sender.router","msg":"Sending alerts to local notifier","org_id":1,"rule_uid":"eepiaqdm333lse","t":"2025-12-19T16:06:16.167171607Z"}
{"count":2,"level":"info","logger":"ngalert.sender.router","msg":"Sending alerts to local notifier","org_id":1,"rule_uid":"aeranuqh906wwa","t":"2025-12-19T16:07:10.022828762Z"}
{"count":1,"level":"info","logger":"ngalert.sender.router","msg":"Sending alerts to local notifier","org_id":1,"rule_uid":"bentlrwxs1534b","t":"2025-12-19T16:07:11.560355827Z"}
{"count":1,"level":"info","logger":"ngalert.sender.router","msg":"Sending alerts to local notifier","org_id":1,"rule_uid":"eepiaqdm333lse","t":"2025-12-19T16:07:16.165675489Z"}
{"count":2,"level":"info","logger":"ngalert.sender.router","msg":"Sending alerts to local notifier","org_id":1,"rule_uid":"aeranuqh906wwa","t":"2025-12-19T16:08:10.019858107Z"}
{"count":1,"level":"info","logger":"ngalert.sender.router","msg":"Sending alerts to local notifier","org_id":1,"rule_uid":"bentlrwxs1534b","t":"2025-12-19T16:08:11.552439333Z"}
{"count":1,"level":"info","logger":"ngalert.sender.router","msg":"Sending alerts to local notifier","org_id":1,"rule_uid":"eepiaqdm333lse","t":"2025-12-19T16:08:16.169820349Z"}
{"count":2,"level":"info","logger":"ngalert.sender.router","msg":"Sending alerts to local notifier","org_id":1,"rule_uid":"aeranuqh906wwa","t":"2025-12-19T16:09:10.019752348Z"}
{"count":1,"level":"info","logger":"ngalert.sender.router","msg":"Sending alerts to local notifier","org_id":1,"rule_uid":"bentlrwxs1534b","t":"2025-12-19T16:09:11.549996295Z"}
{"count":1,"level":"info","logger":"ngalert.sender.router","msg":"Sending alerts to local notifier","org_id":1,"rule_uid":"eepiaqdm333lse","t":"2025-12-19T16:09:16.165127804Z"}
{"count":2,"level":"info","logger":"ngalert.sender.router","msg":"Sending alerts to local notifier","org_id":1,"rule_uid":"aeranuqh906wwa","t":"2025-12-19T16:10:10.020030707Z"}
{"count":1,"level":"info","logger":"ngalert.sender.router","msg":"Sending alerts to local notifier","org_id":1,"rule_uid":"bentlrwxs1534b","t":"2025-12-19T16:10:11.551773842Z"}
{"count":1,"level":"info","logger":"ngalert.sender.router","msg":"Sending alerts to local notifier","org_id":1,"rule_uid":"eepiaqdm333lse","t":"2025-12-19T16:10:16.16650292Z"}
{"count":2,"level":"info","logger":"ngalert.sender.router","msg":"Sending alerts to local notifier","org_id":1,"rule_uid":"aeranuqh906wwa","t":"2025-12-19T16:11:10.021988584Z"}
{"count":1,"level":"info","logger":"ngalert.sender.router","msg":"Sending alerts to local notifier","org_id":1,"rule_uid":"bentlrwxs1534b","t":"2025-12-19T16:11:11.550490983Z"}
{"count":1,"level":"info","logger":"ngalert.sender.router","msg":"Sending alerts to local notifier","org_id":1,"rule_uid":"eepiaqdm333lse","t":"2025-12-19T16:11:16.166251335Z"}
{"count":2,"level":"info","logger":"ngalert.sender.router","msg":"Sending alerts to local notifier","org_id":1,"rule_uid":"aeranuqh906wwa","t":"2025-12-19T16:12:10.020298613Z"}
{"count":1,"level":"info","logger":"ngalert.sender.router","msg":"Sending alerts to local notifier","org_id":1,"rule_uid":"bentlrwxs1534b","t":"2025-12-19T16:12:11.550174237Z"}
{"count":1,"level":"info","logger":"ngalert.sender.router","msg":"Sending alerts to local notifier","org_id":1,"rule_uid":"eepiaqdm333lse","t":"2025-12-19T16:12:16.165876494Z"}
{"count":2,"level":"info","logger":"ngalert.sender.router","msg":"Sending alerts to local notifier","org_id":1,"rule_uid":"aeranuqh906wwa","t":"2025-12-19T16:13:10.020331159Z"}
{"count":1,"level":"info","logger":"ngalert.sender.router","msg":"Sending alerts to local notifier","org_id":1,"rule_uid":"bentlrwxs1534b","t":"2025-12-19T16:13:11.552015812Z"}
{"count":1,"level":"info","logger":"ngalert.sender.router","msg":"Sending alerts to local notifier","org_id":1,"rule_uid":"eepiaqdm333lse","t":"2025-12-19T16:13:16.166697547Z"}
{"duration":"4.118716ms","level":"info","logger":"cleanup","msg":"Completed cleanup jobs","t":"2025-12-19T16:14:08.381569004Z"}
{"duration":"221.123823ms","level":"info","logger":"plugins.update.checker","msg":"Update check succeeded","t":"2025-12-19T16:14:09.036582946Z"}
{"count":2,"level":"info","logger":"ngalert.sender.router","msg":"Sending alerts to local notifier","org_id":1,"rule_uid":"aeranuqh906wwa","t":"2025-12-19T16:14:10.021049071Z"}
{"count":1,"level":"info","logger":"ngalert.sender.router","msg":"Sending alerts to local notifier","org_id":1,"rule_uid":"bentlrwxs1534b","t":"2025-12-19T16:14:11.549672544Z"}
{"count":1,"level":"info","logger":"ngalert.sender.router","msg":"Sending alerts to local notifier","org_id":1,"rule_uid":"eepiaqdm333lse","t":"2025-12-19T16:14:16.166360536Z"}
{"count":2,"level":"info","logger":"ngalert.sender.router","msg":"Sending alerts to local notifier","org_id":1,"rule_uid":"aeranuqh906wwa","t":"2025-12-19T16:15:10.020697387Z"}
{"count":1,"level":"info","logger":"ngalert.sender.router","msg":"Sending alerts to local notifier","org_id":1,"rule_uid":"bentlrwxs1534b","t":"2025-12-19T16:15:11.550811334Z"}
{"count":1,"level":"info","logger":"ngalert.sender.router","msg":"Sending alerts to local notifier","org_id":1,"rule_uid":"eepiaqdm333lse","t":"2025-12-19T16:15:16.167205396Z"}
{"count":2,"level":"info","logger":"ngalert.sender.router","msg":"Sending alerts to local notifier","org_id":1,"rule_uid":"aeranuqh906wwa","t":"2025-12-19T16:16:10.020342671Z"}
{"count":1,"level":"info","logger":"ngalert.sender.router","msg":"Sending alerts to local notifier","org_id":1,"rule_uid":"bentlrwxs1534b","t":"2025-12-19T16:16:11.549033212Z"}
{"count":1,"level":"info","logger":"ngalert.sender.router","msg":"Sending alerts to local notifier","org_id":1,"rule_uid":"eepiaqdm333lse","t":"2025-12-19T16:16:16.165413209Z"}
{"count":2,"level":"info","logger":"ngalert.sender.router","msg":"Sending alerts to local notifier","org_id":1,"rule_uid":"aeranuqh906wwa","t":"2025-12-19T16:17:10.019807473Z"}
{"count":1,"level":"info","logger":"ngalert.sender.router","msg":"Sending alerts to local notifier","org_id":1,"rule_uid":"bentlrwxs1534b","t":"2025-12-19T16:17:11.549296234Z"}
{"count":1,"level":"info","logger":"ngalert.sender.router","msg":"Sending alerts to local notifier","org_id":1,"rule_uid":"eepiaqdm333lse","t":"2025-12-19T16:17:16.166134993Z"}
{"count":2,"level":"info","logger":"ngalert.sender.router","msg":"Sending alerts to local notifier","org_id":1,"rule_uid":"aeranuqh906wwa","t":"2025-12-19T16:18:10.022232097Z"}
{"count":1,"level":"info","logger":"ngalert.sender.router","msg":"Sending alerts to local notifier","org_id":1,"rule_uid":"bentlrwxs1534b","t":"2025-12-19T16:18:11.551214898Z"}
{"count":1,"level":"info","logger":"ngalert.sender.router","msg":"Sending alerts to local notifier","org_id":1,"rule_uid":"eepiaqdm333lse","t":"2025-12-19T16:18:16.166421709Z"}
{"count":2,"level":"info","logger":"ngalert.sender.router","msg":"Sending alerts to local notifier","org_id":1,"rule_uid":"aeranuqh906wwa","t":"2025-12-19T16:19:10.021561329Z"}
{"count":1,"level":"info","logger":"ngalert.sender.router","msg":"Sending alerts to local notifier","org_id":1,"rule_uid":"bentlrwxs1534b","t":"2025-12-19T16:19:11.551168668Z"}
{"count":1,"level":"info","logger":"ngalert.sender.router","msg":"Sending alerts to local notifier","org_id":1,"rule_uid":"eepiaqdm333lse","t":"2025-12-19T16:19:16.168367682Z"}
{"count":2,"level":"info","logger":"ngalert.sender.router","msg":"Sending alerts to local notifier","org_id":1,"rule_uid":"aeranuqh906wwa","t":"2025-12-19T16:20:10.024123157Z"}
{"count":1,"level":"info","logger":"ngalert.sender.router","msg":"Sending alerts to local notifier","org_id":1,"rule_uid":"bentlrwxs1534b","t":"2025-12-19T16:20:11.551449646Z"}
{"count":1,"level":"info","logger":"ngalert.sender.router","msg":"Sending alerts to local notifier","org_id":1,"rule_uid":"eepiaqdm333lse","t":"2025-12-19T16:20:16.167528921Z"}
{"count":2,"level":"info","logger":"ngalert.sender.router","msg":"Sending alerts to local notifier","org_id":1,"rule_uid":"aeranuqh906wwa","t":"2025-12-19T16:21:10.021060697Z"}
{"count":1,"level":"info","logger":"ngalert.sender.router","msg":"Sending alerts to local notifier","org_id":1,"rule_uid":"bentlrwxs1534b","t":"2025-12-19T16:21:11.549866215Z"}
{"count":1,"level":"info","logger":"ngalert.sender.router","msg":"Sending alerts to local notifier","org_id":1,"rule_uid":"eepiaqdm333lse","t":"2025-12-19T16:21:16.168766894Z"}
{"count":2,"level":"info","logger":"ngalert.sender.router","msg":"Sending alerts to local notifier","org_id":1,"rule_uid":"aeranuqh906wwa","t":"2025-12-19T16:22:10.019774993Z"}
{"count":1,"level":"info","logger":"ngalert.sender.router","msg":"Sending alerts to local notifier","org_id":1,"rule_uid":"bentlrwxs1534b","t":"2025-12-19T16:22:11.549356084Z"}
{"count":1,"level":"info","logger":"ngalert.sender.router","msg":"Sending alerts to local notifier","org_id":1,"rule_uid":"eepiaqdm333lse","t":"2025-12-19T16:22:16.166129117Z"}
{"count":2,"level":"info","logger":"ngalert.sender.router","msg":"Sending alerts to local notifier","org_id":1,"rule_uid":"aeranuqh906wwa","t":"2025-12-19T16:23:10.022154903Z"}
{"count":1,"level":"info","logger":"ngalert.sender.router","msg":"Sending alerts to local notifier","org_id":1,"rule_uid":"bentlrwxs1534b","t":"2025-12-19T16:23:11.551378196Z"}
{"count":1,"level":"info","logger":"ngalert.sender.router","msg":"Sending alerts to local notifier","org_id":1,"rule_uid":"eepiaqdm333lse","t":"2025-12-19T16:23:16.166034291Z"}
{"duration":"3.5518ms","level":"info","logger":"cleanup","msg":"Completed cleanup jobs","t":"2025-12-19T16:24:08.381744136Z"}
{"duration":"224.051884ms","level":"info","logger":"plugins.update.checker","msg":"Update check succeeded","t":"2025-12-19T16:24:09.039516099Z"}
{"count":2,"level":"info","logger":"ngalert.sender.router","msg":"Sending alerts to local notifier","org_id":1,"rule_uid":"aeranuqh906wwa","t":"2025-12-19T16:24:10.018447811Z"}
{"count":1,"level":"info","logger":"ngalert.sender.router","msg":"Sending alerts to local notifier","org_id":1,"rule_uid":"bentlrwxs1534b","t":"2025-12-19T16:24:11.549896802Z"}
{"count":1,"level":"info","logger":"ngalert.sender.router","msg":"Sending alerts to local notifier","org_id":1,"rule_uid":"eepiaqdm333lse","t":"2025-12-19T16:24:16.165476557Z"}
{"count":2,"level":"info","logger":"ngalert.sender.router","msg":"Sending alerts to local notifier","org_id":1,"rule_uid":"aeranuqh906wwa","t":"2025-12-19T16:25:10.019526401Z"}
{"count":1,"level":"info","logger":"ngalert.sender.router","msg":"Sending alerts to local notifier","org_id":1,"rule_uid":"bentlrwxs1534b","t":"2025-12-19T16:25:11.552515854Z"}
{"count":1,"level":"info","logger":"ngalert.sender.router","msg":"Sending alerts to local notifier","org_id":1,"rule_uid":"eepiaqdm333lse","t":"2025-12-19T16:25:16.166766192Z"}
{"count":2,"level":"info","logger":"ngalert.sender.router","msg":"Sending alerts to local notifier","org_id":1,"rule_uid":"aeranuqh906wwa","t":"2025-12-19T16:26:10.021589899Z"}
{"count":1,"level":"info","logger":"ngalert.sender.router","msg":"Sending alerts to local notifier","org_id":1,"rule_uid":"bentlrwxs1534b","t":"2025-12-19T16:26:11.549029849Z"}
{"count":1,"level":"info","logger":"ngalert.sender.router","msg":"Sending alerts to local notifier","org_id":1,"rule_uid":"eepiaqdm333lse","t":"2025-12-19T16:26:16.165749165Z"}
{"count":2,"level":"info","logger":"ngalert.sender.router","msg":"Sending alerts to local notifier","org_id":1,"rule_uid":"aeranuqh906wwa","t":"2025-12-19T16:27:10.022728789Z"}
{"count":1,"level":"info","logger":"ngalert.sender.router","msg":"Sending alerts to local notifier","org_id":1,"rule_uid":"bentlrwxs1534b","t":"2025-12-19T16:27:11.55139496Z"}
{"count":1,"level":"info","logger":"ngalert.sender.router","msg":"Sending alerts to local notifier","org_id":1,"rule_uid":"eepiaqdm333lse","t":"2025-12-19T16:27:16.165490036Z"}
{"count":2,"level":"info","logger":"ngalert.sender.router","msg":"Sending alerts to local notifier","org_id":1,"rule_uid":"aeranuqh906wwa","t":"2025-12-19T16:28:10.02110002Z"}
{"count":1,"level":"info","logger":"ngalert.sender.router","msg":"Sending alerts to local notifier","org_id":1,"rule_uid":"bentlrwxs1534b","t":"2025-12-19T16:28:11.550493406Z"}
{"count":1,"level":"info","logger":"ngalert.sender.router","msg":"Sending alerts to local notifier","org_id":1,"rule_uid":"eepiaqdm333lse","t":"2025-12-19T16:28:16.165122272Z"}
{"count":2,"level":"info","logger":"ngalert.sender.router","msg":"Sending alerts to local notifier","org_id":1,"rule_uid":"aeranuqh906wwa","t":"2025-12-19T16:29:10.021976938Z"}
{"count":1,"level":"info","logger":"ngalert.sender.router","msg":"Sending alerts to local notifier","org_id":1,"rule_uid":"bentlrwxs1534b","t":"2025-12-19T16:29:11.552791707Z"}
{"count":1,"level":"info","logger":"ngalert.sender.router","msg":"Sending alerts to local notifier","org_id":1,"rule_uid":"eepiaqdm333lse","t":"2025-12-19T16:29:16.168624669Z"}
{"count":2,"level":"info","logger":"ngalert.sender.router","msg":"Sending alerts to local notifier","org_id":1,"rule_uid":"aeranuqh906wwa","t":"2025-12-19T16:30:10.024947498Z"}
{"count":1,"level":"info","logger":"ngalert.sender.router","msg":"Sending alerts to local notifier","org_id":1,"rule_uid":"bentlrwxs1534b","t":"2025-12-19T16:30:11.550528374Z"}
{"count":1,"level":"info","logger":"ngalert.sender.router","msg":"Sending alerts to local notifier","org_id":1,"rule_uid":"eepiaqdm333lse","t":"2025-12-19T16:30:16.16689957Z"}
{"count":2,"level":"info","logger":"ngalert.sender.router","msg":"Sending alerts to local notifier","org_id":1,"rule_uid":"aeranuqh906wwa","t":"2025-12-19T16:31:10.019248553Z"}
{"count":1,"level":"info","logger":"ngalert.sender.router","msg":"Sending alerts to local notifier","org_id":1,"rule_uid":"bentlrwxs1534b","t":"2025-12-19T16:31:11.548744336Z"}
{"count":1,"level":"info","logger":"ngalert.sender.router","msg":"Sending alerts to local notifier","org_id":1,"rule_uid":"eepiaqdm333lse","t":"2025-12-19T16:31:16.16589761Z"}
{"count":2,"level":"info","logger":"ngalert.sender.router","msg":"Sending alerts to local notifier","org_id":1,"rule_uid":"aeranuqh906wwa","t":"2025-12-19T16:32:10.019025901Z"}
{"count":1,"level":"info","logger":"ngalert.sender.router","msg":"Sending alerts to local notifier","org_id":1,"rule_uid":"bentlrwxs1534b","t":"2025-12-19T16:32:11.550558285Z"}
{"count":1,"level":"info","logger":"ngalert.sender.router","msg":"Sending alerts to local notifier","org_id":1,"rule_uid":"eepiaqdm333lse","t":"2025-12-19T16:32:16.166700415Z"}
{"count":2,"level":"info","logger":"ngalert.sender.router","msg":"Sending alerts to local notifier","org_id":1,"rule_uid":"aeranuqh906wwa","t":"2025-12-19T16:33:10.019930704Z"}
{"count":1,"level":"info","logger":"ngalert.sender.router","msg":"Sending alerts to local notifier","org_id":1,"rule_uid":"bentlrwxs1534b","t":"2025-12-19T16:33:11.549958517Z"}
{"count":1,"level":"info","logger":"ngalert.sender.router","msg":"Sending alerts to local notifier","org_id":1,"rule_uid":"eepiaqdm333lse","t":"2025-12-19T16:33:16.165927108Z"}
{"duration":"4.427219ms","level":"info","logger":"cleanup","msg":"Completed cleanup jobs","t":"2025-12-19T16:34:08.381653139Z"}
{"duration":"217.657346ms","level":"info","logger":"plugins.update.checker","msg":"Update check succeeded","t":"2025-12-19T16:34:09.032953243Z"}
{"count":2,"level":"info","logger":"ngalert.sender.router","msg":"Sending alerts to local notifier","org_id":1,"rule_uid":"aeranuqh906wwa","t":"2025-12-19T16:34:10.019452843Z"}
{"count":1,"level":"info","logger":"ngalert.sender.router","msg":"Sending alerts to local notifier","org_id":1,"rule_uid":"bentlrwxs1534b","t":"2025-12-19T16:34:11.552069393Z"}
{"count":1,"level":"info","logger":"ngalert.sender.router","msg":"Sending alerts to local notifier","org_id":1,"rule_uid":"eepiaqdm333lse","t":"2025-12-19T16:34:16.167133493Z"}
{"count":2,"level":"info","logger":"ngalert.sender.router","msg":"Sending alerts to local notifier","org_id":1,"rule_uid":"aeranuqh906wwa","t":"2025-12-19T16:35:10.019331035Z"}
{"count":1,"level":"info","logger":"ngalert.sender.router","msg":"Sending alerts to local notifier","org_id":1,"rule_uid":"bentlrwxs1534b","t":"2025-12-19T16:35:11.550236825Z"}
{"count":1,"level":"info","logger":"ngalert.sender.router","msg":"Sending alerts to local notifier","org_id":1,"rule_uid":"eepiaqdm333lse","t":"2025-12-19T16:35:16.165380872Z"}
{"level":"info","logger":"infra.usagestats","msg":"Usage stats are ready to report","t":"2025-12-19T16:36:05.42995705Z"}
{"count":2,"level":"info","logger":"ngalert.sender.router","msg":"Sending alerts to local notifier","org_id":1,"rule_uid":"aeranuqh906wwa","t":"2025-12-19T16:36:10.02094964Z"}
{"count":1,"level":"info","logger":"ngalert.sender.router","msg":"Sending alerts to local notifier","org_id":1,"rule_uid":"bentlrwxs1534b","t":"2025-12-19T16:36:11.550470586Z"}
{"count":1,"level":"info","logger":"ngalert.sender.router","msg":"Sending alerts to local notifier","org_id":1,"rule_uid":"eepiaqdm333lse","t":"2025-12-19T16:36:16.167250969Z"}
{"count":2,"level":"info","logger":"ngalert.sender.router","msg":"Sending alerts to local notifier","org_id":1,"rule_uid":"aeranuqh906wwa","t":"2025-12-19T16:37:10.021909514Z"}
{"count":1,"level":"info","logger":"ngalert.sender.router","msg":"Sending alerts to local notifier","org_id":1,"rule_uid":"bentlrwxs1534b","t":"2025-12-19T16:37:11.550350585Z"}
{"count":1,"level":"info","logger":"ngalert.sender.router","msg":"Sending alerts to local notifier","org_id":1,"rule_uid":"eepiaqdm333lse","t":"2025-12-19T16:37:16.165827688Z"}
{"count":2,"level":"info","logger":"ngalert.sender.router","msg":"Sending alerts to local notifier","org_id":1,"rule_uid":"aeranuqh906wwa","t":"2025-12-19T16:38:10.02353793Z"}
{"count":1,"level":"info","logger":"ngalert.sender.router","msg":"Sending alerts to local notifier","org_id":1,"rule_uid":"bentlrwxs1534b","t":"2025-12-19T16:38:11.552909876Z"}
{"count":1,"level":"info","logger":"ngalert.sender.router","msg":"Sending alerts to local notifier","org_id":1,"rule_uid":"eepiaqdm333lse","t":"2025-12-19T16:38:16.165978373Z"}
{"count":2,"level":"info","logger":"ngalert.sender.router","msg":"Sending alerts to local notifier","org_id":1,"rule_uid":"aeranuqh906wwa","t":"2025-12-19T16:39:10.020190988Z"}
{"count":1,"level":"info","logger":"ngalert.sender.router","msg":"Sending alerts to local notifier","org_id":1,"rule_uid":"bentlrwxs1534b","t":"2025-12-19T16:39:11.549783567Z"}
{"count":1,"level":"info","logger":"ngalert.sender.router","msg":"Sending alerts to local notifier","org_id":1,"rule_uid":"eepiaqdm333lse","t":"2025-12-19T16:39:16.166137544Z"}
{"count":2,"level":"info","logger":"ngalert.sender.router","msg":"Sending alerts to local notifier","org_id":1,"rule_uid":"aeranuqh906wwa","t":"2025-12-19T16:40:10.020828058Z"}
{"count":1,"level":"info","logger":"ngalert.sender.router","msg":"Sending alerts to local notifier","org_id":1,"rule_uid":"bentlrwxs1534b","t":"2025-12-19T16:40:11.55000969Z"}
{"count":1,"level":"info","logger":"ngalert.sender.router","msg":"Sending alerts to local notifier","org_id":1,"rule_uid":"eepiaqdm333lse","t":"2025-12-19T16:40:16.165719327Z"}
{"count":2,"level":"info","logger":"ngalert.sender.router","msg":"Sending alerts to local notifier","org_id":1,"rule_uid":"aeranuqh906wwa","t":"2025-12-19T16:41:10.020613069Z"}
{"count":1,"level":"info","logger":"ngalert.sender.router","msg":"Sending alerts to local notifier","org_id":1,"rule_uid":"bentlrwxs1534b","t":"2025-12-19T16:41:11.550923145Z"}
{"count":1,"level":"info","logger":"ngalert.sender.router","msg":"Sending alerts to local notifier","org_id":1,"rule_uid":"eepiaqdm333lse","t":"2025-12-19T16:41:16.167284512Z"}
{"count":2,"level":"info","logger":"ngalert.sender.router","msg":"Sending alerts to local notifier","org_id":1,"rule_uid":"aeranuqh906wwa","t":"2025-12-19T16:42:10.019328562Z"}
{"count":1,"level":"info","logger":"ngalert.sender.router","msg":"Sending alerts to local notifier","org_id":1,"rule_uid":"bentlrwxs1534b","t":"2025-12-19T16:42:11.550217179Z"}
{"count":1,"level":"info","logger":"ngalert.sender.router","msg":"Sending alerts to local notifier","org_id":1,"rule_uid":"eepiaqdm333lse","t":"2025-12-19T16:42:16.165147507Z"}
{"count":2,"level":"info","logger":"ngalert.sender.router","msg":"Sending alerts to local notifier","org_id":1,"rule_uid":"aeranuqh906wwa","t":"2025-12-19T16:43:10.021150247Z"}
{"count":1,"level":"info","logger":"ngalert.sender.router","msg":"Sending alerts to local notifier","org_id":1,"rule_uid":"bentlrwxs1534b","t":"2025-12-19T16:43:11.55027908Z"}
{"count":1,"level":"info","logger":"ngalert.sender.router","msg":"Sending alerts to local notifier","org_id":1,"rule_uid":"eepiaqdm333lse","t":"2025-12-19T16:43:16.16747572Z"}
{"duration":"3.54471ms","level":"info","logger":"cleanup","msg":"Completed cleanup jobs","t":"2025-12-19T16:44:08.380413257Z"}
{"duration":"220.871001ms","level":"info","logger":"plugins.update.checker","msg":"Update check succeeded","t":"2025-12-19T16:44:09.036352129Z"}
{"count":2,"level":"info","logger":"ngalert.sender.router","msg":"Sending alerts to local notifier","org_id":1,"rule_uid":"aeranuqh906wwa","t":"2025-12-19T16:44:10.02036202Z"}
{"count":1,"level":"info","logger":"ngalert.sender.router","msg":"Sending alerts to local notifier","org_id":1,"rule_uid":"bentlrwxs1534b","t":"2025-12-19T16:44:11.550682914Z"}
{"count":1,"level":"info","logger":"ngalert.sender.router","msg":"Sending alerts to local notifier","org_id":1,"rule_uid":"eepiaqdm333lse","t":"2025-12-19T16:44:16.166479761Z"}
{"count":2,"level":"info","logger":"ngalert.sender.router","msg":"Sending alerts to local notifier","org_id":1,"rule_uid":"aeranuqh906wwa","t":"2025-12-19T16:45:10.019114862Z"}
{"count":1,"level":"info","logger":"ngalert.sender.router","msg":"Sending alerts to local notifier","org_id":1,"rule_uid":"bentlrwxs1534b","t":"2025-12-19T16:45:11.549079135Z"}
{"count":1,"level":"info","logger":"ngalert.sender.router","msg":"Sending alerts to local notifier","org_id":1,"rule_uid":"eepiaqdm333lse","t":"2025-12-19T16:45:16.166946988Z"}
{"count":2,"level":"info","logger":"ngalert.sender.router","msg":"Sending alerts to local notifier","org_id":1,"rule_uid":"aeranuqh906wwa","t":"2025-12-19T16:46:10.020880351Z"}
{"count":1,"level":"info","logger":"ngalert.sender.router","msg":"Sending alerts to local notifier","org_id":1,"rule_uid":"bentlrwxs1534b","t":"2025-12-19T16:46:11.550170097Z"}
{"count":1,"level":"info","logger":"ngalert.sender.router","msg":"Sending alerts to local notifier","org_id":1,"rule_uid":"eepiaqdm333lse","t":"2025-12-19T16:46:16.164251713Z"}
{"count":2,"level":"info","logger":"ngalert.sender.router","msg":"Sending alerts to local notifier","org_id":1,"rule_uid":"aeranuqh906wwa","t":"2025-12-19T16:47:10.021806965Z"}
{"count":1,"level":"info","logger":"ngalert.sender.router","msg":"Sending alerts to local notifier","org_id":1,"rule_uid":"bentlrwxs1534b","t":"2025-12-19T16:47:11.551160788Z"}
{"count":1,"level":"info","logger":"ngalert.sender.router","msg":"Sending alerts to local notifier","org_id":1,"rule_uid":"eepiaqdm333lse","t":"2025-12-19T16:47:16.16653268Z"}
{"count":2,"level":"info","logger":"ngalert.sender.router","msg":"Sending alerts to local notifier","org_id":1,"rule_uid":"aeranuqh906wwa","t":"2025-12-19T16:48:10.020562617Z"}
{"count":1,"level":"info","logger":"ngalert.sender.router","msg":"Sending alerts to local notifier","org_id":1,"rule_uid":"bentlrwxs1534b","t":"2025-12-19T16:48:11.551231936Z"}
{"count":1,"level":"info","logger":"ngalert.sender.router","msg":"Sending alerts to local notifier","org_id":1,"rule_uid":"eepiaqdm333lse","t":"2025-12-19T16:48:16.166681061Z"}
{"count":2,"level":"info","logger":"ngalert.sender.router","msg":"Sending alerts to local notifier","org_id":1,"rule_uid":"aeranuqh906wwa","t":"2025-12-19T16:49:10.020884561Z"}
{"count":1,"level":"info","logger":"ngalert.sender.router","msg":"Sending alerts to local notifier","org_id":1,"rule_uid":"bentlrwxs1534b","t":"2025-12-19T16:49:11.551036308Z"}
{"count":1,"level":"info","logger":"ngalert.sender.router","msg":"Sending alerts to local notifier","org_id":1,"rule_uid":"eepiaqdm333lse","t":"2025-12-19T16:49:16.168477032Z"}
{"count":2,"level":"info","logger":"ngalert.sender.router","msg":"Sending alerts to local notifier","org_id":1,"rule_uid":"aeranuqh906wwa","t":"2025-12-19T16:50:10.021660863Z"}
{"count":1,"level":"info","logger":"ngalert.sender.router","msg":"Sending alerts to local notifier","org_id":1,"rule_uid":"bentlrwxs1534b","t":"2025-12-19T16:50:11.550046334Z"}
{"count":1,"level":"info","logger":"ngalert.sender.router","msg":"Sending alerts to local notifier","org_id":1,"rule_uid":"eepiaqdm333lse","t":"2025-12-19T16:50:16.16493843Z"}
{"count":2,"level":"info","logger":"ngalert.sender.router","msg":"Sending alerts to local notifier","org_id":1,"rule_uid":"aeranuqh906wwa","t":"2025-12-19T16:51:10.020042307Z"}
{"count":1,"level":"info","logger":"ngalert.sender.router","msg":"Sending alerts to local notifier","org_id":1,"rule_uid":"bentlrwxs1534b","t":"2025-12-19T16:51:11.552414761Z"}
{"count":1,"level":"info","logger":"ngalert.sender.router","msg":"Sending alerts to local notifier","org_id":1,"rule_uid":"eepiaqdm333lse","t":"2025-12-19T16:51:16.165504698Z"}
{"count":2,"level":"info","logger":"ngalert.sender.router","msg":"Sending alerts to local notifier","org_id":1,"rule_uid":"aeranuqh906wwa","t":"2025-12-19T16:52:10.018336833Z"}
{"count":1,"level":"info","logger":"ngalert.sender.router","msg":"Sending alerts to local notifier","org_id":1,"rule_uid":"bentlrwxs1534b","t":"2025-12-19T16:52:11.550230861Z"}
{"count":1,"level":"info","logger":"ngalert.sender.router","msg":"Sending alerts to local notifier","org_id":1,"rule_uid":"eepiaqdm333lse","t":"2025-12-19T16:52:16.166797424Z"}
{"count":2,"level":"info","logger":"ngalert.sender.router","msg":"Sending alerts to local notifier","org_id":1,"rule_uid":"aeranuqh906wwa","t":"2025-12-19T16:53:10.022067007Z"}
{"count":1,"level":"info","logger":"ngalert.sender.router","msg":"Sending alerts to local notifier","org_id":1,"rule_uid":"bentlrwxs1534b","t":"2025-12-19T16:53:11.551475252Z"}
{"count":1,"level":"info","logger":"ngalert.sender.router","msg":"Sending alerts to local notifier","org_id":1,"rule_uid":"eepiaqdm333lse","t":"2025-12-19T16:53:16.16792887Z"}
{"duration":"3.734436ms","level":"info","logger":"cleanup","msg":"Completed cleanup jobs","t":"2025-12-19T16:54:08.381682336Z"}
{"duration":"223.824009ms","level":"info","logger":"plugins.update.checker","msg":"Update check succeeded","t":"2025-12-19T16:54:09.039428718Z"}
{"count":2,"level":"info","logger":"ngalert.sender.router","msg":"Sending alerts to local notifier","org_id":1,"rule_uid":"aeranuqh906wwa","t":"2025-12-19T16:54:10.020750969Z"}
{"count":1,"level":"info","logger":"ngalert.sender.router","msg":"Sending alerts to local notifier","org_id":1,"rule_uid":"bentlrwxs1534b","t":"2025-12-19T16:54:11.55105463Z"}
{"count":1,"level":"info","logger":"ngalert.sender.router","msg":"Sending alerts to local notifier","org_id":1,"rule_uid":"eepiaqdm333lse","t":"2025-12-19T16:54:16.169405118Z"}
{"count":2,"level":"info","logger":"ngalert.sender.router","msg":"Sending alerts to local notifier","org_id":1,"rule_uid":"aeranuqh906wwa","t":"2025-12-19T16:55:10.02109431Z"}
{"count":1,"level":"info","logger":"ngalert.sender.router","msg":"Sending alerts to local notifier","org_id":1,"rule_uid":"bentlrwxs1534b","t":"2025-12-19T16:55:11.549575689Z"}
{"count":1,"level":"info","logger":"ngalert.sender.router","msg":"Sending alerts to local notifier","org_id":1,"rule_uid":"eepiaqdm333lse","t":"2025-12-19T16:55:16.165971001Z"}
{"count":2,"level":"info","logger":"ngalert.sender.router","msg":"Sending alerts to local notifier","org_id":1,"rule_uid":"aeranuqh906wwa","t":"2025-12-19T16:56:10.019981885Z"}
{"count":1,"level":"info","logger":"ngalert.sender.router","msg":"Sending alerts to local notifier","org_id":1,"rule_uid":"bentlrwxs1534b","t":"2025-12-19T16:56:11.551730381Z"}
{"count":1,"level":"info","logger":"ngalert.sender.router","msg":"Sending alerts to local notifier","org_id":1,"rule_uid":"eepiaqdm333lse","t":"2025-12-19T16:56:16.165770741Z"}
{"count":2,"level":"info","logger":"ngalert.sender.router","msg":"Sending alerts to local notifier","org_id":1,"rule_uid":"aeranuqh906wwa","t":"2025-12-19T16:57:10.021343754Z"}
{"count":1,"level":"info","logger":"ngalert.sender.router","msg":"Sending alerts to local notifier","org_id":1,"rule_uid":"bentlrwxs1534b","t":"2025-12-19T16:57:11.552414018Z"}
{"count":1,"level":"info","logger":"ngalert.sender.router","msg":"Sending alerts to local notifier","org_id":1,"rule_uid":"eepiaqdm333lse","t":"2025-12-19T16:57:16.164736015Z"}
{"count":2,"level":"info","logger":"ngalert.sender.router","msg":"Sending alerts to local notifier","org_id":1,"rule_uid":"aeranuqh906wwa","t":"2025-12-19T16:58:10.018920066Z"}
{"count":1,"level":"info","logger":"ngalert.sender.router","msg":"Sending alerts to local notifier","org_id":1,"rule_uid":"bentlrwxs1534b","t":"2025-12-19T16:58:11.550086721Z"}
{"count":1,"level":"info","logger":"ngalert.sender.router","msg":"Sending alerts to local notifier","org_id":1,"rule_uid":"eepiaqdm333lse","t":"2025-12-19T16:58:16.166150946Z"}
{"count":2,"level":"info","logger":"ngalert.sender.router","msg":"Sending alerts to local notifier","org_id":1,"rule_uid":"aeranuqh906wwa","t":"2025-12-19T16:59:10.023738623Z"}
{"count":1,"level":"info","logger":"ngalert.sender.router","msg":"Sending alerts to local notifier","org_id":1,"rule_uid":"bentlrwxs1534b","t":"2025-12-19T16:59:11.551049838Z"}
{"count":1,"level":"info","logger":"ngalert.sender.router","msg":"Sending alerts to local notifier","org_id":1,"rule_uid":"eepiaqdm333lse","t":"2025-12-19T16:59:16.166171519Z"}
{"count":2,"level":"info","logger":"ngalert.sender.router","msg":"Sending alerts to local notifier","org_id":1,"rule_uid":"aeranuqh906wwa","t":"2025-12-19T17:00:10.023807374Z"}
{"count":1,"level":"info","logger":"ngalert.sender.router","msg":"Sending alerts to local notifier","org_id":1,"rule_uid":"bentlrwxs1534b","t":"2025-12-19T17:00:11.551076236Z"}
{"count":1,"level":"info","logger":"ngalert.sender.router","msg":"Sending alerts to local notifier","org_id":1,"rule_uid":"eepiaqdm333lse","t":"2025-12-19T17:00:16.164601921Z"}
{"count":2,"level":"info","logger":"ngalert.sender.router","msg":"Sending alerts to local notifier","org_id":1,"rule_uid":"aeranuqh906wwa","t":"2025-12-19T17:01:10.011971416Z"}
{"count":1,"level":"info","logger":"ngalert.sender.router","msg":"Sending alerts to local notifier","org_id":1,"rule_uid":"bentlrwxs1534b","t":"2025-12-19T17:01:11.547997532Z"}
{"count":1,"level":"info","logger":"ngalert.sender.router","msg":"Sending alerts to local notifier","org_id":1,"rule_uid":"eepiaqdm333lse","t":"2025-12-19T17:01:16.168654829Z"}
{"count":2,"level":"info","logger":"ngalert.sender.router","msg":"Sending alerts to local notifier","org_id":1,"rule_uid":"aeranuqh906wwa","t":"2025-12-19T17:02:10.02135729Z"}
{"count":1,"level":"info","logger":"ngalert.sender.router","msg":"Sending alerts to local notifier","org_id":1,"rule_uid":"bentlrwxs1534b","t":"2025-12-19T17:02:11.550951649Z"}
{"count":1,"level":"info","logger":"ngalert.sender.router","msg":"Sending alerts to local notifier","org_id":1,"rule_uid":"eepiaqdm333lse","t":"2025-12-19T17:02:16.167116836Z"}
{"count":2,"level":"info","logger":"ngalert.sender.router","msg":"Sending alerts to local notifier","org_id":1,"rule_uid":"aeranuqh906wwa","t":"2025-12-19T17:03:10.020541558Z"}
{"count":1,"level":"info","logger":"ngalert.sender.router","msg":"Sending alerts to local notifier","org_id":1,"rule_uid":"bentlrwxs1534b","t":"2025-12-19T17:03:11.549854512Z"}
{"count":1,"level":"info","logger":"ngalert.sender.router","msg":"Sending alerts to local notifier","org_id":1,"rule_uid":"eepiaqdm333lse","t":"2025-12-19T17:03:16.164732702Z"}
{"duration":"3.813858ms","level":"info","logger":"cleanup","msg":"Completed cleanup jobs","t":"2025-12-19T17:04:08.380601329Z"}
{"duration":"224.614052ms","level":"info","logger":"plugins.update.checker","msg":"Update check succeeded","t":"2025-12-19T17:04:09.039486581Z"}
{"count":2,"level":"info","logger":"ngalert.sender.router","msg":"Sending alerts to local notifier","org_id":1,"rule_uid":"aeranuqh906wwa","t":"2025-12-19T17:04:10.018462291Z"}
{"count":1,"level":"info","logger":"ngalert.sender.router","msg":"Sending alerts to local notifier","org_id":1,"rule_uid":"bentlrwxs1534b","t":"2025-12-19T17:04:11.550065639Z"}
{"count":1,"level":"info","logger":"ngalert.sender.router","msg":"Sending alerts to local notifier","org_id":1,"rule_uid":"eepiaqdm333lse","t":"2025-12-19T17:04:16.166150987Z"}
{"count":2,"level":"info","logger":"ngalert.sender.router","msg":"Sending alerts to local notifier","org_id":1,"rule_uid":"aeranuqh906wwa","t":"2025-12-19T17:05:10.021209342Z"}
{"count":1,"level":"info","logger":"ngalert.sender.router","msg":"Sending alerts to local notifier","org_id":1,"rule_uid":"bentlrwxs1534b","t":"2025-12-19T17:05:11.551182136Z"}
{"count":1,"level":"info","logger":"ngalert.sender.router","msg":"Sending alerts to local notifier","org_id":1,"rule_uid":"eepiaqdm333lse","t":"2025-12-19T17:05:16.169468723Z"}
{"level":"info","logger":"infra.usagestats","msg":"Usage stats are ready to report","t":"2025-12-19T17:06:05.429070188Z"}
{"count":2,"level":"info","logger":"ngalert.sender.router","msg":"Sending alerts to local notifier","org_id":1,"rule_uid":"aeranuqh906wwa","t":"2025-12-19T17:06:10.020836787Z"}
{"count":1,"level":"info","logger":"ngalert.sender.router","msg":"Sending alerts to local notifier","org_id":1,"rule_uid":"bentlrwxs1534b","t":"2025-12-19T17:06:11.551550564Z"}
{"count":1,"level":"info","logger":"ngalert.sender.router","msg":"Sending alerts to local notifier","org_id":1,"rule_uid":"eepiaqdm333lse","t":"2025-12-19T17:06:16.165055357Z"}
{"count":2,"level":"info","logger":"ngalert.sender.router","msg":"Sending alerts to local notifier","org_id":1,"rule_uid":"aeranuqh906wwa","t":"2025-12-19T17:07:10.020835271Z"}
{"count":1,"level":"info","logger":"ngalert.sender.router","msg":"Sending alerts to local notifier","org_id":1,"rule_uid":"bentlrwxs1534b","t":"2025-12-19T17:07:11.549413296Z"}
{"count":1,"level":"info","logger":"ngalert.sender.router","msg":"Sending alerts to local notifier","org_id":1,"rule_uid":"eepiaqdm333lse","t":"2025-12-19T17:07:16.167119273Z"}
{"count":2,"level":"info","logger":"ngalert.sender.router","msg":"Sending alerts to local notifier","org_id":1,"rule_uid":"aeranuqh906wwa","t":"2025-12-19T17:08:10.022687631Z"}
{"count":1,"level":"info","logger":"ngalert.sender.router","msg":"Sending alerts to local notifier","org_id":1,"rule_uid":"bentlrwxs1534b","t":"2025-12-19T17:08:11.551204239Z"}
{"count":1,"level":"info","logger":"ngalert.sender.router","msg":"Sending alerts to local notifier","org_id":1,"rule_uid":"eepiaqdm333lse","t":"2025-12-19T17:08:16.166205333Z"}
{"count":2,"level":"info","logger":"ngalert.sender.router","msg":"Sending alerts to local notifier","org_id":1,"rule_uid":"aeranuqh906wwa","t":"2025-12-19T17:09:10.023372241Z"}
{"count":1,"level":"info","logger":"ngalert.sender.router","msg":"Sending alerts to local notifier","org_id":1,"rule_uid":"bentlrwxs1534b","t":"2025-12-19T17:09:11.551897512Z"}
{"count":1,"level":"info","logger":"ngalert.sender.router","msg":"Sending alerts to local notifier","org_id":1,"rule_uid":"eepiaqdm333lse","t":"2025-12-19T17:09:16.166186572Z"}
{"count":2,"level":"info","logger":"ngalert.sender.router","msg":"Sending alerts to local notifier","org_id":1,"rule_uid":"aeranuqh906wwa","t":"2025-12-19T17:10:10.018843486Z"}
{"count":1,"level":"info","logger":"ngalert.sender.router","msg":"Sending alerts to local notifier","org_id":1,"rule_uid":"bentlrwxs1534b","t":"2025-12-19T17:10:11.550420653Z"}
{"count":1,"level":"info","logger":"ngalert.sender.router","msg":"Sending alerts to local notifier","org_id":1,"rule_uid":"eepiaqdm333lse","t":"2025-12-19T17:10:16.166335426Z"}
{"count":2,"level":"info","logger":"ngalert.sender.router","msg":"Sending alerts to local notifier","org_id":1,"rule_uid":"aeranuqh906wwa","t":"2025-12-19T17:11:10.022332459Z"}
{"count":1,"level":"info","logger":"ngalert.sender.router","msg":"Sending alerts to local notifier","org_id":1,"rule_uid":"bentlrwxs1534b","t":"2025-12-19T17:11:11.55067089Z"}
{"count":1,"level":"info","logger":"ngalert.sender.router","msg":"Sending alerts to local notifier","org_id":1,"rule_uid":"eepiaqdm333lse","t":"2025-12-19T17:11:16.16596465Z"}
{"count":2,"level":"info","logger":"ngalert.sender.router","msg":"Sending alerts to local notifier","org_id":1,"rule_uid":"aeranuqh906wwa","t":"2025-12-19T17:12:10.020716431Z"}
{"count":1,"level":"info","logger":"ngalert.sender.router","msg":"Sending alerts to local notifier","org_id":1,"rule_uid":"bentlrwxs1534b","t":"2025-12-19T17:12:11.551101477Z"}
{"count":1,"level":"info","logger":"ngalert.sender.router","msg":"Sending alerts to local notifier","org_id":1,"rule_uid":"eepiaqdm333lse","t":"2025-12-19T17:12:16.169939276Z"}
{"count":2,"level":"info","logger":"ngalert.sender.router","msg":"Sending alerts to local notifier","org_id":1,"rule_uid":"aeranuqh906wwa","t":"2025-12-19T17:13:10.021072584Z"}
{"count":1,"level":"info","logger":"ngalert.sender.router","msg":"Sending alerts to local notifier","org_id":1,"rule_uid":"bentlrwxs1534b","t":"2025-12-19T17:13:11.552578502Z"}
{"count":1,"level":"info","logger":"ngalert.sender.router","msg":"Sending alerts to local notifier","org_id":1,"rule_uid":"eepiaqdm333lse","t":"2025-12-19T17:13:16.165643841Z"}
{"duration":"3.974708ms","level":"info","logger":"cleanup","msg":"Completed cleanup jobs","t":"2025-12-19T17:14:08.380572526Z"}
{"duration":"218.394201ms","level":"info","logger":"plugins.update.checker","msg":"Update check succeeded","t":"2025-12-19T17:14:09.033283398Z"}
{"count":2,"level":"info","logger":"ngalert.sender.router","msg":"Sending alerts to local notifier","org_id":1,"rule_uid":"aeranuqh906wwa","t":"2025-12-19T17:14:10.020561916Z"}
{"count":1,"level":"info","logger":"ngalert.sender.router","msg":"Sending alerts to local notifier","org_id":1,"rule_uid":"bentlrwxs1534b","t":"2025-12-19T17:14:11.551064708Z"}
{"count":1,"level":"info","logger":"ngalert.sender.router","msg":"Sending alerts to local notifier","org_id":1,"rule_uid":"eepiaqdm333lse","t":"2025-12-19T17:14:16.165157194Z"}
{"count":2,"level":"info","logger":"ngalert.sender.router","msg":"Sending alerts to local notifier","org_id":1,"rule_uid":"aeranuqh906wwa","t":"2025-12-19T17:15:10.02222687Z"}
{"count":1,"level":"info","logger":"ngalert.sender.router","msg":"Sending alerts to local notifier","org_id":1,"rule_uid":"bentlrwxs1534b","t":"2025-12-19T17:15:11.551193139Z"}
{"count":1,"level":"info","logger":"ngalert.sender.router","msg":"Sending alerts to local notifier","org_id":1,"rule_uid":"eepiaqdm333lse","t":"2025-12-19T17:15:16.165355583Z"}
{"count":2,"level":"info","logger":"ngalert.sender.router","msg":"Sending alerts to local notifier","org_id":1,"rule_uid":"aeranuqh906wwa","t":"2025-12-19T17:16:10.022568669Z"}
{"count":1,"level":"info","logger":"ngalert.sender.router","msg":"Sending alerts to local notifier","org_id":1,"rule_uid":"bentlrwxs1534b","t":"2025-12-19T17:16:11.55240591Z"}
{"count":1,"level":"info","logger":"ngalert.sender.router","msg":"Sending alerts to local notifier","org_id":1,"rule_uid":"eepiaqdm333lse","t":"2025-12-19T17:16:16.16696505Z"}
{"count":2,"level":"info","logger":"ngalert.sender.router","msg":"Sending alerts to local notifier","org_id":1,"rule_uid":"aeranuqh906wwa","t":"2025-12-19T17:17:10.019957713Z"}
{"count":1,"level":"info","logger":"ngalert.sender.router","msg":"Sending alerts to local notifier","org_id":1,"rule_uid":"bentlrwxs1534b","t":"2025-12-19T17:17:11.551817123Z"}
{"count":1,"level":"info","logger":"ngalert.sender.router","msg":"Sending alerts to local notifier","org_id":1,"rule_uid":"eepiaqdm333lse","t":"2025-12-19T17:17:16.165398752Z"}
{"count":2,"level":"info","logger":"ngalert.sender.router","msg":"Sending alerts to local notifier","org_id":1,"rule_uid":"aeranuqh906wwa","t":"2025-12-19T17:18:10.022555827Z"}
{"count":1,"level":"info","logger":"ngalert.sender.router","msg":"Sending alerts to local notifier","org_id":1,"rule_uid":"bentlrwxs1534b","t":"2025-12-19T17:18:11.550257176Z"}
{"count":1,"level":"info","logger":"ngalert.sender.router","msg":"Sending alerts to local notifier","org_id":1,"rule_uid":"eepiaqdm333lse","t":"2025-12-19T17:18:16.165376423Z"}
{"count":2,"level":"info","logger":"ngalert.sender.router","msg":"Sending alerts to local notifier","org_id":1,"rule_uid":"aeranuqh906wwa","t":"2025-12-19T17:19:10.021165334Z"}
{"count":1,"level":"info","logger":"ngalert.sender.router","msg":"Sending alerts to local notifier","org_id":1,"rule_uid":"bentlrwxs1534b","t":"2025-12-19T17:19:11.550205391Z"}
{"count":1,"level":"info","logger":"ngalert.sender.router","msg":"Sending alerts to local notifier","org_id":1,"rule_uid":"eepiaqdm333lse","t":"2025-12-19T17:19:16.166176858Z"}
{"count":2,"level":"info","logger":"ngalert.sender.router","msg":"Sending alerts to local notifier","org_id":1,"rule_uid":"aeranuqh906wwa","t":"2025-12-19T17:20:10.020796713Z"}
{"count":1,"level":"info","logger":"ngalert.sender.router","msg":"Sending alerts to local notifier","org_id":1,"rule_uid":"bentlrwxs1534b","t":"2025-12-19T17:20:11.550843427Z"}
{"count":1,"level":"info","logger":"ngalert.sender.router","msg":"Sending alerts to local notifier","org_id":1,"rule_uid":"eepiaqdm333lse","t":"2025-12-19T17:20:16.167656436Z"}
{"count":2,"level":"info","logger":"ngalert.sender.router","msg":"Sending alerts to local notifier","org_id":1,"rule_uid":"aeranuqh906wwa","t":"2025-12-19T17:21:10.021950203Z"}
{"count":1,"level":"info","logger":"ngalert.sender.router","msg":"Sending alerts to local notifier","org_id":1,"rule_uid":"bentlrwxs1534b","t":"2025-12-19T17:21:11.551484558Z"}
{"count":1,"level":"info","logger":"ngalert.sender.router","msg":"Sending alerts to local notifier","org_id":1,"rule_uid":"eepiaqdm333lse","t":"2025-12-19T17:21:16.164993745Z"}
{"count":2,"level":"info","logger":"ngalert.sender.router","msg":"Sending alerts to local notifier","org_id":1,"rule_uid":"aeranuqh906wwa","t":"2025-12-19T17:22:10.019671145Z"}
{"count":1,"level":"info","logger":"ngalert.sender.router","msg":"Sending alerts to local notifier","org_id":1,"rule_uid":"bentlrwxs1534b","t":"2025-12-19T17:22:11.551959441Z"}
{"count":1,"level":"info","logger":"ngalert.sender.router","msg":"Sending alerts to local notifier","org_id":1,"rule_uid":"eepiaqdm333lse","t":"2025-12-19T17:22:16.16620556Z"}
{"count":2,"level":"info","logger":"ngalert.sender.router","msg":"Sending alerts to local notifier","org_id":1,"rule_uid":"aeranuqh906wwa","t":"2025-12-19T17:23:10.023048971Z"}
{"count":1,"level":"info","logger":"ngalert.sender.router","msg":"Sending alerts to local notifier","org_id":1,"rule_uid":"bentlrwxs1534b","t":"2025-12-19T17:23:11.550571624Z"}
{"count":1,"level":"info","logger":"ngalert.sender.router","msg":"Sending alerts to local notifier","org_id":1,"rule_uid":"eepiaqdm333lse","t":"2025-12-19T17:23:16.167382998Z"}
{"duration":"4.603436ms","level":"info","logger":"cleanup","msg":"Completed cleanup jobs","t":"2025-12-19T17:24:08.381393575Z"}
{"duration":"218.490996ms","level":"info","logger":"plugins.update.checker","msg":"Update check succeeded","t":"2025-12-19T17:24:09.033451301Z"}
{"count":2,"level":"info","logger":"ngalert.sender.router","msg":"Sending alerts to local notifier","org_id":1,"rule_uid":"aeranuqh906wwa","t":"2025-12-19T17:24:10.020807892Z"}
{"count":1,"level":"info","logger":"ngalert.sender.router","msg":"Sending alerts to local notifier","org_id":1,"rule_uid":"bentlrwxs1534b","t":"2025-12-19T17:24:11.549367368Z"}
{"count":1,"level":"info","logger":"ngalert.sender.router","msg":"Sending alerts to local notifier","org_id":1,"rule_uid":"eepiaqdm333lse","t":"2025-12-19T17:24:16.165387922Z"}
{"count":2,"level":"info","logger":"ngalert.sender.router","msg":"Sending alerts to local notifier","org_id":1,"rule_uid":"aeranuqh906wwa","t":"2025-12-19T17:25:10.019523936Z"}
{"count":1,"level":"info","logger":"ngalert.sender.router","msg":"Sending alerts to local notifier","org_id":1,"rule_uid":"bentlrwxs1534b","t":"2025-12-19T17:25:11.550155265Z"}
{"count":1,"level":"info","logger":"ngalert.sender.router","msg":"Sending alerts to local notifier","org_id":1,"rule_uid":"eepiaqdm333lse","t":"2025-12-19T17:25:16.166067152Z"}
{"count":2,"level":"info","logger":"ngalert.sender.router","msg":"Sending alerts to local notifier","org_id":1,"rule_uid":"aeranuqh906wwa","t":"2025-12-19T17:26:10.018180215Z"}
{"count":1,"level":"info","logger":"ngalert.sender.router","msg":"Sending alerts to local notifier","org_id":1,"rule_uid":"bentlrwxs1534b","t":"2025-12-19T17:26:11.550584014Z"}
{"count":1,"level":"info","logger":"ngalert.sender.router","msg":"Sending alerts to local notifier","org_id":1,"rule_uid":"eepiaqdm333lse","t":"2025-12-19T17:26:16.166382668Z"}
{"count":2,"level":"info","logger":"ngalert.sender.router","msg":"Sending alerts to local notifier","org_id":1,"rule_uid":"aeranuqh906wwa","t":"2025-12-19T17:27:10.020748039Z"}
{"count":1,"level":"info","logger":"ngalert.sender.router","msg":"Sending alerts to local notifier","org_id":1,"rule_uid":"bentlrwxs1534b","t":"2025-12-19T17:27:11.550889483Z"}
{"count":1,"level":"info","logger":"ngalert.sender.router","msg":"Sending alerts to local notifier","org_id":1,"rule_uid":"eepiaqdm333lse","t":"2025-12-19T17:27:16.166794075Z"}
{"count":2,"level":"info","logger":"ngalert.sender.router","msg":"Sending alerts to local notifier","org_id":1,"rule_uid":"aeranuqh906wwa","t":"2025-12-19T17:28:10.022038504Z"}
{"count":1,"level":"info","logger":"ngalert.sender.router","msg":"Sending alerts to local notifier","org_id":1,"rule_uid":"bentlrwxs1534b","t":"2025-12-19T17:28:11.550983138Z"}
{"count":1,"level":"info","logger":"ngalert.sender.router","msg":"Sending alerts to local notifier","org_id":1,"rule_uid":"eepiaqdm333lse","t":"2025-12-19T17:28:16.166645108Z"}
{"count":2,"level":"info","logger":"ngalert.sender.router","msg":"Sending alerts to local notifier","org_id":1,"rule_uid":"aeranuqh906wwa","t":"2025-12-19T17:29:10.021950804Z"}
{"count":1,"level":"info","logger":"ngalert.sender.router","msg":"Sending alerts to local notifier","org_id":1,"rule_uid":"bentlrwxs1534b","t":"2025-12-19T17:29:11.552346972Z"}
{"count":1,"level":"info","logger":"ngalert.sender.router","msg":"Sending alerts to local notifier","org_id":1,"rule_uid":"eepiaqdm333lse","t":"2025-12-19T17:29:16.16675379Z"}
{"count":2,"level":"info","logger":"ngalert.sender.router","msg":"Sending alerts to local notifier","org_id":1,"rule_uid":"aeranuqh906wwa","t":"2025-12-19T17:30:10.025404359Z"}
{"count":1,"level":"info","logger":"ngalert.sender.router","msg":"Sending alerts to local notifier","org_id":1,"rule_uid":"bentlrwxs1534b","t":"2025-12-19T17:30:11.551176318Z"}
{"count":1,"level":"info","logger":"ngalert.sender.router","msg":"Sending alerts to local notifier","org_id":1,"rule_uid":"eepiaqdm333lse","t":"2025-12-19T17:30:16.165276727Z"}
{"count":2,"level":"info","logger":"ngalert.sender.router","msg":"Sending alerts to local notifier","org_id":1,"rule_uid":"aeranuqh906wwa","t":"2025-12-19T17:31:10.0212112Z"}
{"count":1,"level":"info","logger":"ngalert.sender.router","msg":"Sending alerts to local notifier","org_id":1,"rule_uid":"bentlrwxs1534b","t":"2025-12-19T17:31:11.549953392Z"}
{"count":1,"level":"info","logger":"ngalert.sender.router","msg":"Sending alerts to local notifier","org_id":1,"rule_uid":"eepiaqdm333lse","t":"2025-12-19T17:31:16.167514242Z"}
{"count":2,"level":"info","logger":"ngalert.sender.router","msg":"Sending alerts to local notifier","org_id":1,"rule_uid":"aeranuqh906wwa","t":"2025-12-19T17:32:10.022107053Z"}
{"count":1,"level":"info","logger":"ngalert.sender.router","msg":"Sending alerts to local notifier","org_id":1,"rule_uid":"bentlrwxs1534b","t":"2025-12-19T17:32:11.552946517Z"}
{"count":1,"level":"info","logger":"ngalert.sender.router","msg":"Sending alerts to local notifier","org_id":1,"rule_uid":"eepiaqdm333lse","t":"2025-12-19T17:32:16.166103539Z"}
{"count":2,"level":"info","logger":"ngalert.sender.router","msg":"Sending alerts to local notifier","org_id":1,"rule_uid":"aeranuqh906wwa","t":"2025-12-19T17:33:10.018393144Z"}
{"count":1,"level":"info","logger":"ngalert.sender.router","msg":"Sending alerts to local notifier","org_id":1,"rule_uid":"bentlrwxs1534b","t":"2025-12-19T17:33:11.551946551Z"}
{"count":1,"level":"info","logger":"ngalert.sender.router","msg":"Sending alerts to local notifier","org_id":1,"rule_uid":"eepiaqdm333lse","t":"2025-12-19T17:33:16.169324241Z"}
{"duration":"6.105226ms","level":"info","logger":"cleanup","msg":"Completed cleanup jobs","t":"2025-12-19T17:34:08.382564445Z"}
{"duration":"219.24081ms","level":"info","logger":"plugins.update.checker","msg":"Update check succeeded","t":"2025-12-19T17:34:09.034095523Z"}
{"count":2,"level":"info","logger":"ngalert.sender.router","msg":"Sending alerts to local notifier","org_id":1,"rule_uid":"aeranuqh906wwa","t":"2025-12-19T17:34:10.018928948Z"}
{"count":1,"level":"info","logger":"ngalert.sender.router","msg":"Sending alerts to local notifier","org_id":1,"rule_uid":"bentlrwxs1534b","t":"2025-12-19T17:34:11.550074286Z"}
{"count":1,"level":"info","logger":"ngalert.sender.router","msg":"Sending alerts to local notifier","org_id":1,"rule_uid":"eepiaqdm333lse","t":"2025-12-19T17:34:16.171158076Z"}
{"count":2,"level":"info","logger":"ngalert.sender.router","msg":"Sending alerts to local notifier","org_id":1,"rule_uid":"aeranuqh906wwa","t":"2025-12-19T17:35:10.021971204Z"}
{"count":1,"level":"info","logger":"ngalert.sender.router","msg":"Sending alerts to local notifier","org_id":1,"rule_uid":"bentlrwxs1534b","t":"2025-12-19T17:35:11.550630557Z"}
{"count":1,"level":"info","logger":"ngalert.sender.router","msg":"Sending alerts to local notifier","org_id":1,"rule_uid":"eepiaqdm333lse","t":"2025-12-19T17:35:16.171244431Z"}
{"level":"info","logger":"infra.usagestats","msg":"Usage stats are ready to report","t":"2025-12-19T17:36:05.428847281Z"}
{"count":2,"level":"info","logger":"ngalert.sender.router","msg":"Sending alerts to local notifier","org_id":1,"rule_uid":"aeranuqh906wwa","t":"2025-12-19T17:36:10.019486404Z"}
{"count":1,"level":"info","logger":"ngalert.sender.router","msg":"Sending alerts to local notifier","org_id":1,"rule_uid":"bentlrwxs1534b","t":"2025-12-19T17:36:11.551934908Z"}
{"count":1,"level":"info","logger":"ngalert.sender.router","msg":"Sending alerts to local notifier","org_id":1,"rule_uid":"eepiaqdm333lse","t":"2025-12-19T17:36:16.166443565Z"}
{"count":2,"level":"info","logger":"ngalert.sender.router","msg":"Sending alerts to local notifier","org_id":1,"rule_uid":"aeranuqh906wwa","t":"2025-12-19T17:37:10.021159989Z"}
{"count":1,"level":"info","logger":"ngalert.sender.router","msg":"Sending alerts to local notifier","org_id":1,"rule_uid":"bentlrwxs1534b","t":"2025-12-19T17:37:11.549697877Z"}
{"count":1,"level":"info","logger":"ngalert.sender.router","msg":"Sending alerts to local notifier","org_id":1,"rule_uid":"eepiaqdm333lse","t":"2025-12-19T17:37:16.167108831Z"}
{"count":2,"level":"info","logger":"ngalert.sender.router","msg":"Sending alerts to local notifier","org_id":1,"rule_uid":"aeranuqh906wwa","t":"2025-12-19T17:38:10.019361268Z"}
{"count":1,"level":"info","logger":"ngalert.sender.router","msg":"Sending alerts to local notifier","org_id":1,"rule_uid":"bentlrwxs1534b","t":"2025-12-19T17:38:11.550524403Z"}
{"count":1,"level":"info","logger":"ngalert.sender.router","msg":"Sending alerts to local notifier","org_id":1,"rule_uid":"eepiaqdm333lse","t":"2025-12-19T17:38:16.165793662Z"}
{"count":2,"level":"info","logger":"ngalert.sender.router","msg":"Sending alerts to local notifier","org_id":1,"rule_uid":"aeranuqh906wwa","t":"2025-12-19T17:39:10.022464283Z"}
{"count":1,"level":"info","logger":"ngalert.sender.router","msg":"Sending alerts to local notifier","org_id":1,"rule_uid":"bentlrwxs1534b","t":"2025-12-19T17:39:11.549713325Z"}
{"count":1,"level":"info","logger":"ngalert.sender.router","msg":"Sending alerts to local notifier","org_id":1,"rule_uid":"eepiaqdm333lse","t":"2025-12-19T17:39:16.165610357Z"}
{"count":2,"level":"info","logger":"ngalert.sender.router","msg":"Sending alerts to local notifier","org_id":1,"rule_uid":"aeranuqh906wwa","t":"2025-12-19T17:40:10.021683071Z"}
{"count":1,"level":"info","logger":"ngalert.sender.router","msg":"Sending alerts to local notifier","org_id":1,"rule_uid":"bentlrwxs1534b","t":"2025-12-19T17:40:11.550398436Z"}
{"count":1,"level":"info","logger":"ngalert.sender.router","msg":"Sending alerts to local notifier","org_id":1,"rule_uid":"eepiaqdm333lse","t":"2025-12-19T17:40:16.169072036Z"}
{"count":2,"level":"info","logger":"ngalert.sender.router","msg":"Sending alerts to local notifier","org_id":1,"rule_uid":"aeranuqh906wwa","t":"2025-12-19T17:41:10.02046511Z"}
{"count":1,"level":"info","logger":"ngalert.sender.router","msg":"Sending alerts to local notifier","org_id":1,"rule_uid":"bentlrwxs1534b","t":"2025-12-19T17:41:11.551736522Z"}
{"count":1,"level":"info","logger":"ngalert.sender.router","msg":"Sending alerts to local notifier","org_id":1,"rule_uid":"eepiaqdm333lse","t":"2025-12-19T17:41:16.165685209Z"}
{"count":2,"level":"info","logger":"ngalert.sender.router","msg":"Sending alerts to local notifier","org_id":1,"rule_uid":"aeranuqh906wwa","t":"2025-12-19T17:42:10.021374938Z"}
{"count":1,"level":"info","logger":"ngalert.sender.router","msg":"Sending alerts to local notifier","org_id":1,"rule_uid":"bentlrwxs1534b","t":"2025-12-19T17:42:11.550815568Z"}
{"count":1,"level":"info","logger":"ngalert.sender.router","msg":"Sending alerts to local notifier","org_id":1,"rule_uid":"eepiaqdm333lse","t":"2025-12-19T17:42:16.166755338Z"}
{"count":2,"level":"info","logger":"ngalert.sender.router","msg":"Sending alerts to local notifier","org_id":1,"rule_uid":"aeranuqh906wwa","t":"2025-12-19T17:43:10.01841256Z"}
{"count":1,"level":"info","logger":"ngalert.sender.router","msg":"Sending alerts to local notifier","org_id":1,"rule_uid":"bentlrwxs1534b","t":"2025-12-19T17:43:11.549293431Z"}
{"count":1,"level":"info","logger":"ngalert.sender.router","msg":"Sending alerts to local notifier","org_id":1,"rule_uid":"eepiaqdm333lse","t":"2025-12-19T17:43:16.165627709Z"}
{"duration":"4.286199ms","level":"info","logger":"cleanup","msg":"Completed cleanup jobs","t":"2025-12-19T17:44:08.381735392Z"}
{"duration":"223.315606ms","level":"info","logger":"plugins.update.checker","msg":"Update check succeeded","t":"2025-12-19T17:44:09.039145204Z"}
{"count":2,"level":"info","logger":"ngalert.sender.router","msg":"Sending alerts to local notifier","org_id":1,"rule_uid":"aeranuqh906wwa","t":"2025-12-19T17:44:10.019196893Z"}
{"count":1,"level":"info","logger":"ngalert.sender.router","msg":"Sending alerts to local notifier","org_id":1,"rule_uid":"bentlrwxs1534b","t":"2025-12-19T17:44:11.54987228Z"}
{"count":1,"level":"info","logger":"ngalert.sender.router","msg":"Sending alerts to local notifier","org_id":1,"rule_uid":"eepiaqdm333lse","t":"2025-12-19T17:44:16.165487779Z"}
{"count":2,"level":"info","logger":"ngalert.sender.router","msg":"Sending alerts to local notifier","org_id":1,"rule_uid":"aeranuqh906wwa","t":"2025-12-19T17:45:10.021079458Z"}
{"count":1,"level":"info","logger":"ngalert.sender.router","msg":"Sending alerts to local notifier","org_id":1,"rule_uid":"bentlrwxs1534b","t":"2025-12-19T17:45:11.550786163Z"}
{"count":1,"level":"info","logger":"ngalert.sender.router","msg":"Sending alerts to local notifier","org_id":1,"rule_uid":"eepiaqdm333lse","t":"2025-12-19T17:45:16.165837879Z"}
{"count":2,"level":"info","logger":"ngalert.sender.router","msg":"Sending alerts to local notifier","org_id":1,"rule_uid":"aeranuqh906wwa","t":"2025-12-19T17:46:10.021490691Z"}
{"count":1,"level":"info","logger":"ngalert.sender.router","msg":"Sending alerts to local notifier","org_id":1,"rule_uid":"bentlrwxs1534b","t":"2025-12-19T17:46:11.551009342Z"}
{"count":1,"level":"info","logger":"ngalert.sender.router","msg":"Sending alerts to local notifier","org_id":1,"rule_uid":"eepiaqdm333lse","t":"2025-12-19T17:46:16.167223367Z"}
{"count":2,"level":"info","logger":"ngalert.sender.router","msg":"Sending alerts to local notifier","org_id":1,"rule_uid":"aeranuqh906wwa","t":"2025-12-19T17:47:10.020782559Z"}
{"count":1,"level":"info","logger":"ngalert.sender.router","msg":"Sending alerts to local notifier","org_id":1,"rule_uid":"bentlrwxs1534b","t":"2025-12-19T17:47:11.551793233Z"}
{"count":1,"level":"info","logger":"ngalert.sender.router","msg":"Sending alerts to local notifier","org_id":1,"rule_uid":"eepiaqdm333lse","t":"2025-12-19T17:47:16.165796591Z"}
{"count":2,"level":"info","logger":"ngalert.sender.router","msg":"Sending alerts to local notifier","org_id":1,"rule_uid":"aeranuqh906wwa","t":"2025-12-19T17:48:10.022234125Z"}
{"count":1,"level":"info","logger":"ngalert.sender.router","msg":"Sending alerts to local notifier","org_id":1,"rule_uid":"bentlrwxs1534b","t":"2025-12-19T17:48:11.551728141Z"}
{"count":1,"level":"info","logger":"ngalert.sender.router","msg":"Sending alerts to local notifier","org_id":1,"rule_uid":"eepiaqdm333lse","t":"2025-12-19T17:48:16.166503873Z"}
{"count":2,"level":"info","logger":"ngalert.sender.router","msg":"Sending alerts to local notifier","org_id":1,"rule_uid":"aeranuqh906wwa","t":"2025-12-19T17:49:10.021332226Z"}
{"count":1,"level":"info","logger":"ngalert.sender.router","msg":"Sending alerts to local notifier","org_id":1,"rule_uid":"bentlrwxs1534b","t":"2025-12-19T17:49:11.549848276Z"}
{"count":1,"level":"info","logger":"ngalert.sender.router","msg":"Sending alerts to local notifier","org_id":1,"rule_uid":"eepiaqdm333lse","t":"2025-12-19T17:49:16.166766639Z"}
{"count":2,"level":"info","logger":"ngalert.sender.router","msg":"Sending alerts to local notifier","org_id":1,"rule_uid":"aeranuqh906wwa","t":"2025-12-19T17:50:10.019486946Z"}
{"count":1,"level":"info","logger":"ngalert.sender.router","msg":"Sending alerts to local notifier","org_id":1,"rule_uid":"bentlrwxs1534b","t":"2025-12-19T17:50:11.550849925Z"}
{"count":1,"level":"info","logger":"ngalert.sender.router","msg":"Sending alerts to local notifier","org_id":1,"rule_uid":"eepiaqdm333lse","t":"2025-12-19T17:50:16.166121236Z"}
{"count":2,"level":"info","logger":"ngalert.sender.router","msg":"Sending alerts to local notifier","org_id":1,"rule_uid":"aeranuqh906wwa","t":"2025-12-19T17:51:10.021876094Z"}
{"count":1,"level":"info","logger":"ngalert.sender.router","msg":"Sending alerts to local notifier","org_id":1,"rule_uid":"bentlrwxs1534b","t":"2025-12-19T17:51:11.551343256Z"}
{"count":1,"level":"info","logger":"ngalert.sender.router","msg":"Sending alerts to local notifier","org_id":1,"rule_uid":"eepiaqdm333lse","t":"2025-12-19T17:51:16.166784258Z"}
{"count":2,"level":"info","logger":"ngalert.sender.router","msg":"Sending alerts to local notifier","org_id":1,"rule_uid":"aeranuqh906wwa","t":"2025-12-19T17:52:10.021013242Z"}
{"count":1,"level":"info","logger":"ngalert.sender.router","msg":"Sending alerts to local notifier","org_id":1,"rule_uid":"bentlrwxs1534b","t":"2025-12-19T17:52:11.550825357Z"}
{"count":1,"level":"info","logger":"ngalert.sender.router","msg":"Sending alerts to local notifier","org_id":1,"rule_uid":"eepiaqdm333lse","t":"2025-12-19T17:52:16.165264346Z"}
{"count":2,"level":"info","logger":"ngalert.sender.router","msg":"Sending alerts to local notifier","org_id":1,"rule_uid":"aeranuqh906wwa","t":"2025-12-19T17:53:10.021132995Z"}
{"count":1,"level":"info","logger":"ngalert.sender.router","msg":"Sending alerts to local notifier","org_id":1,"rule_uid":"bentlrwxs1534b","t":"2025-12-19T17:53:11.549068314Z"}
{"count":1,"level":"info","logger":"ngalert.sender.router","msg":"Sending alerts to local notifier","org_id":1,"rule_uid":"eepiaqdm333lse","t":"2025-12-19T17:53:16.167056512Z"}
{"duration":"4.646274ms","level":"info","logger":"cleanup","msg":"Completed cleanup jobs","t":"2025-12-19T17:54:08.381352924Z"}
{"duration":"220.517095ms","level":"info","logger":"plugins.update.checker","msg":"Update check succeeded","t":"2025-12-19T17:54:09.03632372Z"}
{"count":2,"level":"info","logger":"ngalert.sender.router","msg":"Sending alerts to local notifier","org_id":1,"rule_uid":"aeranuqh906wwa","t":"2025-12-19T17:54:10.019415458Z"}
{"count":1,"level":"info","logger":"ngalert.sender.router","msg":"Sending alerts to local notifier","org_id":1,"rule_uid":"bentlrwxs1534b","t":"2025-12-19T17:54:11.549859537Z"}
{"count":1,"level":"info","logger":"ngalert.sender.router","msg":"Sending alerts to local notifier","org_id":1,"rule_uid":"eepiaqdm333lse","t":"2025-12-19T17:54:16.166155247Z"}
{"count":2,"level":"info","logger":"ngalert.sender.router","msg":"Sending alerts to local notifier","org_id":1,"rule_uid":"aeranuqh906wwa","t":"2025-12-19T17:55:10.019399055Z"}
{"count":1,"level":"info","logger":"ngalert.sender.router","msg":"Sending alerts to local notifier","org_id":1,"rule_uid":"bentlrwxs1534b","t":"2025-12-19T17:55:11.552101409Z"}
{"count":1,"level":"info","logger":"ngalert.sender.router","msg":"Sending alerts to local notifier","org_id":1,"rule_uid":"eepiaqdm333lse","t":"2025-12-19T17:55:16.16532584Z"}
{"count":2,"level":"info","logger":"ngalert.sender.router","msg":"Sending alerts to local notifier","org_id":1,"rule_uid":"aeranuqh906wwa","t":"2025-12-19T17:56:10.024847312Z"}
{"count":1,"level":"info","logger":"ngalert.sender.router","msg":"Sending alerts to local notifier","org_id":1,"rule_uid":"bentlrwxs1534b","t":"2025-12-19T17:56:11.549618485Z"}
{"count":1,"level":"info","logger":"ngalert.sender.router","msg":"Sending alerts to local notifier","org_id":1,"rule_uid":"eepiaqdm333lse","t":"2025-12-19T17:56:16.165595565Z"}
{"count":2,"level":"info","logger":"ngalert.sender.router","msg":"Sending alerts to local notifier","org_id":1,"rule_uid":"aeranuqh906wwa","t":"2025-12-19T17:57:10.020456334Z"}
{"count":1,"level":"info","logger":"ngalert.sender.router","msg":"Sending alerts to local notifier","org_id":1,"rule_uid":"bentlrwxs1534b","t":"2025-12-19T17:57:11.550399432Z"}
{"count":1,"level":"info","logger":"ngalert.sender.router","msg":"Sending alerts to local notifier","org_id":1,"rule_uid":"eepiaqdm333lse","t":"2025-12-19T17:57:16.167223276Z"}
{"count":2,"level":"info","logger":"ngalert.sender.router","msg":"Sending alerts to local notifier","org_id":1,"rule_uid":"aeranuqh906wwa","t":"2025-12-19T17:58:10.019990806Z"}
{"count":1,"level":"info","logger":"ngalert.sender.router","msg":"Sending alerts to local notifier","org_id":1,"rule_uid":"bentlrwxs1534b","t":"2025-12-19T17:58:11.552169402Z"}
{"count":1,"level":"info","logger":"ngalert.sender.router","msg":"Sending alerts to local notifier","org_id":1,"rule_uid":"eepiaqdm333lse","t":"2025-12-19T17:58:16.167256542Z"}
{"count":2,"level":"info","logger":"ngalert.sender.router","msg":"Sending alerts to local notifier","org_id":1,"rule_uid":"aeranuqh906wwa","t":"2025-12-19T17:59:10.02301362Z"}
{"count":1,"level":"info","logger":"ngalert.sender.router","msg":"Sending alerts to local notifier","org_id":1,"rule_uid":"bentlrwxs1534b","t":"2025-12-19T17:59:11.551681235Z"}
{"count":1,"level":"info","logger":"ngalert.sender.router","msg":"Sending alerts to local notifier","org_id":1,"rule_uid":"eepiaqdm333lse","t":"2025-12-19T17:59:16.167254496Z"}
{"count":2,"level":"info","logger":"ngalert.sender.router","msg":"Sending alerts to local notifier","org_id":1,"rule_uid":"aeranuqh906wwa","t":"2025-12-19T18:00:10.020842741Z"}
{"count":1,"level":"info","logger":"ngalert.sender.router","msg":"Sending alerts to local notifier","org_id":1,"rule_uid":"bentlrwxs1534b","t":"2025-12-19T18:00:11.552115135Z"}
{"count":1,"level":"info","logger":"ngalert.sender.router","msg":"Sending alerts to local notifier","org_id":1,"rule_uid":"eepiaqdm333lse","t":"2025-12-19T18:00:16.166475073Z"}
{"count":2,"level":"info","logger":"ngalert.sender.router","msg":"Sending alerts to local notifier","org_id":1,"rule_uid":"aeranuqh906wwa","t":"2025-12-19T18:01:10.021982794Z"}
{"count":1,"level":"info","logger":"ngalert.sender.router","msg":"Sending alerts to local notifier","org_id":1,"rule_uid":"bentlrwxs1534b","t":"2025-12-19T18:01:11.549605275Z"}
{"count":1,"level":"info","logger":"ngalert.sender.router","msg":"Sending alerts to local notifier","org_id":1,"rule_uid":"eepiaqdm333lse","t":"2025-12-19T18:01:16.165005129Z"}
{"count":2,"level":"info","logger":"ngalert.sender.router","msg":"Sending alerts to local notifier","org_id":1,"rule_uid":"aeranuqh906wwa","t":"2025-12-19T18:02:10.021379799Z"}
{"count":1,"level":"info","logger":"ngalert.sender.router","msg":"Sending alerts to local notifier","org_id":1,"rule_uid":"bentlrwxs1534b","t":"2025-12-19T18:02:11.550216614Z"}
{"count":1,"level":"info","logger":"ngalert.sender.router","msg":"Sending alerts to local notifier","org_id":1,"rule_uid":"eepiaqdm333lse","t":"2025-12-19T18:02:16.165826235Z"}
{"count":2,"level":"info","logger":"ngalert.sender.router","msg":"Sending alerts to local notifier","org_id":1,"rule_uid":"aeranuqh906wwa","t":"2025-12-19T18:03:10.021395814Z"}
{"count":1,"level":"info","logger":"ngalert.sender.router","msg":"Sending alerts to local notifier","org_id":1,"rule_uid":"bentlrwxs1534b","t":"2025-12-19T18:03:11.550073036Z"}
{"count":1,"level":"info","logger":"ngalert.sender.router","msg":"Sending alerts to local notifier","org_id":1,"rule_uid":"eepiaqdm333lse","t":"2025-12-19T18:03:16.167438148Z"}
{"duration":"4.118735ms","level":"info","logger":"cleanup","msg":"Completed cleanup jobs","t":"2025-12-19T18:04:08.381955564Z"}
{"duration":"238.202008ms","level":"info","logger":"plugins.update.checker","msg":"Update check succeeded","t":"2025-12-19T18:04:09.053404823Z"}
{"count":2,"level":"info","logger":"ngalert.sender.router","msg":"Sending alerts to local notifier","org_id":1,"rule_uid":"aeranuqh906wwa","t":"2025-12-19T18:04:10.020281687Z"}
{"count":1,"level":"info","logger":"ngalert.sender.router","msg":"Sending alerts to local notifier","org_id":1,"rule_uid":"bentlrwxs1534b","t":"2025-12-19T18:04:11.549871985Z"}
{"count":1,"level":"info","logger":"ngalert.sender.router","msg":"Sending alerts to local notifier","org_id":1,"rule_uid":"eepiaqdm333lse","t":"2025-12-19T18:04:16.165180656Z"}
{"count":2,"level":"info","logger":"ngalert.sender.router","msg":"Sending alerts to local notifier","org_id":1,"rule_uid":"aeranuqh906wwa","t":"2025-12-19T18:05:10.023439738Z"}
{"count":1,"level":"info","logger":"ngalert.sender.router","msg":"Sending alerts to local notifier","org_id":1,"rule_uid":"bentlrwxs1534b","t":"2025-12-19T18:05:11.551878438Z"}
{"count":1,"level":"info","logger":"ngalert.sender.router","msg":"Sending alerts to local notifier","org_id":1,"rule_uid":"eepiaqdm333lse","t":"2025-12-19T18:05:16.167591985Z"}
{"level":"info","logger":"infra.usagestats","msg":"Usage stats are ready to report","t":"2025-12-19T18:06:05.429760209Z"}
{"count":2,"level":"info","logger":"ngalert.sender.router","msg":"Sending alerts to local notifier","org_id":1,"rule_uid":"aeranuqh906wwa","t":"2025-12-19T18:06:10.020335574Z"}
{"count":1,"level":"info","logger":"ngalert.sender.router","msg":"Sending alerts to local notifier","org_id":1,"rule_uid":"bentlrwxs1534b","t":"2025-12-19T18:06:11.549754186Z"}
{"count":1,"level":"info","logger":"ngalert.sender.router","msg":"Sending alerts to local notifier","org_id":1,"rule_uid":"eepiaqdm333lse","t":"2025-12-19T18:06:16.165010485Z"}
{"count":2,"level":"info","logger":"ngalert.sender.router","msg":"Sending alerts to local notifier","org_id":1,"rule_uid":"aeranuqh906wwa","t":"2025-12-19T18:07:10.02033686Z"}
{"count":1,"level":"info","logger":"ngalert.sender.router","msg":"Sending alerts to local notifier","org_id":1,"rule_uid":"bentlrwxs1534b","t":"2025-12-19T18:07:11.549941002Z"}
{"count":1,"level":"info","logger":"ngalert.sender.router","msg":"Sending alerts to local notifier","org_id":1,"rule_uid":"eepiaqdm333lse","t":"2025-12-19T18:07:16.164440765Z"}
{"count":2,"level":"info","logger":"ngalert.sender.router","msg":"Sending alerts to local notifier","org_id":1,"rule_uid":"aeranuqh906wwa","t":"2025-12-19T18:08:10.021554297Z"}
{"count":1,"level":"info","logger":"ngalert.sender.router","msg":"Sending alerts to local notifier","org_id":1,"rule_uid":"bentlrwxs1534b","t":"2025-12-19T18:08:11.549325501Z"}
{"count":1,"level":"info","logger":"ngalert.sender.router","msg":"Sending alerts to local notifier","org_id":1,"rule_uid":"eepiaqdm333lse","t":"2025-12-19T18:08:16.166508487Z"}
{"count":2,"level":"info","logger":"ngalert.sender.router","msg":"Sending alerts to local notifier","org_id":1,"rule_uid":"aeranuqh906wwa","t":"2025-12-19T18:09:10.02214296Z"}
{"count":1,"level":"info","logger":"ngalert.sender.router","msg":"Sending alerts to local notifier","org_id":1,"rule_uid":"bentlrwxs1534b","t":"2025-12-19T18:09:11.548951661Z"}
{"count":1,"level":"info","logger":"ngalert.sender.router","msg":"Sending alerts to local notifier","org_id":1,"rule_uid":"eepiaqdm333lse","t":"2025-12-19T18:09:16.166339456Z"}
{"count":2,"level":"info","logger":"ngalert.sender.router","msg":"Sending alerts to local notifier","org_id":1,"rule_uid":"aeranuqh906wwa","t":"2025-12-19T18:10:10.021928691Z"}
{"count":1,"level":"info","logger":"ngalert.sender.router","msg":"Sending alerts to local notifier","org_id":1,"rule_uid":"bentlrwxs1534b","t":"2025-12-19T18:10:11.549440467Z"}
{"count":1,"level":"info","logger":"ngalert.sender.router","msg":"Sending alerts to local notifier","org_id":1,"rule_uid":"eepiaqdm333lse","t":"2025-12-19T18:10:16.165852988Z"}
{"count":2,"level":"info","logger":"ngalert.sender.router","msg":"Sending alerts to local notifier","org_id":1,"rule_uid":"aeranuqh906wwa","t":"2025-12-19T18:11:10.020740062Z"}
{"count":1,"level":"info","logger":"ngalert.sender.router","msg":"Sending alerts to local notifier","org_id":1,"rule_uid":"bentlrwxs1534b","t":"2025-12-19T18:11:11.550791203Z"}
{"count":1,"level":"info","logger":"ngalert.sender.router","msg":"Sending alerts to local notifier","org_id":1,"rule_uid":"eepiaqdm333lse","t":"2025-12-19T18:11:16.166733305Z"}
{"count":2,"level":"info","logger":"ngalert.sender.router","msg":"Sending alerts to local notifier","org_id":1,"rule_uid":"aeranuqh906wwa","t":"2025-12-19T18:12:10.019095854Z"}
{"count":1,"level":"info","logger":"ngalert.sender.router","msg":"Sending alerts to local notifier","org_id":1,"rule_uid":"bentlrwxs1534b","t":"2025-12-19T18:12:11.549509424Z"}
{"count":1,"level":"info","logger":"ngalert.sender.router","msg":"Sending alerts to local notifier","org_id":1,"rule_uid":"eepiaqdm333lse","t":"2025-12-19T18:12:16.164975016Z"}
{"count":2,"level":"info","logger":"ngalert.sender.router","msg":"Sending alerts to local notifier","org_id":1,"rule_uid":"aeranuqh906wwa","t":"2025-12-19T18:13:10.020706478Z"}
{"count":1,"level":"info","logger":"ngalert.sender.router","msg":"Sending alerts to local notifier","org_id":1,"rule_uid":"bentlrwxs1534b","t":"2025-12-19T18:13:11.550564789Z"}
{"count":1,"level":"info","logger":"ngalert.sender.router","msg":"Sending alerts to local notifier","org_id":1,"rule_uid":"eepiaqdm333lse","t":"2025-12-19T18:13:16.166000451Z"}
{"duration":"3.94566ms","level":"info","logger":"cleanup","msg":"Completed cleanup jobs","t":"2025-12-19T18:14:08.381607769Z"}
{"duration":"221.857147ms","level":"info","logger":"plugins.update.checker","msg":"Update check succeeded","t":"2025-12-19T18:14:09.036792134Z"}
{"count":2,"level":"info","logger":"ngalert.sender.router","msg":"Sending alerts to local notifier","org_id":1,"rule_uid":"aeranuqh906wwa","t":"2025-12-19T18:14:10.0204836Z"}
{"count":1,"level":"info","logger":"ngalert.sender.router","msg":"Sending alerts to local notifier","org_id":1,"rule_uid":"bentlrwxs1534b","t":"2025-12-19T18:14:11.553232587Z"}
{"count":1,"level":"info","logger":"ngalert.sender.router","msg":"Sending alerts to local notifier","org_id":1,"rule_uid":"eepiaqdm333lse","t":"2025-12-19T18:14:16.166816475Z"}
{"count":2,"level":"info","logger":"ngalert.sender.router","msg":"Sending alerts to local notifier","org_id":1,"rule_uid":"aeranuqh906wwa","t":"2025-12-19T18:15:10.024038684Z"}
{"count":1,"level":"info","logger":"ngalert.sender.router","msg":"Sending alerts to local notifier","org_id":1,"rule_uid":"bentlrwxs1534b","t":"2025-12-19T18:15:11.550002297Z"}
{"count":1,"level":"info","logger":"ngalert.sender.router","msg":"Sending alerts to local notifier","org_id":1,"rule_uid":"eepiaqdm333lse","t":"2025-12-19T18:15:16.166227797Z"}
{"count":2,"level":"info","logger":"ngalert.sender.router","msg":"Sending alerts to local notifier","org_id":1,"rule_uid":"aeranuqh906wwa","t":"2025-12-19T18:16:10.023354564Z"}
{"count":1,"level":"info","logger":"ngalert.sender.router","msg":"Sending alerts to local notifier","org_id":1,"rule_uid":"bentlrwxs1534b","t":"2025-12-19T18:16:11.551596315Z"}
{"count":1,"level":"info","logger":"ngalert.sender.router","msg":"Sending alerts to local notifier","org_id":1,"rule_uid":"eepiaqdm333lse","t":"2025-12-19T18:16:16.164579126Z"}
{"count":2,"level":"info","logger":"ngalert.sender.router","msg":"Sending alerts to local notifier","org_id":1,"rule_uid":"aeranuqh906wwa","t":"2025-12-19T18:17:10.020846953Z"}
{"count":1,"level":"info","logger":"ngalert.sender.router","msg":"Sending alerts to local notifier","org_id":1,"rule_uid":"bentlrwxs1534b","t":"2025-12-19T18:17:11.550439951Z"}
{"count":1,"level":"info","logger":"ngalert.sender.router","msg":"Sending alerts to local notifier","org_id":1,"rule_uid":"eepiaqdm333lse","t":"2025-12-19T18:17:16.165113826Z"}
{"count":2,"level":"info","logger":"ngalert.sender.router","msg":"Sending alerts to local notifier","org_id":1,"rule_uid":"aeranuqh906wwa","t":"2025-12-19T18:18:10.02074216Z"}
{"count":1,"level":"info","logger":"ngalert.sender.router","msg":"Sending alerts to local notifier","org_id":1,"rule_uid":"bentlrwxs1534b","t":"2025-12-19T18:18:11.549437589Z"}
{"count":1,"level":"info","logger":"ngalert.sender.router","msg":"Sending alerts to local notifier","org_id":1,"rule_uid":"eepiaqdm333lse","t":"2025-12-19T18:18:16.164906849Z"}
{"count":2,"level":"info","logger":"ngalert.sender.router","msg":"Sending alerts to local notifier","org_id":1,"rule_uid":"aeranuqh906wwa","t":"2025-12-19T18:19:10.020274069Z"}
{"count":1,"level":"info","logger":"ngalert.sender.router","msg":"Sending alerts to local notifier","org_id":1,"rule_uid":"bentlrwxs1534b","t":"2025-12-19T18:19:11.550349259Z"}
{"count":1,"level":"info","logger":"ngalert.sender.router","msg":"Sending alerts to local notifier","org_id":1,"rule_uid":"eepiaqdm333lse","t":"2025-12-19T18:19:16.165421384Z"}
{"count":2,"level":"info","logger":"ngalert.sender.router","msg":"Sending alerts to local notifier","org_id":1,"rule_uid":"aeranuqh906wwa","t":"2025-12-19T18:20:10.019528063Z"}
{"count":1,"level":"info","logger":"ngalert.sender.router","msg":"Sending alerts to local notifier","org_id":1,"rule_uid":"bentlrwxs1534b","t":"2025-12-19T18:20:11.550015022Z"}
{"count":1,"level":"info","logger":"ngalert.sender.router","msg":"Sending alerts to local notifier","org_id":1,"rule_uid":"eepiaqdm333lse","t":"2025-12-19T18:20:16.165924228Z"}
{"count":2,"level":"info","logger":"ngalert.sender.router","msg":"Sending alerts to local notifier","org_id":1,"rule_uid":"aeranuqh906wwa","t":"2025-12-19T18:21:10.021881304Z"}
{"count":1,"level":"info","logger":"ngalert.sender.router","msg":"Sending alerts to local notifier","org_id":1,"rule_uid":"bentlrwxs1534b","t":"2025-12-19T18:21:11.552172949Z"}
{"count":1,"level":"info","logger":"ngalert.sender.router","msg":"Sending alerts to local notifier","org_id":1,"rule_uid":"eepiaqdm333lse","t":"2025-12-19T18:21:16.166929523Z"}
{"count":2,"level":"info","logger":"ngalert.sender.router","msg":"Sending alerts to local notifier","org_id":1,"rule_uid":"aeranuqh906wwa","t":"2025-12-19T18:22:10.020442277Z"}
{"count":1,"level":"info","logger":"ngalert.sender.router","msg":"Sending alerts to local notifier","org_id":1,"rule_uid":"bentlrwxs1534b","t":"2025-12-19T18:22:11.551843884Z"}
{"count":1,"level":"info","logger":"ngalert.sender.router","msg":"Sending alerts to local notifier","org_id":1,"rule_uid":"eepiaqdm333lse","t":"2025-12-19T18:22:16.166418666Z"}
{"count":2,"level":"info","logger":"ngalert.sender.router","msg":"Sending alerts to local notifier","org_id":1,"rule_uid":"aeranuqh906wwa","t":"2025-12-19T18:23:10.019042522Z"}
{"count":1,"level":"info","logger":"ngalert.sender.router","msg":"Sending alerts to local notifier","org_id":1,"rule_uid":"bentlrwxs1534b","t":"2025-12-19T18:23:11.550709177Z"}
{"count":1,"level":"info","logger":"ngalert.sender.router","msg":"Sending alerts to local notifier","org_id":1,"rule_uid":"eepiaqdm333lse","t":"2025-12-19T18:23:16.171825116Z"}
{"duration":"6.141943ms","level":"info","logger":"cleanup","msg":"Completed cleanup jobs","t":"2025-12-19T18:24:08.382579616Z"}
{"duration":"221.108925ms","level":"info","logger":"plugins.update.checker","msg":"Update check succeeded","t":"2025-12-19T18:24:09.035986399Z"}
{"count":2,"level":"info","logger":"ngalert.sender.router","msg":"Sending alerts to local notifier","org_id":1,"rule_uid":"aeranuqh906wwa","t":"2025-12-19T18:24:10.024131101Z"}
{"count":1,"level":"info","logger":"ngalert.sender.router","msg":"Sending alerts to local notifier","org_id":1,"rule_uid":"bentlrwxs1534b","t":"2025-12-19T18:24:11.551491853Z"}
{"count":1,"level":"info","logger":"ngalert.sender.router","msg":"Sending alerts to local notifier","org_id":1,"rule_uid":"eepiaqdm333lse","t":"2025-12-19T18:24:16.167628161Z"}
{"count":2,"level":"info","logger":"ngalert.sender.router","msg":"Sending alerts to local notifier","org_id":1,"rule_uid":"aeranuqh906wwa","t":"2025-12-19T18:25:10.021137038Z"}
{"count":1,"level":"info","logger":"ngalert.sender.router","msg":"Sending alerts to local notifier","org_id":1,"rule_uid":"bentlrwxs1534b","t":"2025-12-19T18:25:11.54993014Z"}
{"count":1,"level":"info","logger":"ngalert.sender.router","msg":"Sending alerts to local notifier","org_id":1,"rule_uid":"eepiaqdm333lse","t":"2025-12-19T18:25:16.166085959Z"}
{"count":2,"level":"info","logger":"ngalert.sender.router","msg":"Sending alerts to local notifier","org_id":1,"rule_uid":"aeranuqh906wwa","t":"2025-12-19T18:26:10.020606388Z"}
{"count":1,"level":"info","logger":"ngalert.sender.router","msg":"Sending alerts to local notifier","org_id":1,"rule_uid":"bentlrwxs1534b","t":"2025-12-19T18:26:11.549255146Z"}
{"count":1,"level":"info","logger":"ngalert.sender.router","msg":"Sending alerts to local notifier","org_id":1,"rule_uid":"eepiaqdm333lse","t":"2025-12-19T18:26:16.164574558Z"}
{"count":2,"level":"info","logger":"ngalert.sender.router","msg":"Sending alerts to local notifier","org_id":1,"rule_uid":"aeranuqh906wwa","t":"2025-12-19T18:27:10.019454982Z"}
{"count":1,"level":"info","logger":"ngalert.sender.router","msg":"Sending alerts to local notifier","org_id":1,"rule_uid":"bentlrwxs1534b","t":"2025-12-19T18:27:11.549780106Z"}
{"count":1,"level":"info","logger":"ngalert.sender.router","msg":"Sending alerts to local notifier","org_id":1,"rule_uid":"eepiaqdm333lse","t":"2025-12-19T18:27:16.168157624Z"}
{"count":2,"level":"info","logger":"ngalert.sender.router","msg":"Sending alerts to local notifier","org_id":1,"rule_uid":"aeranuqh906wwa","t":"2025-12-19T18:28:10.020696515Z"}
{"count":1,"level":"info","logger":"ngalert.sender.router","msg":"Sending alerts to local notifier","org_id":1,"rule_uid":"bentlrwxs1534b","t":"2025-12-19T18:28:11.54960234Z"}
{"count":1,"level":"info","logger":"ngalert.sender.router","msg":"Sending alerts to local notifier","org_id":1,"rule_uid":"eepiaqdm333lse","t":"2025-12-19T18:28:16.165351281Z"}
{"count":2,"level":"info","logger":"ngalert.sender.router","msg":"Sending alerts to local notifier","org_id":1,"rule_uid":"aeranuqh906wwa","t":"2025-12-19T18:29:10.020541239Z"}
{"count":1,"level":"info","logger":"ngalert.sender.router","msg":"Sending alerts to local notifier","org_id":1,"rule_uid":"bentlrwxs1534b","t":"2025-12-19T18:29:11.55037542Z"}
{"count":1,"level":"info","logger":"ngalert.sender.router","msg":"Sending alerts to local notifier","org_id":1,"rule_uid":"eepiaqdm333lse","t":"2025-12-19T18:29:16.167087966Z"}
{"count":2,"level":"info","logger":"ngalert.sender.router","msg":"Sending alerts to local notifier","org_id":1,"rule_uid":"aeranuqh906wwa","t":"2025-12-19T18:30:10.020258611Z"}
{"count":1,"level":"info","logger":"ngalert.sender.router","msg":"Sending alerts to local notifier","org_id":1,"rule_uid":"bentlrwxs1534b","t":"2025-12-19T18:30:11.555179757Z"}
{"count":1,"level":"info","logger":"ngalert.sender.router","msg":"Sending alerts to local notifier","org_id":1,"rule_uid":"eepiaqdm333lse","t":"2025-12-19T18:30:16.167462814Z"}
{"count":2,"level":"info","logger":"ngalert.sender.router","msg":"Sending alerts to local notifier","org_id":1,"rule_uid":"aeranuqh906wwa","t":"2025-12-19T18:31:10.024144929Z"}
{"count":1,"level":"info","logger":"ngalert.sender.router","msg":"Sending alerts to local notifier","org_id":1,"rule_uid":"bentlrwxs1534b","t":"2025-12-19T18:31:11.55034042Z"}
{"count":1,"level":"info","logger":"ngalert.sender.router","msg":"Sending alerts to local notifier","org_id":1,"rule_uid":"eepiaqdm333lse","t":"2025-12-19T18:31:16.16754938Z"}
{"count":2,"level":"info","logger":"ngalert.sender.router","msg":"Sending alerts to local notifier","org_id":1,"rule_uid":"aeranuqh906wwa","t":"2025-12-19T18:32:10.021129608Z"}
{"count":1,"level":"info","logger":"ngalert.sender.router","msg":"Sending alerts to local notifier","org_id":1,"rule_uid":"bentlrwxs1534b","t":"2025-12-19T18:32:11.551820817Z"}
{"count":1,"level":"info","logger":"ngalert.sender.router","msg":"Sending alerts to local notifier","org_id":1,"rule_uid":"eepiaqdm333lse","t":"2025-12-19T18:32:16.167090427Z"}
{"count":2,"level":"info","logger":"ngalert.sender.router","msg":"Sending alerts to local notifier","org_id":1,"rule_uid":"aeranuqh906wwa","t":"2025-12-19T18:33:10.018200285Z"}
{"count":1,"level":"info","logger":"ngalert.sender.router","msg":"Sending alerts to local notifier","org_id":1,"rule_uid":"bentlrwxs1534b","t":"2025-12-19T18:33:11.551730808Z"}
{"count":1,"level":"info","logger":"ngalert.sender.router","msg":"Sending alerts to local notifier","org_id":1,"rule_uid":"eepiaqdm333lse","t":"2025-12-19T18:33:16.165502477Z"}
{"duration":"3.761273ms","level":"info","logger":"cleanup","msg":"Completed cleanup jobs","t":"2025-12-19T18:34:08.381099364Z"}
{"duration":"217.508151ms","level":"info","logger":"plugins.update.checker","msg":"Update check succeeded","t":"2025-12-19T18:34:09.032964487Z"}
{"count":2,"level":"info","logger":"ngalert.sender.router","msg":"Sending alerts to local notifier","org_id":1,"rule_uid":"aeranuqh906wwa","t":"2025-12-19T18:34:10.026532106Z"}
{"count":1,"level":"info","logger":"ngalert.sender.router","msg":"Sending alerts to local notifier","org_id":1,"rule_uid":"bentlrwxs1534b","t":"2025-12-19T18:34:11.55041893Z"}
{"count":1,"level":"info","logger":"ngalert.sender.router","msg":"Sending alerts to local notifier","org_id":1,"rule_uid":"eepiaqdm333lse","t":"2025-12-19T18:34:16.165966253Z"}
{"count":2,"level":"info","logger":"ngalert.sender.router","msg":"Sending alerts to local notifier","org_id":1,"rule_uid":"aeranuqh906wwa","t":"2025-12-19T18:35:10.02295242Z"}
{"count":1,"level":"info","logger":"ngalert.sender.router","msg":"Sending alerts to local notifier","org_id":1,"rule_uid":"bentlrwxs1534b","t":"2025-12-19T18:35:11.552506519Z"}
{"count":1,"level":"info","logger":"ngalert.sender.router","msg":"Sending alerts to local notifier","org_id":1,"rule_uid":"eepiaqdm333lse","t":"2025-12-19T18:35:16.165707406Z"}
{"level":"info","logger":"infra.usagestats","msg":"Usage stats are ready to report","t":"2025-12-19T18:36:05.43017094Z"}
{"count":2,"level":"info","logger":"ngalert.sender.router","msg":"Sending alerts to local notifier","org_id":1,"rule_uid":"aeranuqh906wwa","t":"2025-12-19T18:36:10.023092682Z"}
{"count":1,"level":"info","logger":"ngalert.sender.router","msg":"Sending alerts to local notifier","org_id":1,"rule_uid":"bentlrwxs1534b","t":"2025-12-19T18:36:11.54987676Z"}
{"count":1,"level":"info","logger":"ngalert.sender.router","msg":"Sending alerts to local notifier","org_id":1,"rule_uid":"eepiaqdm333lse","t":"2025-12-19T18:36:16.168254071Z"}
{"count":2,"level":"info","logger":"ngalert.sender.router","msg":"Sending alerts to local notifier","org_id":1,"rule_uid":"aeranuqh906wwa","t":"2025-12-19T18:37:10.023800907Z"}
{"count":1,"level":"info","logger":"ngalert.sender.router","msg":"Sending alerts to local notifier","org_id":1,"rule_uid":"bentlrwxs1534b","t":"2025-12-19T18:37:11.55041875Z"}
{"count":1,"level":"info","logger":"ngalert.sender.router","msg":"Sending alerts to local notifier","org_id":1,"rule_uid":"eepiaqdm333lse","t":"2025-12-19T18:37:16.167018852Z"}
{"count":2,"level":"info","logger":"ngalert.sender.router","msg":"Sending alerts to local notifier","org_id":1,"rule_uid":"aeranuqh906wwa","t":"2025-12-19T18:38:10.019536734Z"}
{"count":1,"level":"info","logger":"ngalert.sender.router","msg":"Sending alerts to local notifier","org_id":1,"rule_uid":"bentlrwxs1534b","t":"2025-12-19T18:38:11.550548876Z"}
{"count":1,"level":"info","logger":"ngalert.sender.router","msg":"Sending alerts to local notifier","org_id":1,"rule_uid":"eepiaqdm333lse","t":"2025-12-19T18:38:16.166371015Z"}
{"count":2,"level":"info","logger":"ngalert.sender.router","msg":"Sending alerts to local notifier","org_id":1,"rule_uid":"aeranuqh906wwa","t":"2025-12-19T18:39:10.018706559Z"}
{"count":1,"level":"info","logger":"ngalert.sender.router","msg":"Sending alerts to local notifier","org_id":1,"rule_uid":"bentlrwxs1534b","t":"2025-12-19T18:39:11.550113285Z"}
{"count":1,"level":"info","logger":"ngalert.sender.router","msg":"Sending alerts to local notifier","org_id":1,"rule_uid":"eepiaqdm333lse","t":"2025-12-19T18:39:16.165292064Z"}
{"count":2,"level":"info","logger":"ngalert.sender.router","msg":"Sending alerts to local notifier","org_id":1,"rule_uid":"aeranuqh906wwa","t":"2025-12-19T18:40:10.023077927Z"}
{"count":1,"level":"info","logger":"ngalert.sender.router","msg":"Sending alerts to local notifier","org_id":1,"rule_uid":"bentlrwxs1534b","t":"2025-12-19T18:40:11.551948808Z"}
{"count":1,"level":"info","logger":"ngalert.sender.router","msg":"Sending alerts to local notifier","org_id":1,"rule_uid":"eepiaqdm333lse","t":"2025-12-19T18:40:16.164522963Z"}
{"count":2,"level":"info","logger":"ngalert.sender.router","msg":"Sending alerts to local notifier","org_id":1,"rule_uid":"aeranuqh906wwa","t":"2025-12-19T18:41:10.02140015Z"}
{"count":1,"level":"info","logger":"ngalert.sender.router","msg":"Sending alerts to local notifier","org_id":1,"rule_uid":"bentlrwxs1534b","t":"2025-12-19T18:41:11.551060327Z"}
{"count":1,"level":"info","logger":"ngalert.sender.router","msg":"Sending alerts to local notifier","org_id":1,"rule_uid":"eepiaqdm333lse","t":"2025-12-19T18:41:16.167253998Z"}
{"count":2,"level":"info","logger":"ngalert.sender.router","msg":"Sending alerts to local notifier","org_id":1,"rule_uid":"aeranuqh906wwa","t":"2025-12-19T18:42:10.021095647Z"}
{"count":1,"level":"info","logger":"ngalert.sender.router","msg":"Sending alerts to local notifier","org_id":1,"rule_uid":"bentlrwxs1534b","t":"2025-12-19T18:42:11.55244578Z"}
{"count":1,"level":"info","logger":"ngalert.sender.router","msg":"Sending alerts to local notifier","org_id":1,"rule_uid":"eepiaqdm333lse","t":"2025-12-19T18:42:16.166898087Z"}
{"count":2,"level":"info","logger":"ngalert.sender.router","msg":"Sending alerts to local notifier","org_id":1,"rule_uid":"aeranuqh906wwa","t":"2025-12-19T18:43:10.020262035Z"}
{"count":1,"level":"info","logger":"ngalert.sender.router","msg":"Sending alerts to local notifier","org_id":1,"rule_uid":"bentlrwxs1534b","t":"2025-12-19T18:43:11.550690215Z"}
{"count":1,"level":"info","logger":"ngalert.sender.router","msg":"Sending alerts to local notifier","org_id":1,"rule_uid":"eepiaqdm333lse","t":"2025-12-19T18:43:16.165449506Z"}
{"duration":"4.410912ms","level":"info","logger":"cleanup","msg":"Completed cleanup jobs","t":"2025-12-19T18:44:08.381028954Z"}
{"duration":"213.870119ms","level":"info","logger":"plugins.update.checker","msg":"Update check succeeded","t":"2025-12-19T18:44:09.02902927Z"}
{"count":2,"level":"info","logger":"ngalert.sender.router","msg":"Sending alerts to local notifier","org_id":1,"rule_uid":"aeranuqh906wwa","t":"2025-12-19T18:44:10.021096976Z"}
{"count":1,"level":"info","logger":"ngalert.sender.router","msg":"Sending alerts to local notifier","org_id":1,"rule_uid":"bentlrwxs1534b","t":"2025-12-19T18:44:11.550188497Z"}
{"count":1,"level":"info","logger":"ngalert.sender.router","msg":"Sending alerts to local notifier","org_id":1,"rule_uid":"eepiaqdm333lse","t":"2025-12-19T18:44:16.167631104Z"}
{"count":2,"level":"info","logger":"ngalert.sender.router","msg":"Sending alerts to local notifier","org_id":1,"rule_uid":"aeranuqh906wwa","t":"2025-12-19T18:45:10.020372456Z"}
{"count":1,"level":"info","logger":"ngalert.sender.router","msg":"Sending alerts to local notifier","org_id":1,"rule_uid":"bentlrwxs1534b","t":"2025-12-19T18:45:11.551353504Z"}
{"count":1,"level":"info","logger":"ngalert.sender.router","msg":"Sending alerts to local notifier","org_id":1,"rule_uid":"eepiaqdm333lse","t":"2025-12-19T18:45:16.167692843Z"}
{"count":2,"level":"info","logger":"ngalert.sender.router","msg":"Sending alerts to local notifier","org_id":1,"rule_uid":"aeranuqh906wwa","t":"2025-12-19T18:46:10.025440275Z"}
{"count":1,"level":"info","logger":"ngalert.sender.router","msg":"Sending alerts to local notifier","org_id":1,"rule_uid":"bentlrwxs1534b","t":"2025-12-19T18:46:11.549458443Z"}
{"count":1,"level":"info","logger":"ngalert.sender.router","msg":"Sending alerts to local notifier","org_id":1,"rule_uid":"eepiaqdm333lse","t":"2025-12-19T18:46:16.166087931Z"}
{"count":2,"level":"info","logger":"ngalert.sender.router","msg":"Sending alerts to local notifier","org_id":1,"rule_uid":"aeranuqh906wwa","t":"2025-12-19T18:47:10.022862775Z"}
{"count":1,"level":"info","logger":"ngalert.sender.router","msg":"Sending alerts to local notifier","org_id":1,"rule_uid":"bentlrwxs1534b","t":"2025-12-19T18:47:11.550277828Z"}
{"count":1,"level":"info","logger":"ngalert.sender.router","msg":"Sending alerts to local notifier","org_id":1,"rule_uid":"eepiaqdm333lse","t":"2025-12-19T18:47:16.166183431Z"}
{"count":2,"level":"info","logger":"ngalert.sender.router","msg":"Sending alerts to local notifier","org_id":1,"rule_uid":"aeranuqh906wwa","t":"2025-12-19T18:48:10.020489868Z"}
{"count":1,"level":"info","logger":"ngalert.sender.router","msg":"Sending alerts to local notifier","org_id":1,"rule_uid":"bentlrwxs1534b","t":"2025-12-19T18:48:11.548900934Z"}
{"count":1,"level":"info","logger":"ngalert.sender.router","msg":"Sending alerts to local notifier","org_id":1,"rule_uid":"eepiaqdm333lse","t":"2025-12-19T18:48:16.167717471Z"}
{"count":2,"level":"info","logger":"ngalert.sender.router","msg":"Sending alerts to local notifier","org_id":1,"rule_uid":"aeranuqh906wwa","t":"2025-12-19T18:49:10.020117018Z"}
{"count":1,"level":"info","logger":"ngalert.sender.router","msg":"Sending alerts to local notifier","org_id":1,"rule_uid":"bentlrwxs1534b","t":"2025-12-19T18:49:11.55009223Z"}
{"count":1,"level":"info","logger":"ngalert.sender.router","msg":"Sending alerts to local notifier","org_id":1,"rule_uid":"eepiaqdm333lse","t":"2025-12-19T18:49:16.166572799Z"}
{"count":2,"level":"info","logger":"ngalert.sender.router","msg":"Sending alerts to local notifier","org_id":1,"rule_uid":"aeranuqh906wwa","t":"2025-12-19T18:50:10.02109481Z"}
{"count":1,"level":"info","logger":"ngalert.sender.router","msg":"Sending alerts to local notifier","org_id":1,"rule_uid":"bentlrwxs1534b","t":"2025-12-19T18:50:11.549611749Z"}
{"count":1,"level":"info","logger":"ngalert.sender.router","msg":"Sending alerts to local notifier","org_id":1,"rule_uid":"eepiaqdm333lse","t":"2025-12-19T18:50:16.165811428Z"}
{"count":2,"level":"info","logger":"ngalert.sender.router","msg":"Sending alerts to local notifier","org_id":1,"rule_uid":"aeranuqh906wwa","t":"2025-12-19T18:51:10.022885878Z"}
{"count":1,"level":"info","logger":"ngalert.sender.router","msg":"Sending alerts to local notifier","org_id":1,"rule_uid":"bentlrwxs1534b","t":"2025-12-19T18:51:11.550479102Z"}
{"count":1,"level":"info","logger":"ngalert.sender.router","msg":"Sending alerts to local notifier","org_id":1,"rule_uid":"eepiaqdm333lse","t":"2025-12-19T18:51:16.165388986Z"}
{"count":2,"level":"info","logger":"ngalert.sender.router","msg":"Sending alerts to local notifier","org_id":1,"rule_uid":"aeranuqh906wwa","t":"2025-12-19T18:52:10.019675754Z"}
{"count":1,"level":"info","logger":"ngalert.sender.router","msg":"Sending alerts to local notifier","org_id":1,"rule_uid":"bentlrwxs1534b","t":"2025-12-19T18:52:11.550339844Z"}
{"count":1,"level":"info","logger":"ngalert.sender.router","msg":"Sending alerts to local notifier","org_id":1,"rule_uid":"eepiaqdm333lse","t":"2025-12-19T18:52:16.165498918Z"}
{"count":2,"level":"info","logger":"ngalert.sender.router","msg":"Sending alerts to local notifier","org_id":1,"rule_uid":"aeranuqh906wwa","t":"2025-12-19T18:53:10.020395834Z"}
{"count":1,"level":"info","logger":"ngalert.sender.router","msg":"Sending alerts to local notifier","org_id":1,"rule_uid":"bentlrwxs1534b","t":"2025-12-19T18:53:11.55042646Z"}
{"count":1,"level":"info","logger":"ngalert.sender.router","msg":"Sending alerts to local notifier","org_id":1,"rule_uid":"eepiaqdm333lse","t":"2025-12-19T18:53:16.169130382Z"}
{"duration":"4.210694ms","level":"info","logger":"cleanup","msg":"Completed cleanup jobs","t":"2025-12-19T18:54:08.381720036Z"}
{"duration":"225.252742ms","level":"info","logger":"plugins.update.checker","msg":"Update check succeeded","t":"2025-12-19T18:54:09.040814407Z"}
{"count":2,"level":"info","logger":"ngalert.sender.router","msg":"Sending alerts to local notifier","org_id":1,"rule_uid":"aeranuqh906wwa","t":"2025-12-19T18:54:10.020523148Z"}
{"count":1,"level":"info","logger":"ngalert.sender.router","msg":"Sending alerts to local notifier","org_id":1,"rule_uid":"bentlrwxs1534b","t":"2025-12-19T18:54:11.551094231Z"}
{"count":1,"level":"info","logger":"ngalert.sender.router","msg":"Sending alerts to local notifier","org_id":1,"rule_uid":"eepiaqdm333lse","t":"2025-12-19T18:54:16.16645225Z"}
{"count":2,"level":"info","logger":"ngalert.sender.router","msg":"Sending alerts to local notifier","org_id":1,"rule_uid":"aeranuqh906wwa","t":"2025-12-19T18:55:10.021693773Z"}
{"count":1,"level":"info","logger":"ngalert.sender.router","msg":"Sending alerts to local notifier","org_id":1,"rule_uid":"bentlrwxs1534b","t":"2025-12-19T18:55:11.552497301Z"}
{"count":1,"level":"info","logger":"ngalert.sender.router","msg":"Sending alerts to local notifier","org_id":1,"rule_uid":"eepiaqdm333lse","t":"2025-12-19T18:55:16.169158841Z"}
{"count":2,"level":"info","logger":"ngalert.sender.router","msg":"Sending alerts to local notifier","org_id":1,"rule_uid":"aeranuqh906wwa","t":"2025-12-19T18:56:10.020428666Z"}
{"count":1,"level":"info","logger":"ngalert.sender.router","msg":"Sending alerts to local notifier","org_id":1,"rule_uid":"bentlrwxs1534b","t":"2025-12-19T18:56:11.551939349Z"}
{"count":1,"level":"info","logger":"ngalert.sender.router","msg":"Sending alerts to local notifier","org_id":1,"rule_uid":"eepiaqdm333lse","t":"2025-12-19T18:56:16.168277812Z"}
{"count":2,"level":"info","logger":"ngalert.sender.router","msg":"Sending alerts to local notifier","org_id":1,"rule_uid":"aeranuqh906wwa","t":"2025-12-19T18:57:10.01992777Z"}
{"count":1,"level":"info","logger":"ngalert.sender.router","msg":"Sending alerts to local notifier","org_id":1,"rule_uid":"bentlrwxs1534b","t":"2025-12-19T18:57:11.551083612Z"}
{"count":1,"level":"info","logger":"ngalert.sender.router","msg":"Sending alerts to local notifier","org_id":1,"rule_uid":"eepiaqdm333lse","t":"2025-12-19T18:57:16.169280961Z"}
{"count":2,"level":"info","logger":"ngalert.sender.router","msg":"Sending alerts to local notifier","org_id":1,"rule_uid":"aeranuqh906wwa","t":"2025-12-19T18:58:10.022627091Z"}
{"count":1,"level":"info","logger":"ngalert.sender.router","msg":"Sending alerts to local notifier","org_id":1,"rule_uid":"bentlrwxs1534b","t":"2025-12-19T18:58:11.551682631Z"}
{"count":1,"level":"info","logger":"ngalert.sender.router","msg":"Sending alerts to local notifier","org_id":1,"rule_uid":"eepiaqdm333lse","t":"2025-12-19T18:58:16.167495243Z"}
{"count":2,"level":"info","logger":"ngalert.sender.router","msg":"Sending alerts to local notifier","org_id":1,"rule_uid":"aeranuqh906wwa","t":"2025-12-19T18:59:10.020694405Z"}
{"count":1,"level":"info","logger":"ngalert.sender.router","msg":"Sending alerts to local notifier","org_id":1,"rule_uid":"bentlrwxs1534b","t":"2025-12-19T18:59:11.551968458Z"}
{"count":1,"level":"info","logger":"ngalert.sender.router","msg":"Sending alerts to local notifier","org_id":1,"rule_uid":"eepiaqdm333lse","t":"2025-12-19T18:59:16.166252345Z"}
{"count":2,"level":"info","logger":"ngalert.sender.router","msg":"Sending alerts to local notifier","org_id":1,"rule_uid":"aeranuqh906wwa","t":"2025-12-19T19:00:10.012510884Z"}
{"count":1,"level":"info","logger":"ngalert.sender.router","msg":"Sending alerts to local notifier","org_id":1,"rule_uid":"bentlrwxs1534b","t":"2025-12-19T19:00:11.549005687Z"}
{"count":1,"level":"info","logger":"ngalert.sender.router","msg":"Sending alerts to local notifier","org_id":1,"rule_uid":"eepiaqdm333lse","t":"2025-12-19T19:00:16.167554781Z"}
{"count":2,"level":"info","logger":"ngalert.sender.router","msg":"Sending alerts to local notifier","org_id":1,"rule_uid":"aeranuqh906wwa","t":"2025-12-19T19:01:10.020399594Z"}
{"count":1,"level":"info","logger":"ngalert.sender.router","msg":"Sending alerts to local notifier","org_id":1,"rule_uid":"bentlrwxs1534b","t":"2025-12-19T19:01:11.552714382Z"}
{"count":1,"level":"info","logger":"ngalert.sender.router","msg":"Sending alerts to local notifier","org_id":1,"rule_uid":"eepiaqdm333lse","t":"2025-12-19T19:01:16.166567376Z"}
{"count":2,"level":"info","logger":"ngalert.sender.router","msg":"Sending alerts to local notifier","org_id":1,"rule_uid":"aeranuqh906wwa","t":"2025-12-19T19:02:10.01982238Z"}
{"count":1,"level":"info","logger":"ngalert.sender.router","msg":"Sending alerts to local notifier","org_id":1,"rule_uid":"bentlrwxs1534b","t":"2025-12-19T19:02:11.550239625Z"}
{"count":1,"level":"info","logger":"ngalert.sender.router","msg":"Sending alerts to local notifier","org_id":1,"rule_uid":"eepiaqdm333lse","t":"2025-12-19T19:02:16.167117568Z"}
{"count":2,"level":"info","logger":"ngalert.sender.router","msg":"Sending alerts to local notifier","org_id":1,"rule_uid":"aeranuqh906wwa","t":"2025-12-19T19:03:10.020736258Z"}
{"count":1,"level":"info","logger":"ngalert.sender.router","msg":"Sending alerts to local notifier","org_id":1,"rule_uid":"bentlrwxs1534b","t":"2025-12-19T19:03:11.551695373Z"}
{"count":1,"level":"info","logger":"ngalert.sender.router","msg":"Sending alerts to local notifier","org_id":1,"rule_uid":"eepiaqdm333lse","t":"2025-12-19T19:03:16.165151854Z"}
{"duration":"5.388364ms","level":"info","logger":"cleanup","msg":"Completed cleanup jobs","t":"2025-12-19T19:04:08.382008429Z"}
{"duration":"222.565385ms","level":"info","logger":"plugins.update.checker","msg":"Update check succeeded","t":"2025-12-19T19:04:09.038423697Z"}
{"count":2,"level":"info","logger":"ngalert.sender.router","msg":"Sending alerts to local notifier","org_id":1,"rule_uid":"aeranuqh906wwa","t":"2025-12-19T19:04:10.020004073Z"}
{"count":1,"level":"info","logger":"ngalert.sender.router","msg":"Sending alerts to local notifier","org_id":1,"rule_uid":"bentlrwxs1534b","t":"2025-12-19T19:04:11.550972233Z"}
{"count":1,"level":"info","logger":"ngalert.sender.router","msg":"Sending alerts to local notifier","org_id":1,"rule_uid":"eepiaqdm333lse","t":"2025-12-19T19:04:16.165380594Z"}
{"count":2,"level":"info","logger":"ngalert.sender.router","msg":"Sending alerts to local notifier","org_id":1,"rule_uid":"aeranuqh906wwa","t":"2025-12-19T19:05:10.030088871Z"}
{"count":1,"level":"info","logger":"ngalert.sender.router","msg":"Sending alerts to local notifier","org_id":1,"rule_uid":"bentlrwxs1534b","t":"2025-12-19T19:05:11.551580292Z"}
{"count":1,"level":"info","logger":"ngalert.sender.router","msg":"Sending alerts to local notifier","org_id":1,"rule_uid":"eepiaqdm333lse","t":"2025-12-19T19:05:16.168825066Z"}
{"level":"info","logger":"infra.usagestats","msg":"Usage stats are ready to report","t":"2025-12-19T19:06:05.429098042Z"}
{"count":2,"level":"info","logger":"ngalert.sender.router","msg":"Sending alerts to local notifier","org_id":1,"rule_uid":"aeranuqh906wwa","t":"2025-12-19T19:06:10.020735641Z"}
{"count":1,"level":"info","logger":"ngalert.sender.router","msg":"Sending alerts to local notifier","org_id":1,"rule_uid":"bentlrwxs1534b","t":"2025-12-19T19:06:11.549434708Z"}
{"count":1,"level":"info","logger":"ngalert.sender.router","msg":"Sending alerts to local notifier","org_id":1,"rule_uid":"eepiaqdm333lse","t":"2025-12-19T19:06:16.16611588Z"}
{"count":2,"level":"info","logger":"ngalert.sender.router","msg":"Sending alerts to local notifier","org_id":1,"rule_uid":"aeranuqh906wwa","t":"2025-12-19T19:07:10.023380989Z"}
{"count":1,"level":"info","logger":"ngalert.sender.router","msg":"Sending alerts to local notifier","org_id":1,"rule_uid":"bentlrwxs1534b","t":"2025-12-19T19:07:11.551126259Z"}
{"count":1,"level":"info","logger":"ngalert.sender.router","msg":"Sending alerts to local notifier","org_id":1,"rule_uid":"eepiaqdm333lse","t":"2025-12-19T19:07:16.17043764Z"}
{"count":2,"level":"info","logger":"ngalert.sender.router","msg":"Sending alerts to local notifier","org_id":1,"rule_uid":"aeranuqh906wwa","t":"2025-12-19T19:08:10.023556504Z"}
{"count":1,"level":"info","logger":"ngalert.sender.router","msg":"Sending alerts to local notifier","org_id":1,"rule_uid":"bentlrwxs1534b","t":"2025-12-19T19:08:11.551704867Z"}
{"count":1,"level":"info","logger":"ngalert.sender.router","msg":"Sending alerts to local notifier","org_id":1,"rule_uid":"eepiaqdm333lse","t":"2025-12-19T19:08:16.167156819Z"}
{"count":2,"level":"info","logger":"ngalert.sender.router","msg":"Sending alerts to local notifier","org_id":1,"rule_uid":"aeranuqh906wwa","t":"2025-12-19T19:09:10.023045096Z"}
{"count":1,"level":"info","logger":"ngalert.sender.router","msg":"Sending alerts to local notifier","org_id":1,"rule_uid":"bentlrwxs1534b","t":"2025-12-19T19:09:11.549042012Z"}
{"count":1,"level":"info","logger":"ngalert.sender.router","msg":"Sending alerts to local notifier","org_id":1,"rule_uid":"eepiaqdm333lse","t":"2025-12-19T19:09:16.164248452Z"}
{"duration":"226.838178ms","level":"info","logger":"plugin.angulardetectorsprovider.dynamic","msg":"Patterns update finished","t":"2025-12-19T19:09:41.675770591Z"}
{"count":2,"level":"info","logger":"ngalert.sender.router","msg":"Sending alerts to local notifier","org_id":1,"rule_uid":"aeranuqh906wwa","t":"2025-12-19T19:10:10.026344113Z"}
{"count":1,"level":"info","logger":"ngalert.sender.router","msg":"Sending alerts to local notifier","org_id":1,"rule_uid":"bentlrwxs1534b","t":"2025-12-19T19:10:11.551354935Z"}
{"count":1,"level":"info","logger":"ngalert.sender.router","msg":"Sending alerts to local notifier","org_id":1,"rule_uid":"eepiaqdm333lse","t":"2025-12-19T19:10:16.166392745Z"}
{"count":2,"level":"info","logger":"ngalert.sender.router","msg":"Sending alerts to local notifier","org_id":1,"rule_uid":"aeranuqh906wwa","t":"2025-12-19T19:11:10.020510299Z"}
{"count":1,"level":"info","logger":"ngalert.sender.router","msg":"Sending alerts to local notifier","org_id":1,"rule_uid":"bentlrwxs1534b","t":"2025-12-19T19:11:11.551450378Z"}
{"count":1,"level":"info","logger":"ngalert.sender.router","msg":"Sending alerts to local notifier","org_id":1,"rule_uid":"eepiaqdm333lse","t":"2025-12-19T19:11:16.166696632Z"}
{"count":2,"level":"info","logger":"ngalert.sender.router","msg":"Sending alerts to local notifier","org_id":1,"rule_uid":"aeranuqh906wwa","t":"2025-12-19T19:12:10.022399448Z"}
{"count":1,"level":"info","logger":"ngalert.sender.router","msg":"Sending alerts to local notifier","org_id":1,"rule_uid":"bentlrwxs1534b","t":"2025-12-19T19:12:11.550573176Z"}
{"count":1,"level":"info","logger":"ngalert.sender.router","msg":"Sending alerts to local notifier","org_id":1,"rule_uid":"eepiaqdm333lse","t":"2025-12-19T19:12:16.166983056Z"}
{"count":2,"level":"info","logger":"ngalert.sender.router","msg":"Sending alerts to local notifier","org_id":1,"rule_uid":"aeranuqh906wwa","t":"2025-12-19T19:13:10.021372865Z"}
{"count":1,"level":"info","logger":"ngalert.sender.router","msg":"Sending alerts to local notifier","org_id":1,"rule_uid":"bentlrwxs1534b","t":"2025-12-19T19:13:11.555870751Z"}
{"count":1,"level":"info","logger":"ngalert.sender.router","msg":"Sending alerts to local notifier","org_id":1,"rule_uid":"eepiaqdm333lse","t":"2025-12-19T19:13:16.166864665Z"}
{"duration":"5.436049ms","level":"info","logger":"cleanup","msg":"Completed cleanup jobs","t":"2025-12-19T19:14:08.381883295Z"}
{"duration":"228.602616ms","level":"info","logger":"plugins.update.checker","msg":"Update check succeeded","t":"2025-12-19T19:14:09.044440017Z"}
{"count":2,"level":"info","logger":"ngalert.sender.router","msg":"Sending alerts to local notifier","org_id":1,"rule_uid":"aeranuqh906wwa","t":"2025-12-19T19:14:10.018331606Z"}
{"count":1,"level":"info","logger":"ngalert.sender.router","msg":"Sending alerts to local notifier","org_id":1,"rule_uid":"bentlrwxs1534b","t":"2025-12-19T19:14:11.550393795Z"}
{"count":1,"level":"info","logger":"ngalert.sender.router","msg":"Sending alerts to local notifier","org_id":1,"rule_uid":"eepiaqdm333lse","t":"2025-12-19T19:14:16.165665985Z"}
{"count":2,"level":"info","logger":"ngalert.sender.router","msg":"Sending alerts to local notifier","org_id":1,"rule_uid":"aeranuqh906wwa","t":"2025-12-19T19:15:10.020935253Z"}
{"count":1,"level":"info","logger":"ngalert.sender.router","msg":"Sending alerts to local notifier","org_id":1,"rule_uid":"bentlrwxs1534b","t":"2025-12-19T19:15:11.550361414Z"}
{"count":1,"level":"info","logger":"ngalert.sender.router","msg":"Sending alerts to local notifier","org_id":1,"rule_uid":"eepiaqdm333lse","t":"2025-12-19T19:15:16.167406374Z"}
{"count":2,"level":"info","logger":"ngalert.sender.router","msg":"Sending alerts to local notifier","org_id":1,"rule_uid":"aeranuqh906wwa","t":"2025-12-19T19:16:10.021611782Z"}
{"count":1,"level":"info","logger":"ngalert.sender.router","msg":"Sending alerts to local notifier","org_id":1,"rule_uid":"bentlrwxs1534b","t":"2025-12-19T19:16:11.549598176Z"}
{"count":1,"level":"info","logger":"ngalert.sender.router","msg":"Sending alerts to local notifier","org_id":1,"rule_uid":"eepiaqdm333lse","t":"2025-12-19T19:16:16.165359226Z"}
{"count":2,"level":"info","logger":"ngalert.sender.router","msg":"Sending alerts to local notifier","org_id":1,"rule_uid":"aeranuqh906wwa","t":"2025-12-19T19:17:10.020136574Z"}
{"count":1,"level":"info","logger":"ngalert.sender.router","msg":"Sending alerts to local notifier","org_id":1,"rule_uid":"bentlrwxs1534b","t":"2025-12-19T19:17:11.551519815Z"}
{"count":1,"level":"info","logger":"ngalert.sender.router","msg":"Sending alerts to local notifier","org_id":1,"rule_uid":"eepiaqdm333lse","t":"2025-12-19T19:17:16.165496205Z"}
{"count":2,"level":"info","logger":"ngalert.sender.router","msg":"Sending alerts to local notifier","org_id":1,"rule_uid":"aeranuqh906wwa","t":"2025-12-19T19:18:10.019502316Z"}
{"count":1,"level":"info","logger":"ngalert.sender.router","msg":"Sending alerts to local notifier","org_id":1,"rule_uid":"bentlrwxs1534b","t":"2025-12-19T19:18:11.550293703Z"}
{"count":1,"level":"info","logger":"ngalert.sender.router","msg":"Sending alerts to local notifier","org_id":1,"rule_uid":"eepiaqdm333lse","t":"2025-12-19T19:18:16.16535193Z"}
{"count":2,"level":"info","logger":"ngalert.sender.router","msg":"Sending alerts to local notifier","org_id":1,"rule_uid":"aeranuqh906wwa","t":"2025-12-19T19:19:10.023709263Z"}
{"count":1,"level":"info","logger":"ngalert.sender.router","msg":"Sending alerts to local notifier","org_id":1,"rule_uid":"bentlrwxs1534b","t":"2025-12-19T19:19:11.550640104Z"}
{"count":1,"level":"info","logger":"ngalert.sender.router","msg":"Sending alerts to local notifier","org_id":1,"rule_uid":"eepiaqdm333lse","t":"2025-12-19T19:19:16.167665062Z"}
{"count":2,"level":"info","logger":"ngalert.sender.router","msg":"Sending alerts to local notifier","org_id":1,"rule_uid":"aeranuqh906wwa","t":"2025-12-19T19:20:10.022654795Z"}
{"count":1,"level":"info","logger":"ngalert.sender.router","msg":"Sending alerts to local notifier","org_id":1,"rule_uid":"bentlrwxs1534b","t":"2025-12-19T19:20:11.548562574Z"}
{"count":1,"level":"info","logger":"ngalert.sender.router","msg":"Sending alerts to local notifier","org_id":1,"rule_uid":"eepiaqdm333lse","t":"2025-12-19T19:20:16.164967329Z"}
{"count":2,"level":"info","logger":"ngalert.sender.router","msg":"Sending alerts to local notifier","org_id":1,"rule_uid":"aeranuqh906wwa","t":"2025-12-19T19:21:10.021143111Z"}
{"count":1,"level":"info","logger":"ngalert.sender.router","msg":"Sending alerts to local notifier","org_id":1,"rule_uid":"bentlrwxs1534b","t":"2025-12-19T19:21:11.549346362Z"}
{"count":1,"level":"info","logger":"ngalert.sender.router","msg":"Sending alerts to local notifier","org_id":1,"rule_uid":"eepiaqdm333lse","t":"2025-12-19T19:21:16.166430131Z"}
{"count":2,"level":"info","logger":"ngalert.sender.router","msg":"Sending alerts to local notifier","org_id":1,"rule_uid":"aeranuqh906wwa","t":"2025-12-19T19:22:10.020944198Z"}
{"count":1,"level":"info","logger":"ngalert.sender.router","msg":"Sending alerts to local notifier","org_id":1,"rule_uid":"bentlrwxs1534b","t":"2025-12-19T19:22:11.551235206Z"}
{"count":1,"level":"info","logger":"ngalert.sender.router","msg":"Sending alerts to local notifier","org_id":1,"rule_uid":"eepiaqdm333lse","t":"2025-12-19T19:22:16.166776824Z"}
{"count":2,"level":"info","logger":"ngalert.sender.router","msg":"Sending alerts to local notifier","org_id":1,"rule_uid":"aeranuqh906wwa","t":"2025-12-19T19:23:10.021379449Z"}
{"count":1,"level":"info","logger":"ngalert.sender.router","msg":"Sending alerts to local notifier","org_id":1,"rule_uid":"bentlrwxs1534b","t":"2025-12-19T19:23:11.550495005Z"}
{"count":1,"level":"info","logger":"ngalert.sender.router","msg":"Sending alerts to local notifier","org_id":1,"rule_uid":"eepiaqdm333lse","t":"2025-12-19T19:23:16.167222862Z"}
{"duration":"4.368962ms","level":"info","logger":"cleanup","msg":"Completed cleanup jobs","t":"2025-12-19T19:24:08.381206502Z"}
{"duration":"235.203519ms","level":"info","logger":"plugins.update.checker","msg":"Update check succeeded","t":"2025-12-19T19:24:09.050670465Z"}
{"count":2,"level":"info","logger":"ngalert.sender.router","msg":"Sending alerts to local notifier","org_id":1,"rule_uid":"aeranuqh906wwa","t":"2025-12-19T19:24:10.019094437Z"}
{"count":1,"level":"info","logger":"ngalert.sender.router","msg":"Sending alerts to local notifier","org_id":1,"rule_uid":"bentlrwxs1534b","t":"2025-12-19T19:24:11.551706554Z"}
{"count":1,"level":"info","logger":"ngalert.sender.router","msg":"Sending alerts to local notifier","org_id":1,"rule_uid":"eepiaqdm333lse","t":"2025-12-19T19:24:16.168370813Z"}
{"count":2,"level":"info","logger":"ngalert.sender.router","msg":"Sending alerts to local notifier","org_id":1,"rule_uid":"aeranuqh906wwa","t":"2025-12-19T19:25:10.020435101Z"}
{"count":1,"level":"info","logger":"ngalert.sender.router","msg":"Sending alerts to local notifier","org_id":1,"rule_uid":"bentlrwxs1534b","t":"2025-12-19T19:25:11.549962294Z"}
{"count":1,"level":"info","logger":"ngalert.sender.router","msg":"Sending alerts to local notifier","org_id":1,"rule_uid":"eepiaqdm333lse","t":"2025-12-19T19:25:16.165409897Z"}
{"count":2,"level":"info","logger":"ngalert.sender.router","msg":"Sending alerts to local notifier","org_id":1,"rule_uid":"aeranuqh906wwa","t":"2025-12-19T19:26:10.020707022Z"}
{"count":1,"level":"info","logger":"ngalert.sender.router","msg":"Sending alerts to local notifier","org_id":1,"rule_uid":"bentlrwxs1534b","t":"2025-12-19T19:26:11.550573514Z"}
{"count":1,"level":"info","logger":"ngalert.sender.router","msg":"Sending alerts to local notifier","org_id":1,"rule_uid":"eepiaqdm333lse","t":"2025-12-19T19:26:16.166329806Z"}
{"count":2,"level":"info","logger":"ngalert.sender.router","msg":"Sending alerts to local notifier","org_id":1,"rule_uid":"aeranuqh906wwa","t":"2025-12-19T19:27:10.022584864Z"}
{"count":1,"level":"info","logger":"ngalert.sender.router","msg":"Sending alerts to local notifier","org_id":1,"rule_uid":"bentlrwxs1534b","t":"2025-12-19T19:27:11.549717825Z"}
{"count":1,"level":"info","logger":"ngalert.sender.router","msg":"Sending alerts to local notifier","org_id":1,"rule_uid":"eepiaqdm333lse","t":"2025-12-19T19:27:16.16630611Z"}
{"count":2,"level":"info","logger":"ngalert.sender.router","msg":"Sending alerts to local notifier","org_id":1,"rule_uid":"aeranuqh906wwa","t":"2025-12-19T19:28:10.021256353Z"}
{"count":1,"level":"info","logger":"ngalert.sender.router","msg":"Sending alerts to local notifier","org_id":1,"rule_uid":"bentlrwxs1534b","t":"2025-12-19T19:28:11.551278097Z"}
{"count":1,"level":"info","logger":"ngalert.sender.router","msg":"Sending alerts to local notifier","org_id":1,"rule_uid":"eepiaqdm333lse","t":"2025-12-19T19:28:16.17071563Z"}
{"count":2,"level":"info","logger":"ngalert.sender.router","msg":"Sending alerts to local notifier","org_id":1,"rule_uid":"aeranuqh906wwa","t":"2025-12-19T19:29:10.019663903Z"}
{"count":1,"level":"info","logger":"ngalert.sender.router","msg":"Sending alerts to local notifier","org_id":1,"rule_uid":"bentlrwxs1534b","t":"2025-12-19T19:29:11.549096607Z"}
{"count":1,"level":"info","logger":"ngalert.sender.router","msg":"Sending alerts to local notifier","org_id":1,"rule_uid":"eepiaqdm333lse","t":"2025-12-19T19:29:16.166905261Z"}
{"count":2,"level":"info","logger":"ngalert.sender.router","msg":"Sending alerts to local notifier","org_id":1,"rule_uid":"aeranuqh906wwa","t":"2025-12-19T19:30:10.019929031Z"}
{"count":1,"level":"info","logger":"ngalert.sender.router","msg":"Sending alerts to local notifier","org_id":1,"rule_uid":"bentlrwxs1534b","t":"2025-12-19T19:30:11.550409301Z"}
{"count":1,"level":"info","logger":"ngalert.sender.router","msg":"Sending alerts to local notifier","org_id":1,"rule_uid":"eepiaqdm333lse","t":"2025-12-19T19:30:16.167758685Z"}
{"count":2,"level":"info","logger":"ngalert.sender.router","msg":"Sending alerts to local notifier","org_id":1,"rule_uid":"aeranuqh906wwa","t":"2025-12-19T19:31:10.019931398Z"}
{"count":1,"level":"info","logger":"ngalert.sender.router","msg":"Sending alerts to local notifier","org_id":1,"rule_uid":"bentlrwxs1534b","t":"2025-12-19T19:31:11.551008047Z"}
{"count":1,"level":"info","logger":"ngalert.sender.router","msg":"Sending alerts to local notifier","org_id":1,"rule_uid":"eepiaqdm333lse","t":"2025-12-19T19:31:16.168943683Z"}
{"count":2,"level":"info","logger":"ngalert.sender.router","msg":"Sending alerts to local notifier","org_id":1,"rule_uid":"aeranuqh906wwa","t":"2025-12-19T19:32:10.01902812Z"}
{"count":1,"level":"info","logger":"ngalert.sender.router","msg":"Sending alerts to local notifier","org_id":1,"rule_uid":"bentlrwxs1534b","t":"2025-12-19T19:32:11.553866914Z"}
{"count":1,"level":"info","logger":"ngalert.sender.router","msg":"Sending alerts to local notifier","org_id":1,"rule_uid":"eepiaqdm333lse","t":"2025-12-19T19:32:16.166357371Z"}
{"count":2,"level":"info","logger":"ngalert.sender.router","msg":"Sending alerts to local notifier","org_id":1,"rule_uid":"aeranuqh906wwa","t":"2025-12-19T19:33:10.02144646Z"}
{"count":1,"level":"info","logger":"ngalert.sender.router","msg":"Sending alerts to local notifier","org_id":1,"rule_uid":"bentlrwxs1534b","t":"2025-12-19T19:33:11.550333679Z"}
{"count":1,"level":"info","logger":"ngalert.sender.router","msg":"Sending alerts to local notifier","org_id":1,"rule_uid":"eepiaqdm333lse","t":"2025-12-19T19:33:16.166660415Z"}
{"duration":"4.174195ms","level":"info","logger":"cleanup","msg":"Completed cleanup jobs","t":"2025-12-19T19:34:08.382004453Z"}
{"duration":"219.009861ms","level":"info","logger":"plugins.update.checker","msg":"Update check succeeded","t":"2025-12-19T19:34:09.034529033Z"}
{"count":2,"level":"info","logger":"ngalert.sender.router","msg":"Sending alerts to local notifier","org_id":1,"rule_uid":"aeranuqh906wwa","t":"2025-12-19T19:34:10.02076701Z"}
{"count":1,"level":"info","logger":"ngalert.sender.router","msg":"Sending alerts to local notifier","org_id":1,"rule_uid":"bentlrwxs1534b","t":"2025-12-19T19:34:11.551449761Z"}
{"count":1,"level":"info","logger":"ngalert.sender.router","msg":"Sending alerts to local notifier","org_id":1,"rule_uid":"eepiaqdm333lse","t":"2025-12-19T19:34:16.166743797Z"}
{"count":2,"level":"info","logger":"ngalert.sender.router","msg":"Sending alerts to local notifier","org_id":1,"rule_uid":"aeranuqh906wwa","t":"2025-12-19T19:35:10.021390765Z"}
{"count":1,"level":"info","logger":"ngalert.sender.router","msg":"Sending alerts to local notifier","org_id":1,"rule_uid":"bentlrwxs1534b","t":"2025-12-19T19:35:11.550562379Z"}
{"count":1,"level":"info","logger":"ngalert.sender.router","msg":"Sending alerts to local notifier","org_id":1,"rule_uid":"eepiaqdm333lse","t":"2025-12-19T19:35:16.166290961Z"}
{"level":"info","logger":"infra.usagestats","msg":"Usage stats are ready to report","t":"2025-12-19T19:36:05.427737907Z"}
{"count":2,"level":"info","logger":"ngalert.sender.router","msg":"Sending alerts to local notifier","org_id":1,"rule_uid":"aeranuqh906wwa","t":"2025-12-19T19:36:10.019494789Z"}
{"count":1,"level":"info","logger":"ngalert.sender.router","msg":"Sending alerts to local notifier","org_id":1,"rule_uid":"bentlrwxs1534b","t":"2025-12-19T19:36:11.550368415Z"}
{"count":1,"level":"info","logger":"ngalert.sender.router","msg":"Sending alerts to local notifier","org_id":1,"rule_uid":"eepiaqdm333lse","t":"2025-12-19T19:36:16.165144529Z"}
{"count":2,"level":"info","logger":"ngalert.sender.router","msg":"Sending alerts to local notifier","org_id":1,"rule_uid":"aeranuqh906wwa","t":"2025-12-19T19:37:10.020334567Z"}
{"count":1,"level":"info","logger":"ngalert.sender.router","msg":"Sending alerts to local notifier","org_id":1,"rule_uid":"bentlrwxs1534b","t":"2025-12-19T19:37:11.551242975Z"}
{"count":1,"level":"info","logger":"ngalert.sender.router","msg":"Sending alerts to local notifier","org_id":1,"rule_uid":"eepiaqdm333lse","t":"2025-12-19T19:37:16.166865528Z"}
{"count":2,"level":"info","logger":"ngalert.sender.router","msg":"Sending alerts to local notifier","org_id":1,"rule_uid":"aeranuqh906wwa","t":"2025-12-19T19:38:10.019997792Z"}
{"count":1,"level":"info","logger":"ngalert.sender.router","msg":"Sending alerts to local notifier","org_id":1,"rule_uid":"bentlrwxs1534b","t":"2025-12-19T19:38:11.551435805Z"}
{"count":1,"level":"info","logger":"ngalert.sender.router","msg":"Sending alerts to local notifier","org_id":1,"rule_uid":"eepiaqdm333lse","t":"2025-12-19T19:38:16.167481821Z"}
{"count":2,"level":"info","logger":"ngalert.sender.router","msg":"Sending alerts to local notifier","org_id":1,"rule_uid":"aeranuqh906wwa","t":"2025-12-19T19:39:10.020940475Z"}
{"count":1,"level":"info","logger":"ngalert.sender.router","msg":"Sending alerts to local notifier","org_id":1,"rule_uid":"bentlrwxs1534b","t":"2025-12-19T19:39:11.552080432Z"}
{"count":1,"level":"info","logger":"ngalert.sender.router","msg":"Sending alerts to local notifier","org_id":1,"rule_uid":"eepiaqdm333lse","t":"2025-12-19T19:39:16.165826896Z"}
{"count":2,"level":"info","logger":"ngalert.sender.router","msg":"Sending alerts to local notifier","org_id":1,"rule_uid":"aeranuqh906wwa","t":"2025-12-19T19:40:10.020838618Z"}
{"count":1,"level":"info","logger":"ngalert.sender.router","msg":"Sending alerts to local notifier","org_id":1,"rule_uid":"bentlrwxs1534b","t":"2025-12-19T19:40:11.550013988Z"}
{"count":1,"level":"info","logger":"ngalert.sender.router","msg":"Sending alerts to local notifier","org_id":1,"rule_uid":"eepiaqdm333lse","t":"2025-12-19T19:40:16.166552591Z"}
{"count":2,"level":"info","logger":"ngalert.sender.router","msg":"Sending alerts to local notifier","org_id":1,"rule_uid":"aeranuqh906wwa","t":"2025-12-19T19:41:10.024233452Z"}
{"count":1,"level":"info","logger":"ngalert.sender.router","msg":"Sending alerts to local notifier","org_id":1,"rule_uid":"bentlrwxs1534b","t":"2025-12-19T19:41:11.552156986Z"}
{"count":1,"level":"info","logger":"ngalert.sender.router","msg":"Sending alerts to local notifier","org_id":1,"rule_uid":"eepiaqdm333lse","t":"2025-12-19T19:41:16.166420375Z"}
{"count":2,"level":"info","logger":"ngalert.sender.router","msg":"Sending alerts to local notifier","org_id":1,"rule_uid":"aeranuqh906wwa","t":"2025-12-19T19:42:10.021950929Z"}
{"count":1,"level":"info","logger":"ngalert.sender.router","msg":"Sending alerts to local notifier","org_id":1,"rule_uid":"bentlrwxs1534b","t":"2025-12-19T19:42:11.551344408Z"}
{"count":1,"level":"info","logger":"ngalert.sender.router","msg":"Sending alerts to local notifier","org_id":1,"rule_uid":"eepiaqdm333lse","t":"2025-12-19T19:42:16.166145019Z"}
{"count":2,"level":"info","logger":"ngalert.sender.router","msg":"Sending alerts to local notifier","org_id":1,"rule_uid":"aeranuqh906wwa","t":"2025-12-19T19:43:10.021395624Z"}
{"count":1,"level":"info","logger":"ngalert.sender.router","msg":"Sending alerts to local notifier","org_id":1,"rule_uid":"bentlrwxs1534b","t":"2025-12-19T19:43:11.550163326Z"}
{"count":1,"level":"info","logger":"ngalert.sender.router","msg":"Sending alerts to local notifier","org_id":1,"rule_uid":"eepiaqdm333lse","t":"2025-12-19T19:43:16.165658506Z"}
{"duration":"4.090035ms","level":"info","logger":"cleanup","msg":"Completed cleanup jobs","t":"2025-12-19T19:44:08.38210731Z"}
{"duration":"235.278683ms","level":"info","logger":"plugins.update.checker","msg":"Update check succeeded","t":"2025-12-19T19:44:09.05062816Z"}
{"count":2,"level":"info","logger":"ngalert.sender.router","msg":"Sending alerts to local notifier","org_id":1,"rule_uid":"aeranuqh906wwa","t":"2025-12-19T19:44:10.020916545Z"}
{"count":1,"level":"info","logger":"ngalert.sender.router","msg":"Sending alerts to local notifier","org_id":1,"rule_uid":"bentlrwxs1534b","t":"2025-12-19T19:44:11.551839332Z"}
{"count":1,"level":"info","logger":"ngalert.sender.router","msg":"Sending alerts to local notifier","org_id":1,"rule_uid":"eepiaqdm333lse","t":"2025-12-19T19:44:16.170591245Z"}
{"count":2,"level":"info","logger":"ngalert.sender.router","msg":"Sending alerts to local notifier","org_id":1,"rule_uid":"aeranuqh906wwa","t":"2025-12-19T19:45:10.022223077Z"}
{"count":1,"level":"info","logger":"ngalert.sender.router","msg":"Sending alerts to local notifier","org_id":1,"rule_uid":"bentlrwxs1534b","t":"2025-12-19T19:45:11.550794399Z"}
{"count":1,"level":"info","logger":"ngalert.sender.router","msg":"Sending alerts to local notifier","org_id":1,"rule_uid":"eepiaqdm333lse","t":"2025-12-19T19:45:16.165478022Z"}
{"count":2,"level":"info","logger":"ngalert.sender.router","msg":"Sending alerts to local notifier","org_id":1,"rule_uid":"aeranuqh906wwa","t":"2025-12-19T19:46:10.020355017Z"}
{"count":1,"level":"info","logger":"ngalert.sender.router","msg":"Sending alerts to local notifier","org_id":1,"rule_uid":"bentlrwxs1534b","t":"2025-12-19T19:46:11.55012642Z"}
{"count":1,"level":"info","logger":"ngalert.sender.router","msg":"Sending alerts to local notifier","org_id":1,"rule_uid":"eepiaqdm333lse","t":"2025-12-19T19:46:16.167467104Z"}
{"count":2,"level":"info","logger":"ngalert.sender.router","msg":"Sending alerts to local notifier","org_id":1,"rule_uid":"aeranuqh906wwa","t":"2025-12-19T19:47:10.021016962Z"}
{"count":1,"level":"info","logger":"ngalert.sender.router","msg":"Sending alerts to local notifier","org_id":1,"rule_uid":"bentlrwxs1534b","t":"2025-12-19T19:47:11.551601896Z"}
{"count":1,"level":"info","logger":"ngalert.sender.router","msg":"Sending alerts to local notifier","org_id":1,"rule_uid":"eepiaqdm333lse","t":"2025-12-19T19:47:16.167025884Z"}
{"count":2,"level":"info","logger":"ngalert.sender.router","msg":"Sending alerts to local notifier","org_id":1,"rule_uid":"aeranuqh906wwa","t":"2025-12-19T19:48:10.023729209Z"}
{"count":1,"level":"info","logger":"ngalert.sender.router","msg":"Sending alerts to local notifier","org_id":1,"rule_uid":"bentlrwxs1534b","t":"2025-12-19T19:48:11.549500982Z"}
{"count":1,"level":"info","logger":"ngalert.sender.router","msg":"Sending alerts to local notifier","org_id":1,"rule_uid":"eepiaqdm333lse","t":"2025-12-19T19:48:16.167856455Z"}
{"count":2,"level":"info","logger":"ngalert.sender.router","msg":"Sending alerts to local notifier","org_id":1,"rule_uid":"aeranuqh906wwa","t":"2025-12-19T19:49:10.019065484Z"}
{"count":1,"level":"info","logger":"ngalert.sender.router","msg":"Sending alerts to local notifier","org_id":1,"rule_uid":"bentlrwxs1534b","t":"2025-12-19T19:49:11.551187976Z"}
{"count":1,"level":"info","logger":"ngalert.sender.router","msg":"Sending alerts to local notifier","org_id":1,"rule_uid":"eepiaqdm333lse","t":"2025-12-19T19:49:16.166003325Z"}
{"count":2,"level":"info","logger":"ngalert.sender.router","msg":"Sending alerts to local notifier","org_id":1,"rule_uid":"aeranuqh906wwa","t":"2025-12-19T19:50:10.02159027Z"}
{"count":1,"level":"info","logger":"ngalert.sender.router","msg":"Sending alerts to local notifier","org_id":1,"rule_uid":"bentlrwxs1534b","t":"2025-12-19T19:50:11.550980083Z"}
{"count":1,"level":"info","logger":"ngalert.sender.router","msg":"Sending alerts to local notifier","org_id":1,"rule_uid":"eepiaqdm333lse","t":"2025-12-19T19:50:16.169470855Z"}
{"count":2,"level":"info","logger":"ngalert.sender.router","msg":"Sending alerts to local notifier","org_id":1,"rule_uid":"aeranuqh906wwa","t":"2025-12-19T19:51:10.01812068Z"}
{"count":1,"level":"info","logger":"ngalert.sender.router","msg":"Sending alerts to local notifier","org_id":1,"rule_uid":"bentlrwxs1534b","t":"2025-12-19T19:51:11.549035301Z"}
{"count":1,"level":"info","logger":"ngalert.sender.router","msg":"Sending alerts to local notifier","org_id":1,"rule_uid":"eepiaqdm333lse","t":"2025-12-19T19:51:16.164902962Z"}
{"count":2,"level":"info","logger":"ngalert.sender.router","msg":"Sending alerts to local notifier","org_id":1,"rule_uid":"aeranuqh906wwa","t":"2025-12-19T19:52:10.019895257Z"}
{"count":1,"level":"info","logger":"ngalert.sender.router","msg":"Sending alerts to local notifier","org_id":1,"rule_uid":"bentlrwxs1534b","t":"2025-12-19T19:52:11.549987384Z"}
{"count":1,"level":"info","logger":"ngalert.sender.router","msg":"Sending alerts to local notifier","org_id":1,"rule_uid":"eepiaqdm333lse","t":"2025-12-19T19:52:16.165993178Z"}
{"count":2,"level":"info","logger":"ngalert.sender.router","msg":"Sending alerts to local notifier","org_id":1,"rule_uid":"aeranuqh906wwa","t":"2025-12-19T19:53:10.019027826Z"}
{"count":1,"level":"info","logger":"ngalert.sender.router","msg":"Sending alerts to local notifier","org_id":1,"rule_uid":"bentlrwxs1534b","t":"2025-12-19T19:53:11.550249791Z"}
{"count":1,"level":"info","logger":"ngalert.sender.router","msg":"Sending alerts to local notifier","org_id":1,"rule_uid":"eepiaqdm333lse","t":"2025-12-19T19:53:16.166921958Z"}
{"duration":"5.47783ms","level":"info","logger":"cleanup","msg":"Completed cleanup jobs","t":"2025-12-19T19:54:08.381863724Z"}
{"duration":"212.812679ms","level":"info","logger":"plugins.update.checker","msg":"Update check succeeded","t":"2025-12-19T19:54:09.028159674Z"}
{"count":2,"level":"info","logger":"ngalert.sender.router","msg":"Sending alerts to local notifier","org_id":1,"rule_uid":"aeranuqh906wwa","t":"2025-12-19T19:54:10.019903966Z"}
{"count":1,"level":"info","logger":"ngalert.sender.router","msg":"Sending alerts to local notifier","org_id":1,"rule_uid":"bentlrwxs1534b","t":"2025-12-19T19:54:11.55064255Z"}
{"count":1,"level":"info","logger":"ngalert.sender.router","msg":"Sending alerts to local notifier","org_id":1,"rule_uid":"eepiaqdm333lse","t":"2025-12-19T19:54:16.167355356Z"}
{"count":2,"level":"info","logger":"ngalert.sender.router","msg":"Sending alerts to local notifier","org_id":1,"rule_uid":"aeranuqh906wwa","t":"2025-12-19T19:55:10.021029564Z"}
{"count":1,"level":"info","logger":"ngalert.sender.router","msg":"Sending alerts to local notifier","org_id":1,"rule_uid":"bentlrwxs1534b","t":"2025-12-19T19:55:11.551945228Z"}
{"count":1,"level":"info","logger":"ngalert.sender.router","msg":"Sending alerts to local notifier","org_id":1,"rule_uid":"eepiaqdm333lse","t":"2025-12-19T19:55:16.167004673Z"}
{"count":2,"level":"info","logger":"ngalert.sender.router","msg":"Sending alerts to local notifier","org_id":1,"rule_uid":"aeranuqh906wwa","t":"2025-12-19T19:56:10.021690859Z"}
{"count":1,"level":"info","logger":"ngalert.sender.router","msg":"Sending alerts to local notifier","org_id":1,"rule_uid":"bentlrwxs1534b","t":"2025-12-19T19:56:11.549891987Z"}
{"count":1,"level":"info","logger":"ngalert.sender.router","msg":"Sending alerts to local notifier","org_id":1,"rule_uid":"eepiaqdm333lse","t":"2025-12-19T19:56:16.164619829Z"}
{"count":2,"level":"info","logger":"ngalert.sender.router","msg":"Sending alerts to local notifier","org_id":1,"rule_uid":"aeranuqh906wwa","t":"2025-12-19T19:57:10.02143293Z"}
{"count":1,"level":"info","logger":"ngalert.sender.router","msg":"Sending alerts to local notifier","org_id":1,"rule_uid":"bentlrwxs1534b","t":"2025-12-19T19:57:11.550902404Z"}
{"count":1,"level":"info","logger":"ngalert.sender.router","msg":"Sending alerts to local notifier","org_id":1,"rule_uid":"eepiaqdm333lse","t":"2025-12-19T19:57:16.167165159Z"}
{"count":2,"level":"info","logger":"ngalert.sender.router","msg":"Sending alerts to local notifier","org_id":1,"rule_uid":"aeranuqh906wwa","t":"2025-12-19T19:58:10.020351833Z"}
{"count":1,"level":"info","logger":"ngalert.sender.router","msg":"Sending alerts to local notifier","org_id":1,"rule_uid":"bentlrwxs1534b","t":"2025-12-19T19:58:11.550554519Z"}
{"count":1,"level":"info","logger":"ngalert.sender.router","msg":"Sending alerts to local notifier","org_id":1,"rule_uid":"eepiaqdm333lse","t":"2025-12-19T19:58:16.165032463Z"}
{"count":2,"level":"info","logger":"ngalert.sender.router","msg":"Sending alerts to local notifier","org_id":1,"rule_uid":"aeranuqh906wwa","t":"2025-12-19T19:59:10.020618873Z"}
{"count":1,"level":"info","logger":"ngalert.sender.router","msg":"Sending alerts to local notifier","org_id":1,"rule_uid":"bentlrwxs1534b","t":"2025-12-19T19:59:11.55089172Z"}
{"count":1,"level":"info","logger":"ngalert.sender.router","msg":"Sending alerts to local notifier","org_id":1,"rule_uid":"eepiaqdm333lse","t":"2025-12-19T19:59:16.165975258Z"}
{"count":2,"level":"info","logger":"ngalert.sender.router","msg":"Sending alerts to local notifier","org_id":1,"rule_uid":"aeranuqh906wwa","t":"2025-12-19T20:00:10.020493477Z"}
{"count":1,"level":"info","logger":"ngalert.sender.router","msg":"Sending alerts to local notifier","org_id":1,"rule_uid":"bentlrwxs1534b","t":"2025-12-19T20:00:11.550296861Z"}
{"count":1,"level":"info","logger":"ngalert.sender.router","msg":"Sending alerts to local notifier","org_id":1,"rule_uid":"eepiaqdm333lse","t":"2025-12-19T20:00:16.165532298Z"}
{"count":2,"level":"info","logger":"ngalert.sender.router","msg":"Sending alerts to local notifier","org_id":1,"rule_uid":"aeranuqh906wwa","t":"2025-12-19T20:01:10.020438272Z"}
{"count":1,"level":"info","logger":"ngalert.sender.router","msg":"Sending alerts to local notifier","org_id":1,"rule_uid":"bentlrwxs1534b","t":"2025-12-19T20:01:11.551989472Z"}
{"count":1,"level":"info","logger":"ngalert.sender.router","msg":"Sending alerts to local notifier","org_id":1,"rule_uid":"eepiaqdm333lse","t":"2025-12-19T20:01:16.165564954Z"}
{"count":2,"level":"info","logger":"ngalert.sender.router","msg":"Sending alerts to local notifier","org_id":1,"rule_uid":"aeranuqh906wwa","t":"2025-12-19T20:02:10.020788375Z"}
{"count":1,"level":"info","logger":"ngalert.sender.router","msg":"Sending alerts to local notifier","org_id":1,"rule_uid":"bentlrwxs1534b","t":"2025-12-19T20:02:11.551803885Z"}
{"count":1,"level":"info","logger":"ngalert.sender.router","msg":"Sending alerts to local notifier","org_id":1,"rule_uid":"eepiaqdm333lse","t":"2025-12-19T20:02:16.165507555Z"}
{"count":2,"level":"info","logger":"ngalert.sender.router","msg":"Sending alerts to local notifier","org_id":1,"rule_uid":"aeranuqh906wwa","t":"2025-12-19T20:03:10.022955549Z"}
{"count":1,"level":"info","logger":"ngalert.sender.router","msg":"Sending alerts to local notifier","org_id":1,"rule_uid":"bentlrwxs1534b","t":"2025-12-19T20:03:11.551245773Z"}
{"count":1,"level":"info","logger":"ngalert.sender.router","msg":"Sending alerts to local notifier","org_id":1,"rule_uid":"eepiaqdm333lse","t":"2025-12-19T20:03:16.170859834Z"}
{"duration":"4.35296ms","level":"info","logger":"cleanup","msg":"Completed cleanup jobs","t":"2025-12-19T20:04:08.382333084Z"}
{"duration":"226.857498ms","level":"info","logger":"plugins.update.checker","msg":"Update check succeeded","t":"2025-12-19T20:04:09.042829293Z"}
{"count":2,"level":"info","logger":"ngalert.sender.router","msg":"Sending alerts to local notifier","org_id":1,"rule_uid":"aeranuqh906wwa","t":"2025-12-19T20:04:10.021111936Z"}
{"count":1,"level":"info","logger":"ngalert.sender.router","msg":"Sending alerts to local notifier","org_id":1,"rule_uid":"bentlrwxs1534b","t":"2025-12-19T20:04:11.551081087Z"}
{"count":1,"level":"info","logger":"ngalert.sender.router","msg":"Sending alerts to local notifier","org_id":1,"rule_uid":"eepiaqdm333lse","t":"2025-12-19T20:04:16.166579299Z"}
{"count":2,"level":"info","logger":"ngalert.sender.router","msg":"Sending alerts to local notifier","org_id":1,"rule_uid":"aeranuqh906wwa","t":"2025-12-19T20:05:10.021299011Z"}
{"count":1,"level":"info","logger":"ngalert.sender.router","msg":"Sending alerts to local notifier","org_id":1,"rule_uid":"bentlrwxs1534b","t":"2025-12-19T20:05:11.552701956Z"}
{"count":1,"level":"info","logger":"ngalert.sender.router","msg":"Sending alerts to local notifier","org_id":1,"rule_uid":"eepiaqdm333lse","t":"2025-12-19T20:05:16.168135507Z"}
{"level":"info","logger":"infra.usagestats","msg":"Usage stats are ready to report","t":"2025-12-19T20:06:05.427320524Z"}
{"count":2,"level":"info","logger":"ngalert.sender.router","msg":"Sending alerts to local notifier","org_id":1,"rule_uid":"aeranuqh906wwa","t":"2025-12-19T20:06:10.026315809Z"}
{"count":1,"level":"info","logger":"ngalert.sender.router","msg":"Sending alerts to local notifier","org_id":1,"rule_uid":"bentlrwxs1534b","t":"2025-12-19T20:06:11.550580003Z"}
{"count":1,"level":"info","logger":"ngalert.sender.router","msg":"Sending alerts to local notifier","org_id":1,"rule_uid":"eepiaqdm333lse","t":"2025-12-19T20:06:16.168560886Z"}
{"count":2,"level":"info","logger":"ngalert.sender.router","msg":"Sending alerts to local notifier","org_id":1,"rule_uid":"aeranuqh906wwa","t":"2025-12-19T20:07:10.018554946Z"}
{"count":1,"level":"info","logger":"ngalert.sender.router","msg":"Sending alerts to local notifier","org_id":1,"rule_uid":"bentlrwxs1534b","t":"2025-12-19T20:07:11.549652626Z"}
{"count":1,"level":"info","logger":"ngalert.sender.router","msg":"Sending alerts to local notifier","org_id":1,"rule_uid":"eepiaqdm333lse","t":"2025-12-19T20:07:16.16629368Z"}
{"count":2,"level":"info","logger":"ngalert.sender.router","msg":"Sending alerts to local notifier","org_id":1,"rule_uid":"aeranuqh906wwa","t":"2025-12-19T20:08:10.021175382Z"}
{"count":1,"level":"info","logger":"ngalert.sender.router","msg":"Sending alerts to local notifier","org_id":1,"rule_uid":"bentlrwxs1534b","t":"2025-12-19T20:08:11.552230584Z"}
{"count":1,"level":"info","logger":"ngalert.sender.router","msg":"Sending alerts to local notifier","org_id":1,"rule_uid":"eepiaqdm333lse","t":"2025-12-19T20:08:16.165660502Z"}
{"count":2,"level":"info","logger":"ngalert.sender.router","msg":"Sending alerts to local notifier","org_id":1,"rule_uid":"aeranuqh906wwa","t":"2025-12-19T20:09:10.020012721Z"}
{"count":1,"level":"info","logger":"ngalert.sender.router","msg":"Sending alerts to local notifier","org_id":1,"rule_uid":"bentlrwxs1534b","t":"2025-12-19T20:09:11.550219386Z"}
{"count":1,"level":"info","logger":"ngalert.sender.router","msg":"Sending alerts to local notifier","org_id":1,"rule_uid":"eepiaqdm333lse","t":"2025-12-19T20:09:16.167182861Z"}
{"count":2,"level":"info","logger":"ngalert.sender.router","msg":"Sending alerts to local notifier","org_id":1,"rule_uid":"aeranuqh906wwa","t":"2025-12-19T20:10:10.020998534Z"}
{"count":1,"level":"info","logger":"ngalert.sender.router","msg":"Sending alerts to local notifier","org_id":1,"rule_uid":"bentlrwxs1534b","t":"2025-12-19T20:10:11.549912647Z"}
{"count":1,"level":"info","logger":"ngalert.sender.router","msg":"Sending alerts to local notifier","org_id":1,"rule_uid":"eepiaqdm333lse","t":"2025-12-19T20:10:16.164903502Z"}
{"count":2,"level":"info","logger":"ngalert.sender.router","msg":"Sending alerts to local notifier","org_id":1,"rule_uid":"aeranuqh906wwa","t":"2025-12-19T20:11:10.023014041Z"}
{"count":1,"level":"info","logger":"ngalert.sender.router","msg":"Sending alerts to local notifier","org_id":1,"rule_uid":"bentlrwxs1534b","t":"2025-12-19T20:11:11.551388765Z"}
{"count":1,"level":"info","logger":"ngalert.sender.router","msg":"Sending alerts to local notifier","org_id":1,"rule_uid":"eepiaqdm333lse","t":"2025-12-19T20:11:16.165466077Z"}
{"count":2,"level":"info","logger":"ngalert.sender.router","msg":"Sending alerts to local notifier","org_id":1,"rule_uid":"aeranuqh906wwa","t":"2025-12-19T20:12:10.018614959Z"}
{"count":1,"level":"info","logger":"ngalert.sender.router","msg":"Sending alerts to local notifier","org_id":1,"rule_uid":"bentlrwxs1534b","t":"2025-12-19T20:12:11.550163551Z"}
{"count":1,"level":"info","logger":"ngalert.sender.router","msg":"Sending alerts to local notifier","org_id":1,"rule_uid":"eepiaqdm333lse","t":"2025-12-19T20:12:16.165493378Z"}
{"count":2,"level":"info","logger":"ngalert.sender.router","msg":"Sending alerts to local notifier","org_id":1,"rule_uid":"aeranuqh906wwa","t":"2025-12-19T20:13:10.021394375Z"}
{"count":1,"level":"info","logger":"ngalert.sender.router","msg":"Sending alerts to local notifier","org_id":1,"rule_uid":"bentlrwxs1534b","t":"2025-12-19T20:13:11.550413011Z"}
{"count":1,"level":"info","logger":"ngalert.sender.router","msg":"Sending alerts to local notifier","org_id":1,"rule_uid":"eepiaqdm333lse","t":"2025-12-19T20:13:16.167213296Z"}
{"duration":"3.999546ms","level":"info","logger":"cleanup","msg":"Completed cleanup jobs","t":"2025-12-19T20:14:08.381906389Z"}
{"duration":"211.821907ms","level":"info","logger":"plugins.update.checker","msg":"Update check succeeded","t":"2025-12-19T20:14:09.026643999Z"}
{"count":2,"level":"info","logger":"ngalert.sender.router","msg":"Sending alerts to local notifier","org_id":1,"rule_uid":"aeranuqh906wwa","t":"2025-12-19T20:14:10.021011938Z"}
{"count":1,"level":"info","logger":"ngalert.sender.router","msg":"Sending alerts to local notifier","org_id":1,"rule_uid":"bentlrwxs1534b","t":"2025-12-19T20:14:11.550010212Z"}
{"count":1,"level":"info","logger":"ngalert.sender.router","msg":"Sending alerts to local notifier","org_id":1,"rule_uid":"eepiaqdm333lse","t":"2025-12-19T20:14:16.166753052Z"}
{"count":2,"level":"info","logger":"ngalert.sender.router","msg":"Sending alerts to local notifier","org_id":1,"rule_uid":"aeranuqh906wwa","t":"2025-12-19T20:15:10.021641966Z"}
{"count":1,"level":"info","logger":"ngalert.sender.router","msg":"Sending alerts to local notifier","org_id":1,"rule_uid":"bentlrwxs1534b","t":"2025-12-19T20:15:11.550114522Z"}
{"count":1,"level":"info","logger":"ngalert.sender.router","msg":"Sending alerts to local notifier","org_id":1,"rule_uid":"eepiaqdm333lse","t":"2025-12-19T20:15:16.165327547Z"}
{"count":2,"level":"info","logger":"ngalert.sender.router","msg":"Sending alerts to local notifier","org_id":1,"rule_uid":"aeranuqh906wwa","t":"2025-12-19T20:16:10.020695261Z"}
{"count":1,"level":"info","logger":"ngalert.sender.router","msg":"Sending alerts to local notifier","org_id":1,"rule_uid":"bentlrwxs1534b","t":"2025-12-19T20:16:11.550276078Z"}
{"count":1,"level":"info","logger":"ngalert.sender.router","msg":"Sending alerts to local notifier","org_id":1,"rule_uid":"eepiaqdm333lse","t":"2025-12-19T20:16:16.170126413Z"}
{"count":2,"level":"info","logger":"ngalert.sender.router","msg":"Sending alerts to local notifier","org_id":1,"rule_uid":"aeranuqh906wwa","t":"2025-12-19T20:17:10.021527275Z"}
{"count":1,"level":"info","logger":"ngalert.sender.router","msg":"Sending alerts to local notifier","org_id":1,"rule_uid":"bentlrwxs1534b","t":"2025-12-19T20:17:11.549774402Z"}
{"count":1,"level":"info","logger":"ngalert.sender.router","msg":"Sending alerts to local notifier","org_id":1,"rule_uid":"eepiaqdm333lse","t":"2025-12-19T20:17:16.165511977Z"}
{"count":2,"level":"info","logger":"ngalert.sender.router","msg":"Sending alerts to local notifier","org_id":1,"rule_uid":"aeranuqh906wwa","t":"2025-12-19T20:18:10.019590089Z"}
{"count":1,"level":"info","logger":"ngalert.sender.router","msg":"Sending alerts to local notifier","org_id":1,"rule_uid":"bentlrwxs1534b","t":"2025-12-19T20:18:11.550440113Z"}
{"count":1,"level":"info","logger":"ngalert.sender.router","msg":"Sending alerts to local notifier","org_id":1,"rule_uid":"eepiaqdm333lse","t":"2025-12-19T20:18:16.168623884Z"}
{"count":2,"level":"info","logger":"ngalert.sender.router","msg":"Sending alerts to local notifier","org_id":1,"rule_uid":"aeranuqh906wwa","t":"2025-12-19T20:19:10.0212956Z"}
{"count":1,"level":"info","logger":"ngalert.sender.router","msg":"Sending alerts to local notifier","org_id":1,"rule_uid":"bentlrwxs1534b","t":"2025-12-19T20:19:11.551703932Z"}
{"count":1,"level":"info","logger":"ngalert.sender.router","msg":"Sending alerts to local notifier","org_id":1,"rule_uid":"eepiaqdm333lse","t":"2025-12-19T20:19:16.167679597Z"}
{"count":2,"level":"info","logger":"ngalert.sender.router","msg":"Sending alerts to local notifier","org_id":1,"rule_uid":"aeranuqh906wwa","t":"2025-12-19T20:20:10.020535156Z"}
{"count":1,"level":"info","logger":"ngalert.sender.router","msg":"Sending alerts to local notifier","org_id":1,"rule_uid":"bentlrwxs1534b","t":"2025-12-19T20:20:11.551817106Z"}
{"count":1,"level":"info","logger":"ngalert.sender.router","msg":"Sending alerts to local notifier","org_id":1,"rule_uid":"eepiaqdm333lse","t":"2025-12-19T20:20:16.16536659Z"}
{"count":2,"level":"info","logger":"ngalert.sender.router","msg":"Sending alerts to local notifier","org_id":1,"rule_uid":"aeranuqh906wwa","t":"2025-12-19T20:21:10.018992055Z"}
{"count":1,"level":"info","logger":"ngalert.sender.router","msg":"Sending alerts to local notifier","org_id":1,"rule_uid":"bentlrwxs1534b","t":"2025-12-19T20:21:11.550256753Z"}
{"count":1,"level":"info","logger":"ngalert.sender.router","msg":"Sending alerts to local notifier","org_id":1,"rule_uid":"eepiaqdm333lse","t":"2025-12-19T20:21:16.166921586Z"}
{"count":2,"level":"info","logger":"ngalert.sender.router","msg":"Sending alerts to local notifier","org_id":1,"rule_uid":"aeranuqh906wwa","t":"2025-12-19T20:22:10.019180407Z"}
{"count":1,"level":"info","logger":"ngalert.sender.router","msg":"Sending alerts to local notifier","org_id":1,"rule_uid":"bentlrwxs1534b","t":"2025-12-19T20:22:11.549604359Z"}
{"count":1,"level":"info","logger":"ngalert.sender.router","msg":"Sending alerts to local notifier","org_id":1,"rule_uid":"eepiaqdm333lse","t":"2025-12-19T20:22:16.16539264Z"}
{"count":2,"level":"info","logger":"ngalert.sender.router","msg":"Sending alerts to local notifier","org_id":1,"rule_uid":"aeranuqh906wwa","t":"2025-12-19T20:23:10.023046688Z"}
{"count":1,"level":"info","logger":"ngalert.sender.router","msg":"Sending alerts to local notifier","org_id":1,"rule_uid":"bentlrwxs1534b","t":"2025-12-19T20:23:11.551147042Z"}
{"count":1,"level":"info","logger":"ngalert.sender.router","msg":"Sending alerts to local notifier","org_id":1,"rule_uid":"eepiaqdm333lse","t":"2025-12-19T20:23:16.1698614Z"}
{"duration":"4.0495ms","level":"info","logger":"cleanup","msg":"Completed cleanup jobs","t":"2025-12-19T20:24:08.382325095Z"}
{"duration":"237.225905ms","level":"info","logger":"plugins.update.checker","msg":"Update check succeeded","t":"2025-12-19T20:24:09.052921264Z"}
{"count":2,"level":"info","logger":"ngalert.sender.router","msg":"Sending alerts to local notifier","org_id":1,"rule_uid":"aeranuqh906wwa","t":"2025-12-19T20:24:10.019798321Z"}
{"count":1,"level":"info","logger":"ngalert.sender.router","msg":"Sending alerts to local notifier","org_id":1,"rule_uid":"bentlrwxs1534b","t":"2025-12-19T20:24:11.550347751Z"}
{"count":1,"level":"info","logger":"ngalert.sender.router","msg":"Sending alerts to local notifier","org_id":1,"rule_uid":"eepiaqdm333lse","t":"2025-12-19T20:24:16.167075987Z"}
{"count":2,"level":"info","logger":"ngalert.sender.router","msg":"Sending alerts to local notifier","org_id":1,"rule_uid":"aeranuqh906wwa","t":"2025-12-19T20:25:10.021109467Z"}
{"count":1,"level":"info","logger":"ngalert.sender.router","msg":"Sending alerts to local notifier","org_id":1,"rule_uid":"bentlrwxs1534b","t":"2025-12-19T20:25:11.551624495Z"}
{"count":1,"level":"info","logger":"ngalert.sender.router","msg":"Sending alerts to local notifier","org_id":1,"rule_uid":"eepiaqdm333lse","t":"2025-12-19T20:25:16.165133356Z"}
{"count":2,"level":"info","logger":"ngalert.sender.router","msg":"Sending alerts to local notifier","org_id":1,"rule_uid":"aeranuqh906wwa","t":"2025-12-19T20:26:10.019744438Z"}
{"count":1,"level":"info","logger":"ngalert.sender.router","msg":"Sending alerts to local notifier","org_id":1,"rule_uid":"bentlrwxs1534b","t":"2025-12-19T20:26:11.551650837Z"}
{"count":1,"level":"info","logger":"ngalert.sender.router","msg":"Sending alerts to local notifier","org_id":1,"rule_uid":"eepiaqdm333lse","t":"2025-12-19T20:26:16.16584701Z"}
{"count":2,"level":"info","logger":"ngalert.sender.router","msg":"Sending alerts to local notifier","org_id":1,"rule_uid":"aeranuqh906wwa","t":"2025-12-19T20:27:10.019336414Z"}
{"count":1,"level":"info","logger":"ngalert.sender.router","msg":"Sending alerts to local notifier","org_id":1,"rule_uid":"bentlrwxs1534b","t":"2025-12-19T20:27:11.552144486Z"}
{"count":1,"level":"info","logger":"ngalert.sender.router","msg":"Sending alerts to local notifier","org_id":1,"rule_uid":"eepiaqdm333lse","t":"2025-12-19T20:27:16.168138775Z"}
{"count":2,"level":"info","logger":"ngalert.sender.router","msg":"Sending alerts to local notifier","org_id":1,"rule_uid":"aeranuqh906wwa","t":"2025-12-19T20:28:10.019780249Z"}
{"count":1,"level":"info","logger":"ngalert.sender.router","msg":"Sending alerts to local notifier","org_id":1,"rule_uid":"bentlrwxs1534b","t":"2025-12-19T20:28:11.549294935Z"}
{"count":1,"level":"info","logger":"ngalert.sender.router","msg":"Sending alerts to local notifier","org_id":1,"rule_uid":"eepiaqdm333lse","t":"2025-12-19T20:28:16.165607212Z"}
{"count":2,"level":"info","logger":"ngalert.sender.router","msg":"Sending alerts to local notifier","org_id":1,"rule_uid":"aeranuqh906wwa","t":"2025-12-19T20:29:10.019833974Z"}
{"count":1,"level":"info","logger":"ngalert.sender.router","msg":"Sending alerts to local notifier","org_id":1,"rule_uid":"bentlrwxs1534b","t":"2025-12-19T20:29:11.552343692Z"}
{"count":1,"level":"info","logger":"ngalert.sender.router","msg":"Sending alerts to local notifier","org_id":1,"rule_uid":"eepiaqdm333lse","t":"2025-12-19T20:29:16.1672796Z"}
{"count":2,"level":"info","logger":"ngalert.sender.router","msg":"Sending alerts to local notifier","org_id":1,"rule_uid":"aeranuqh906wwa","t":"2025-12-19T20:30:10.021410783Z"}
{"count":1,"level":"info","logger":"ngalert.sender.router","msg":"Sending alerts to local notifier","org_id":1,"rule_uid":"bentlrwxs1534b","t":"2025-12-19T20:30:11.550003522Z"}
{"count":1,"level":"info","logger":"ngalert.sender.router","msg":"Sending alerts to local notifier","org_id":1,"rule_uid":"eepiaqdm333lse","t":"2025-12-19T20:30:16.167101019Z"}
{"count":2,"level":"info","logger":"ngalert.sender.router","msg":"Sending alerts to local notifier","org_id":1,"rule_uid":"aeranuqh906wwa","t":"2025-12-19T20:31:10.020689672Z"}
{"count":1,"level":"info","logger":"ngalert.sender.router","msg":"Sending alerts to local notifier","org_id":1,"rule_uid":"bentlrwxs1534b","t":"2025-12-19T20:31:11.549581597Z"}
{"count":1,"level":"info","logger":"ngalert.sender.router","msg":"Sending alerts to local notifier","org_id":1,"rule_uid":"eepiaqdm333lse","t":"2025-12-19T20:31:16.16491254Z"}
{"count":2,"level":"info","logger":"ngalert.sender.router","msg":"Sending alerts to local notifier","org_id":1,"rule_uid":"aeranuqh906wwa","t":"2025-12-19T20:32:10.020859139Z"}
{"count":1,"level":"info","logger":"ngalert.sender.router","msg":"Sending alerts to local notifier","org_id":1,"rule_uid":"bentlrwxs1534b","t":"2025-12-19T20:32:11.550433599Z"}
{"count":1,"level":"info","logger":"ngalert.sender.router","msg":"Sending alerts to local notifier","org_id":1,"rule_uid":"eepiaqdm333lse","t":"2025-12-19T20:32:16.167248306Z"}
{"count":2,"level":"info","logger":"ngalert.sender.router","msg":"Sending alerts to local notifier","org_id":1,"rule_uid":"aeranuqh906wwa","t":"2025-12-19T20:33:10.023340419Z"}
{"count":1,"level":"info","logger":"ngalert.sender.router","msg":"Sending alerts to local notifier","org_id":1,"rule_uid":"bentlrwxs1534b","t":"2025-12-19T20:33:11.551177707Z"}
{"count":1,"level":"info","logger":"ngalert.sender.router","msg":"Sending alerts to local notifier","org_id":1,"rule_uid":"eepiaqdm333lse","t":"2025-12-19T20:33:16.167656961Z"}
{"duration":"4.059856ms","level":"info","logger":"cleanup","msg":"Completed cleanup jobs","t":"2025-12-19T20:34:08.38182723Z"}
{"duration":"214.744029ms","level":"info","logger":"plugins.update.checker","msg":"Update check succeeded","t":"2025-12-19T20:34:09.030425461Z"}
{"count":2,"level":"info","logger":"ngalert.sender.router","msg":"Sending alerts to local notifier","org_id":1,"rule_uid":"aeranuqh906wwa","t":"2025-12-19T20:34:10.021193952Z"}
{"count":1,"level":"info","logger":"ngalert.sender.router","msg":"Sending alerts to local notifier","org_id":1,"rule_uid":"bentlrwxs1534b","t":"2025-12-19T20:34:11.551136769Z"}
{"count":1,"level":"info","logger":"ngalert.sender.router","msg":"Sending alerts to local notifier","org_id":1,"rule_uid":"eepiaqdm333lse","t":"2025-12-19T20:34:16.16645693Z"}
{"count":2,"level":"info","logger":"ngalert.sender.router","msg":"Sending alerts to local notifier","org_id":1,"rule_uid":"aeranuqh906wwa","t":"2025-12-19T20:35:10.019385091Z"}
{"count":1,"level":"info","logger":"ngalert.sender.router","msg":"Sending alerts to local notifier","org_id":1,"rule_uid":"bentlrwxs1534b","t":"2025-12-19T20:35:11.550090916Z"}
{"count":1,"level":"info","logger":"ngalert.sender.router","msg":"Sending alerts to local notifier","org_id":1,"rule_uid":"eepiaqdm333lse","t":"2025-12-19T20:35:16.167517537Z"}
{"level":"info","logger":"infra.usagestats","msg":"Usage stats are ready to report","t":"2025-12-19T20:36:05.428391406Z"}
{"count":2,"level":"info","logger":"ngalert.sender.router","msg":"Sending alerts to local notifier","org_id":1,"rule_uid":"aeranuqh906wwa","t":"2025-12-19T20:36:10.021147485Z"}
{"count":1,"level":"info","logger":"ngalert.sender.router","msg":"Sending alerts to local notifier","org_id":1,"rule_uid":"bentlrwxs1534b","t":"2025-12-19T20:36:11.552045794Z"}
{"count":1,"level":"info","logger":"ngalert.sender.router","msg":"Sending alerts to local notifier","org_id":1,"rule_uid":"eepiaqdm333lse","t":"2025-12-19T20:36:16.169437348Z"}
{"count":2,"level":"info","logger":"ngalert.sender.router","msg":"Sending alerts to local notifier","org_id":1,"rule_uid":"aeranuqh906wwa","t":"2025-12-19T20:37:10.025269762Z"}
{"count":1,"level":"info","logger":"ngalert.sender.router","msg":"Sending alerts to local notifier","org_id":1,"rule_uid":"bentlrwxs1534b","t":"2025-12-19T20:37:11.55043347Z"}
{"count":1,"level":"info","logger":"ngalert.sender.router","msg":"Sending alerts to local notifier","org_id":1,"rule_uid":"eepiaqdm333lse","t":"2025-12-19T20:37:16.165156398Z"}
{"count":2,"level":"info","logger":"ngalert.sender.router","msg":"Sending alerts to local notifier","org_id":1,"rule_uid":"aeranuqh906wwa","t":"2025-12-19T20:38:10.02011094Z"}
{"count":1,"level":"info","logger":"ngalert.sender.router","msg":"Sending alerts to local notifier","org_id":1,"rule_uid":"bentlrwxs1534b","t":"2025-12-19T20:38:11.549836614Z"}
{"count":1,"level":"info","logger":"ngalert.sender.router","msg":"Sending alerts to local notifier","org_id":1,"rule_uid":"eepiaqdm333lse","t":"2025-12-19T20:38:16.165383669Z"}
{"count":2,"level":"info","logger":"ngalert.sender.router","msg":"Sending alerts to local notifier","org_id":1,"rule_uid":"aeranuqh906wwa","t":"2025-12-19T20:39:10.019180103Z"}
{"count":1,"level":"info","logger":"ngalert.sender.router","msg":"Sending alerts to local notifier","org_id":1,"rule_uid":"bentlrwxs1534b","t":"2025-12-19T20:39:11.551019579Z"}
{"count":1,"level":"info","logger":"ngalert.sender.router","msg":"Sending alerts to local notifier","org_id":1,"rule_uid":"eepiaqdm333lse","t":"2025-12-19T20:39:16.169431786Z"}
{"count":2,"level":"info","logger":"ngalert.sender.router","msg":"Sending alerts to local notifier","org_id":1,"rule_uid":"aeranuqh906wwa","t":"2025-12-19T20:40:10.020273164Z"}
{"count":1,"level":"info","logger":"ngalert.sender.router","msg":"Sending alerts to local notifier","org_id":1,"rule_uid":"bentlrwxs1534b","t":"2025-12-19T20:40:11.551585764Z"}
{"count":1,"level":"info","logger":"ngalert.sender.router","msg":"Sending alerts to local notifier","org_id":1,"rule_uid":"eepiaqdm333lse","t":"2025-12-19T20:40:16.167103832Z"}
{"count":2,"level":"info","logger":"ngalert.sender.router","msg":"Sending alerts to local notifier","org_id":1,"rule_uid":"aeranuqh906wwa","t":"2025-12-19T20:41:10.019363762Z"}
{"count":1,"level":"info","logger":"ngalert.sender.router","msg":"Sending alerts to local notifier","org_id":1,"rule_uid":"bentlrwxs1534b","t":"2025-12-19T20:41:11.551072044Z"}
{"count":1,"level":"info","logger":"ngalert.sender.router","msg":"Sending alerts to local notifier","org_id":1,"rule_uid":"eepiaqdm333lse","t":"2025-12-19T20:41:16.166204761Z"}
{"count":2,"level":"info","logger":"ngalert.sender.router","msg":"Sending alerts to local notifier","org_id":1,"rule_uid":"aeranuqh906wwa","t":"2025-12-19T20:42:10.019934081Z"}
{"count":1,"level":"info","logger":"ngalert.sender.router","msg":"Sending alerts to local notifier","org_id":1,"rule_uid":"bentlrwxs1534b","t":"2025-12-19T20:42:11.549163694Z"}
{"count":1,"level":"info","logger":"ngalert.sender.router","msg":"Sending alerts to local notifier","org_id":1,"rule_uid":"eepiaqdm333lse","t":"2025-12-19T20:42:16.16560095Z"}
{"count":2,"level":"info","logger":"ngalert.sender.router","msg":"Sending alerts to local notifier","org_id":1,"rule_uid":"aeranuqh906wwa","t":"2025-12-19T20:43:10.023536153Z"}
{"count":1,"level":"info","logger":"ngalert.sender.router","msg":"Sending alerts to local notifier","org_id":1,"rule_uid":"bentlrwxs1534b","t":"2025-12-19T20:43:11.551603124Z"}
{"count":1,"level":"info","logger":"ngalert.sender.router","msg":"Sending alerts to local notifier","org_id":1,"rule_uid":"eepiaqdm333lse","t":"2025-12-19T20:43:16.167009622Z"}
{"duration":"3.825064ms","level":"info","logger":"cleanup","msg":"Completed cleanup jobs","t":"2025-12-19T20:44:08.38118368Z"}
{"duration":"218.930791ms","level":"info","logger":"plugins.update.checker","msg":"Update check succeeded","t":"2025-12-19T20:44:09.034543703Z"}
{"count":2,"level":"info","logger":"ngalert.sender.router","msg":"Sending alerts to local notifier","org_id":1,"rule_uid":"aeranuqh906wwa","t":"2025-12-19T20:44:10.020207837Z"}
{"count":1,"level":"info","logger":"ngalert.sender.router","msg":"Sending alerts to local notifier","org_id":1,"rule_uid":"bentlrwxs1534b","t":"2025-12-19T20:44:11.549084117Z"}
{"count":1,"level":"info","logger":"ngalert.sender.router","msg":"Sending alerts to local notifier","org_id":1,"rule_uid":"eepiaqdm333lse","t":"2025-12-19T20:44:16.165210064Z"}
{"count":2,"level":"info","logger":"ngalert.sender.router","msg":"Sending alerts to local notifier","org_id":1,"rule_uid":"aeranuqh906wwa","t":"2025-12-19T20:45:10.02266255Z"}
{"count":1,"level":"info","logger":"ngalert.sender.router","msg":"Sending alerts to local notifier","org_id":1,"rule_uid":"bentlrwxs1534b","t":"2025-12-19T20:45:11.552214905Z"}
{"count":1,"level":"info","logger":"ngalert.sender.router","msg":"Sending alerts to local notifier","org_id":1,"rule_uid":"eepiaqdm333lse","t":"2025-12-19T20:45:16.166831903Z"}
{"count":2,"level":"info","logger":"ngalert.sender.router","msg":"Sending alerts to local notifier","org_id":1,"rule_uid":"aeranuqh906wwa","t":"2025-12-19T20:46:10.021640995Z"}
{"count":1,"level":"info","logger":"ngalert.sender.router","msg":"Sending alerts to local notifier","org_id":1,"rule_uid":"bentlrwxs1534b","t":"2025-12-19T20:46:11.550058911Z"}
{"count":1,"level":"info","logger":"ngalert.sender.router","msg":"Sending alerts to local notifier","org_id":1,"rule_uid":"eepiaqdm333lse","t":"2025-12-19T20:46:16.167769664Z"}
{"count":2,"level":"info","logger":"ngalert.sender.router","msg":"Sending alerts to local notifier","org_id":1,"rule_uid":"aeranuqh906wwa","t":"2025-12-19T20:47:10.019744753Z"}
{"count":1,"level":"info","logger":"ngalert.sender.router","msg":"Sending alerts to local notifier","org_id":1,"rule_uid":"bentlrwxs1534b","t":"2025-12-19T20:47:11.551542944Z"}
{"count":1,"level":"info","logger":"ngalert.sender.router","msg":"Sending alerts to local notifier","org_id":1,"rule_uid":"eepiaqdm333lse","t":"2025-12-19T20:47:16.165090923Z"}
{"count":2,"level":"info","logger":"ngalert.sender.router","msg":"Sending alerts to local notifier","org_id":1,"rule_uid":"aeranuqh906wwa","t":"2025-12-19T20:48:10.018569131Z"}
{"count":1,"level":"info","logger":"ngalert.sender.router","msg":"Sending alerts to local notifier","org_id":1,"rule_uid":"bentlrwxs1534b","t":"2025-12-19T20:48:11.550095004Z"}
{"count":1,"level":"info","logger":"ngalert.sender.router","msg":"Sending alerts to local notifier","org_id":1,"rule_uid":"eepiaqdm333lse","t":"2025-12-19T20:48:16.166223788Z"}
{"count":2,"level":"info","logger":"ngalert.sender.router","msg":"Sending alerts to local notifier","org_id":1,"rule_uid":"aeranuqh906wwa","t":"2025-12-19T20:49:10.021837678Z"}
{"count":1,"level":"info","logger":"ngalert.sender.router","msg":"Sending alerts to local notifier","org_id":1,"rule_uid":"bentlrwxs1534b","t":"2025-12-19T20:49:11.55158865Z"}
{"count":1,"level":"info","logger":"ngalert.sender.router","msg":"Sending alerts to local notifier","org_id":1,"rule_uid":"eepiaqdm333lse","t":"2025-12-19T20:49:16.166064352Z"}
{"count":2,"level":"info","logger":"ngalert.sender.router","msg":"Sending alerts to local notifier","org_id":1,"rule_uid":"aeranuqh906wwa","t":"2025-12-19T20:50:10.021074763Z"}
{"count":1,"level":"info","logger":"ngalert.sender.router","msg":"Sending alerts to local notifier","org_id":1,"rule_uid":"bentlrwxs1534b","t":"2025-12-19T20:50:11.550698872Z"}
{"count":1,"level":"info","logger":"ngalert.sender.router","msg":"Sending alerts to local notifier","org_id":1,"rule_uid":"eepiaqdm333lse","t":"2025-12-19T20:50:16.166146873Z"}
{"count":2,"level":"info","logger":"ngalert.sender.router","msg":"Sending alerts to local notifier","org_id":1,"rule_uid":"aeranuqh906wwa","t":"2025-12-19T20:51:10.022180919Z"}
{"count":1,"level":"info","logger":"ngalert.sender.router","msg":"Sending alerts to local notifier","org_id":1,"rule_uid":"bentlrwxs1534b","t":"2025-12-19T20:51:11.550275313Z"}
{"count":1,"level":"info","logger":"ngalert.sender.router","msg":"Sending alerts to local notifier","org_id":1,"rule_uid":"eepiaqdm333lse","t":"2025-12-19T20:51:16.166415279Z"}
{"count":2,"level":"info","logger":"ngalert.sender.router","msg":"Sending alerts to local notifier","org_id":1,"rule_uid":"aeranuqh906wwa","t":"2025-12-19T20:52:10.022274767Z"}
{"count":1,"level":"info","logger":"ngalert.sender.router","msg":"Sending alerts to local notifier","org_id":1,"rule_uid":"bentlrwxs1534b","t":"2025-12-19T20:52:11.551521079Z"}
{"count":1,"level":"info","logger":"ngalert.sender.router","msg":"Sending alerts to local notifier","org_id":1,"rule_uid":"eepiaqdm333lse","t":"2025-12-19T20:52:16.165370742Z"}
{"count":2,"level":"info","logger":"ngalert.sender.router","msg":"Sending alerts to local notifier","org_id":1,"rule_uid":"aeranuqh906wwa","t":"2025-12-19T20:53:10.019665661Z"}
{"count":1,"level":"info","logger":"ngalert.sender.router","msg":"Sending alerts to local notifier","org_id":1,"rule_uid":"bentlrwxs1534b","t":"2025-12-19T20:53:11.550539068Z"}
{"count":1,"level":"info","logger":"ngalert.sender.router","msg":"Sending alerts to local notifier","org_id":1,"rule_uid":"eepiaqdm333lse","t":"2025-12-19T20:53:16.166517713Z"}
{"duration":"4.265597ms","level":"info","logger":"cleanup","msg":"Completed cleanup jobs","t":"2025-12-19T20:54:08.381081874Z"}
{"duration":"235.000303ms","level":"info","logger":"plugins.update.checker","msg":"Update check succeeded","t":"2025-12-19T20:54:09.050346303Z"}
{"count":2,"level":"info","logger":"ngalert.sender.router","msg":"Sending alerts to local notifier","org_id":1,"rule_uid":"aeranuqh906wwa","t":"2025-12-19T20:54:10.01882007Z"}
{"count":1,"level":"info","logger":"ngalert.sender.router","msg":"Sending alerts to local notifier","org_id":1,"rule_uid":"bentlrwxs1534b","t":"2025-12-19T20:54:11.55072484Z"}
{"count":1,"level":"info","logger":"ngalert.sender.router","msg":"Sending alerts to local notifier","org_id":1,"rule_uid":"eepiaqdm333lse","t":"2025-12-19T20:54:16.166228844Z"}
{"count":2,"level":"info","logger":"ngalert.sender.router","msg":"Sending alerts to local notifier","org_id":1,"rule_uid":"aeranuqh906wwa","t":"2025-12-19T20:55:10.021079165Z"}
{"count":1,"level":"info","logger":"ngalert.sender.router","msg":"Sending alerts to local notifier","org_id":1,"rule_uid":"bentlrwxs1534b","t":"2025-12-19T20:55:11.552554545Z"}
{"count":1,"level":"info","logger":"ngalert.sender.router","msg":"Sending alerts to local notifier","org_id":1,"rule_uid":"eepiaqdm333lse","t":"2025-12-19T20:55:16.166141547Z"}
{"count":2,"level":"info","logger":"ngalert.sender.router","msg":"Sending alerts to local notifier","org_id":1,"rule_uid":"aeranuqh906wwa","t":"2025-12-19T20:56:10.01968777Z"}
{"count":1,"level":"info","logger":"ngalert.sender.router","msg":"Sending alerts to local notifier","org_id":1,"rule_uid":"bentlrwxs1534b","t":"2025-12-19T20:56:11.550656956Z"}
{"count":1,"level":"info","logger":"ngalert.sender.router","msg":"Sending alerts to local notifier","org_id":1,"rule_uid":"eepiaqdm333lse","t":"2025-12-19T20:56:16.165131071Z"}
{"count":2,"level":"info","logger":"ngalert.sender.router","msg":"Sending alerts to local notifier","org_id":1,"rule_uid":"aeranuqh906wwa","t":"2025-12-19T20:57:10.019895021Z"}
{"count":1,"level":"info","logger":"ngalert.sender.router","msg":"Sending alerts to local notifier","org_id":1,"rule_uid":"bentlrwxs1534b","t":"2025-12-19T20:57:11.551667094Z"}
{"count":1,"level":"info","logger":"ngalert.sender.router","msg":"Sending alerts to local notifier","org_id":1,"rule_uid":"eepiaqdm333lse","t":"2025-12-19T20:57:16.166643667Z"}
{"count":2,"level":"info","logger":"ngalert.sender.router","msg":"Sending alerts to local notifier","org_id":1,"rule_uid":"aeranuqh906wwa","t":"2025-12-19T20:58:10.020503483Z"}
{"count":1,"level":"info","logger":"ngalert.sender.router","msg":"Sending alerts to local notifier","org_id":1,"rule_uid":"bentlrwxs1534b","t":"2025-12-19T20:58:11.551104552Z"}
{"count":1,"level":"info","logger":"ngalert.sender.router","msg":"Sending alerts to local notifier","org_id":1,"rule_uid":"eepiaqdm333lse","t":"2025-12-19T20:58:16.16789151Z"}
{"count":2,"level":"info","logger":"ngalert.sender.router","msg":"Sending alerts to local notifier","org_id":1,"rule_uid":"aeranuqh906wwa","t":"2025-12-19T20:59:10.029069113Z"}
{"count":1,"level":"info","logger":"ngalert.sender.router","msg":"Sending alerts to local notifier","org_id":1,"rule_uid":"bentlrwxs1534b","t":"2025-12-19T20:59:11.550354504Z"}
{"count":1,"level":"info","logger":"ngalert.sender.router","msg":"Sending alerts to local notifier","org_id":1,"rule_uid":"eepiaqdm333lse","t":"2025-12-19T20:59:16.166902601Z"}
{"count":2,"level":"info","logger":"ngalert.sender.router","msg":"Sending alerts to local notifier","org_id":1,"rule_uid":"aeranuqh906wwa","t":"2025-12-19T21:00:10.020863679Z"}
{"count":1,"level":"info","logger":"ngalert.sender.router","msg":"Sending alerts to local notifier","org_id":1,"rule_uid":"bentlrwxs1534b","t":"2025-12-19T21:00:11.550919051Z"}
{"count":1,"level":"info","logger":"ngalert.sender.router","msg":"Sending alerts to local notifier","org_id":1,"rule_uid":"eepiaqdm333lse","t":"2025-12-19T21:00:16.167029876Z"}
{"count":2,"level":"info","logger":"ngalert.sender.router","msg":"Sending alerts to local notifier","org_id":1,"rule_uid":"aeranuqh906wwa","t":"2025-12-19T21:01:10.020006757Z"}
{"count":1,"level":"info","logger":"ngalert.sender.router","msg":"Sending alerts to local notifier","org_id":1,"rule_uid":"bentlrwxs1534b","t":"2025-12-19T21:01:11.550611583Z"}
{"count":1,"level":"info","logger":"ngalert.sender.router","msg":"Sending alerts to local notifier","org_id":1,"rule_uid":"eepiaqdm333lse","t":"2025-12-19T21:01:16.165759762Z"}
{"count":2,"level":"info","logger":"ngalert.sender.router","msg":"Sending alerts to local notifier","org_id":1,"rule_uid":"aeranuqh906wwa","t":"2025-12-19T21:02:10.021345789Z"}
{"count":1,"level":"info","logger":"ngalert.sender.router","msg":"Sending alerts to local notifier","org_id":1,"rule_uid":"bentlrwxs1534b","t":"2025-12-19T21:02:11.550850648Z"}
{"count":1,"level":"info","logger":"ngalert.sender.router","msg":"Sending alerts to local notifier","org_id":1,"rule_uid":"eepiaqdm333lse","t":"2025-12-19T21:02:16.166833559Z"}
{"count":2,"level":"info","logger":"ngalert.sender.router","msg":"Sending alerts to local notifier","org_id":1,"rule_uid":"aeranuqh906wwa","t":"2025-12-19T21:03:10.020927093Z"}
{"count":1,"level":"info","logger":"ngalert.sender.router","msg":"Sending alerts to local notifier","org_id":1,"rule_uid":"bentlrwxs1534b","t":"2025-12-19T21:03:11.550708619Z"}
{"count":1,"level":"info","logger":"ngalert.sender.router","msg":"Sending alerts to local notifier","org_id":1,"rule_uid":"eepiaqdm333lse","t":"2025-12-19T21:03:16.164983748Z"}
{"duration":"4.183638ms","level":"info","logger":"cleanup","msg":"Completed cleanup jobs","t":"2025-12-19T21:04:08.380858244Z"}
{"duration":"236.87205ms","level":"info","logger":"plugins.update.checker","msg":"Update check succeeded","t":"2025-12-19T21:04:09.052113152Z"}
{"count":2,"level":"info","logger":"ngalert.sender.router","msg":"Sending alerts to local notifier","org_id":1,"rule_uid":"aeranuqh906wwa","t":"2025-12-19T21:04:10.020733018Z"}
{"count":1,"level":"info","logger":"ngalert.sender.router","msg":"Sending alerts to local notifier","org_id":1,"rule_uid":"bentlrwxs1534b","t":"2025-12-19T21:04:11.551345772Z"}
{"count":1,"level":"info","logger":"ngalert.sender.router","msg":"Sending alerts to local notifier","org_id":1,"rule_uid":"eepiaqdm333lse","t":"2025-12-19T21:04:16.16748181Z"}
{"count":2,"level":"info","logger":"ngalert.sender.router","msg":"Sending alerts to local notifier","org_id":1,"rule_uid":"aeranuqh906wwa","t":"2025-12-19T21:05:10.021853639Z"}
{"count":1,"level":"info","logger":"ngalert.sender.router","msg":"Sending alerts to local notifier","org_id":1,"rule_uid":"bentlrwxs1534b","t":"2025-12-19T21:05:11.551481381Z"}
{"count":1,"level":"info","logger":"ngalert.sender.router","msg":"Sending alerts to local notifier","org_id":1,"rule_uid":"eepiaqdm333lse","t":"2025-12-19T21:05:16.167191151Z"}
{"level":"info","logger":"infra.usagestats","msg":"Usage stats are ready to report","t":"2025-12-19T21:06:05.427626624Z"}
{"count":2,"level":"info","logger":"ngalert.sender.router","msg":"Sending alerts to local notifier","org_id":1,"rule_uid":"aeranuqh906wwa","t":"2025-12-19T21:06:10.020511174Z"}
{"count":1,"level":"info","logger":"ngalert.sender.router","msg":"Sending alerts to local notifier","org_id":1,"rule_uid":"bentlrwxs1534b","t":"2025-12-19T21:06:11.549881625Z"}
{"count":1,"level":"info","logger":"ngalert.sender.router","msg":"Sending alerts to local notifier","org_id":1,"rule_uid":"eepiaqdm333lse","t":"2025-12-19T21:06:16.16672723Z"}
{"count":2,"level":"info","logger":"ngalert.sender.router","msg":"Sending alerts to local notifier","org_id":1,"rule_uid":"aeranuqh906wwa","t":"2025-12-19T21:07:10.022138243Z"}
{"count":1,"level":"info","logger":"ngalert.sender.router","msg":"Sending alerts to local notifier","org_id":1,"rule_uid":"bentlrwxs1534b","t":"2025-12-19T21:07:11.55247918Z"}
{"count":1,"level":"info","logger":"ngalert.sender.router","msg":"Sending alerts to local notifier","org_id":1,"rule_uid":"eepiaqdm333lse","t":"2025-12-19T21:07:16.166924618Z"}
{"count":2,"level":"info","logger":"ngalert.sender.router","msg":"Sending alerts to local notifier","org_id":1,"rule_uid":"aeranuqh906wwa","t":"2025-12-19T21:08:10.021561443Z"}
{"count":1,"level":"info","logger":"ngalert.sender.router","msg":"Sending alerts to local notifier","org_id":1,"rule_uid":"bentlrwxs1534b","t":"2025-12-19T21:08:11.550523898Z"}
{"count":1,"level":"info","logger":"ngalert.sender.router","msg":"Sending alerts to local notifier","org_id":1,"rule_uid":"eepiaqdm333lse","t":"2025-12-19T21:08:16.165474167Z"}
{"count":2,"level":"info","logger":"ngalert.sender.router","msg":"Sending alerts to local notifier","org_id":1,"rule_uid":"aeranuqh906wwa","t":"2025-12-19T21:09:10.020878476Z"}
{"count":1,"level":"info","logger":"ngalert.sender.router","msg":"Sending alerts to local notifier","org_id":1,"rule_uid":"bentlrwxs1534b","t":"2025-12-19T21:09:11.550550792Z"}
{"count":1,"level":"info","logger":"ngalert.sender.router","msg":"Sending alerts to local notifier","org_id":1,"rule_uid":"eepiaqdm333lse","t":"2025-12-19T21:09:16.168576413Z"}
{"count":2,"level":"info","logger":"ngalert.sender.router","msg":"Sending alerts to local notifier","org_id":1,"rule_uid":"aeranuqh906wwa","t":"2025-12-19T21:10:10.021091332Z"}
{"count":1,"level":"info","logger":"ngalert.sender.router","msg":"Sending alerts to local notifier","org_id":1,"rule_uid":"bentlrwxs1534b","t":"2025-12-19T21:10:11.549336685Z"}
{"count":1,"level":"info","logger":"ngalert.sender.router","msg":"Sending alerts to local notifier","org_id":1,"rule_uid":"eepiaqdm333lse","t":"2025-12-19T21:10:16.16434693Z"}
{"count":2,"level":"info","logger":"ngalert.sender.router","msg":"Sending alerts to local notifier","org_id":1,"rule_uid":"aeranuqh906wwa","t":"2025-12-19T21:11:10.021140082Z"}
{"count":1,"level":"info","logger":"ngalert.sender.router","msg":"Sending alerts to local notifier","org_id":1,"rule_uid":"bentlrwxs1534b","t":"2025-12-19T21:11:11.549294183Z"}
{"count":1,"level":"info","logger":"ngalert.sender.router","msg":"Sending alerts to local notifier","org_id":1,"rule_uid":"eepiaqdm333lse","t":"2025-12-19T21:11:16.166648681Z"}
{"count":2,"level":"info","logger":"ngalert.sender.router","msg":"Sending alerts to local notifier","org_id":1,"rule_uid":"aeranuqh906wwa","t":"2025-12-19T21:12:10.018780301Z"}
{"count":1,"level":"info","logger":"ngalert.sender.router","msg":"Sending alerts to local notifier","org_id":1,"rule_uid":"bentlrwxs1534b","t":"2025-12-19T21:12:11.549131214Z"}
{"count":1,"level":"info","logger":"ngalert.sender.router","msg":"Sending alerts to local notifier","org_id":1,"rule_uid":"eepiaqdm333lse","t":"2025-12-19T21:12:16.166183164Z"}
{"count":2,"level":"info","logger":"ngalert.sender.router","msg":"Sending alerts to local notifier","org_id":1,"rule_uid":"aeranuqh906wwa","t":"2025-12-19T21:13:10.025248809Z"}
{"count":1,"level":"info","logger":"ngalert.sender.router","msg":"Sending alerts to local notifier","org_id":1,"rule_uid":"bentlrwxs1534b","t":"2025-12-19T21:13:11.552229367Z"}
{"count":1,"level":"info","logger":"ngalert.sender.router","msg":"Sending alerts to local notifier","org_id":1,"rule_uid":"eepiaqdm333lse","t":"2025-12-19T21:13:16.168364144Z"}
{"duration":"4.339933ms","level":"info","logger":"cleanup","msg":"Completed cleanup jobs","t":"2025-12-19T21:14:08.380767302Z"}
{"duration":"216.082685ms","level":"info","logger":"plugins.update.checker","msg":"Update check succeeded","t":"2025-12-19T21:14:09.031335744Z"}
{"count":2,"level":"info","logger":"ngalert.sender.router","msg":"Sending alerts to local notifier","org_id":1,"rule_uid":"aeranuqh906wwa","t":"2025-12-19T21:14:10.021096088Z"}
{"count":1,"level":"info","logger":"ngalert.sender.router","msg":"Sending alerts to local notifier","org_id":1,"rule_uid":"bentlrwxs1534b","t":"2025-12-19T21:14:11.551240487Z"}
{"count":1,"level":"info","logger":"ngalert.sender.router","msg":"Sending alerts to local notifier","org_id":1,"rule_uid":"eepiaqdm333lse","t":"2025-12-19T21:14:16.167252859Z"}
{"count":2,"level":"info","logger":"ngalert.sender.router","msg":"Sending alerts to local notifier","org_id":1,"rule_uid":"aeranuqh906wwa","t":"2025-12-19T21:15:10.022377005Z"}
{"count":1,"level":"info","logger":"ngalert.sender.router","msg":"Sending alerts to local notifier","org_id":1,"rule_uid":"bentlrwxs1534b","t":"2025-12-19T21:15:11.550575757Z"}
{"count":1,"level":"info","logger":"ngalert.sender.router","msg":"Sending alerts to local notifier","org_id":1,"rule_uid":"eepiaqdm333lse","t":"2025-12-19T21:15:16.170660103Z"}
{"count":2,"level":"info","logger":"ngalert.sender.router","msg":"Sending alerts to local notifier","org_id":1,"rule_uid":"aeranuqh906wwa","t":"2025-12-19T21:16:10.018552202Z"}
{"count":1,"level":"info","logger":"ngalert.sender.router","msg":"Sending alerts to local notifier","org_id":1,"rule_uid":"bentlrwxs1534b","t":"2025-12-19T21:16:11.551783275Z"}
{"count":1,"level":"info","logger":"ngalert.sender.router","msg":"Sending alerts to local notifier","org_id":1,"rule_uid":"eepiaqdm333lse","t":"2025-12-19T21:16:16.170231035Z"}
{"count":2,"level":"info","logger":"ngalert.sender.router","msg":"Sending alerts to local notifier","org_id":1,"rule_uid":"aeranuqh906wwa","t":"2025-12-19T21:17:10.022137814Z"}
{"count":1,"level":"info","logger":"ngalert.sender.router","msg":"Sending alerts to local notifier","org_id":1,"rule_uid":"bentlrwxs1534b","t":"2025-12-19T21:17:11.549910542Z"}
{"count":1,"level":"info","logger":"ngalert.sender.router","msg":"Sending alerts to local notifier","org_id":1,"rule_uid":"eepiaqdm333lse","t":"2025-12-19T21:17:16.167148446Z"}
{"count":2,"level":"info","logger":"ngalert.sender.router","msg":"Sending alerts to local notifier","org_id":1,"rule_uid":"aeranuqh906wwa","t":"2025-12-19T21:18:10.02159463Z"}
{"count":1,"level":"info","logger":"ngalert.sender.router","msg":"Sending alerts to local notifier","org_id":1,"rule_uid":"bentlrwxs1534b","t":"2025-12-19T21:18:11.549785499Z"}
{"count":1,"level":"info","logger":"ngalert.sender.router","msg":"Sending alerts to local notifier","org_id":1,"rule_uid":"eepiaqdm333lse","t":"2025-12-19T21:18:16.164802188Z"}
{"count":2,"level":"info","logger":"ngalert.sender.router","msg":"Sending alerts to local notifier","org_id":1,"rule_uid":"aeranuqh906wwa","t":"2025-12-19T21:19:10.019475219Z"}
{"count":1,"level":"info","logger":"ngalert.sender.router","msg":"Sending alerts to local notifier","org_id":1,"rule_uid":"bentlrwxs1534b","t":"2025-12-19T21:19:11.552025268Z"}
{"count":1,"level":"info","logger":"ngalert.sender.router","msg":"Sending alerts to local notifier","org_id":1,"rule_uid":"eepiaqdm333lse","t":"2025-12-19T21:19:16.167371121Z"}
{"count":2,"level":"info","logger":"ngalert.sender.router","msg":"Sending alerts to local notifier","org_id":1,"rule_uid":"aeranuqh906wwa","t":"2025-12-19T21:20:10.022133136Z"}
{"count":1,"level":"info","logger":"ngalert.sender.router","msg":"Sending alerts to local notifier","org_id":1,"rule_uid":"bentlrwxs1534b","t":"2025-12-19T21:20:11.5513818Z"}
{"count":1,"level":"info","logger":"ngalert.sender.router","msg":"Sending alerts to local notifier","org_id":1,"rule_uid":"eepiaqdm333lse","t":"2025-12-19T21:20:16.16607704Z"}
{"count":2,"level":"info","logger":"ngalert.sender.router","msg":"Sending alerts to local notifier","org_id":1,"rule_uid":"aeranuqh906wwa","t":"2025-12-19T21:21:10.020953501Z"}
{"count":1,"level":"info","logger":"ngalert.sender.router","msg":"Sending alerts to local notifier","org_id":1,"rule_uid":"bentlrwxs1534b","t":"2025-12-19T21:21:11.555857321Z"}
{"count":1,"level":"info","logger":"ngalert.sender.router","msg":"Sending alerts to local notifier","org_id":1,"rule_uid":"eepiaqdm333lse","t":"2025-12-19T21:21:16.165872412Z"}
{"count":2,"level":"info","logger":"ngalert.sender.router","msg":"Sending alerts to local notifier","org_id":1,"rule_uid":"aeranuqh906wwa","t":"2025-12-19T21:22:10.019289275Z"}
{"count":1,"level":"info","logger":"ngalert.sender.router","msg":"Sending alerts to local notifier","org_id":1,"rule_uid":"bentlrwxs1534b","t":"2025-12-19T21:22:11.550401379Z"}
{"count":1,"level":"info","logger":"ngalert.sender.router","msg":"Sending alerts to local notifier","org_id":1,"rule_uid":"eepiaqdm333lse","t":"2025-12-19T21:22:16.167843842Z"}
{"count":2,"level":"info","logger":"ngalert.sender.router","msg":"Sending alerts to local notifier","org_id":1,"rule_uid":"aeranuqh906wwa","t":"2025-12-19T21:23:10.0227202Z"}
{"count":1,"level":"info","logger":"ngalert.sender.router","msg":"Sending alerts to local notifier","org_id":1,"rule_uid":"bentlrwxs1534b","t":"2025-12-19T21:23:11.549897798Z"}
{"count":1,"level":"info","logger":"ngalert.sender.router","msg":"Sending alerts to local notifier","org_id":1,"rule_uid":"eepiaqdm333lse","t":"2025-12-19T21:23:16.165878154Z"}
{"duration":"4.539977ms","level":"info","logger":"cleanup","msg":"Completed cleanup jobs","t":"2025-12-19T21:24:08.382601039Z"}
{"duration":"212.515238ms","level":"info","logger":"plugins.update.checker","msg":"Update check succeeded","t":"2025-12-19T21:24:09.027702671Z"}
{"count":2,"level":"info","logger":"ngalert.sender.router","msg":"Sending alerts to local notifier","org_id":1,"rule_uid":"aeranuqh906wwa","t":"2025-12-19T21:24:10.021253103Z"}
{"count":1,"level":"info","logger":"ngalert.sender.router","msg":"Sending alerts to local notifier","org_id":1,"rule_uid":"bentlrwxs1534b","t":"2025-12-19T21:24:11.553073806Z"}
{"count":1,"level":"info","logger":"ngalert.sender.router","msg":"Sending alerts to local notifier","org_id":1,"rule_uid":"eepiaqdm333lse","t":"2025-12-19T21:24:16.167029551Z"}
{"count":2,"level":"info","logger":"ngalert.sender.router","msg":"Sending alerts to local notifier","org_id":1,"rule_uid":"aeranuqh906wwa","t":"2025-12-19T21:25:10.023547177Z"}
{"count":1,"level":"info","logger":"ngalert.sender.router","msg":"Sending alerts to local notifier","org_id":1,"rule_uid":"bentlrwxs1534b","t":"2025-12-19T21:25:11.550358661Z"}
{"count":1,"level":"info","logger":"ngalert.sender.router","msg":"Sending alerts to local notifier","org_id":1,"rule_uid":"eepiaqdm333lse","t":"2025-12-19T21:25:16.16765447Z"}
{"count":2,"level":"info","logger":"ngalert.sender.router","msg":"Sending alerts to local notifier","org_id":1,"rule_uid":"aeranuqh906wwa","t":"2025-12-19T21:26:10.021510663Z"}
{"count":1,"level":"info","logger":"ngalert.sender.router","msg":"Sending alerts to local notifier","org_id":1,"rule_uid":"bentlrwxs1534b","t":"2025-12-19T21:26:11.549138196Z"}
{"count":1,"level":"info","logger":"ngalert.sender.router","msg":"Sending alerts to local notifier","org_id":1,"rule_uid":"eepiaqdm333lse","t":"2025-12-19T21:26:16.166450841Z"}
{"count":2,"level":"info","logger":"ngalert.sender.router","msg":"Sending alerts to local notifier","org_id":1,"rule_uid":"aeranuqh906wwa","t":"2025-12-19T21:27:10.022452626Z"}
{"count":1,"level":"info","logger":"ngalert.sender.router","msg":"Sending alerts to local notifier","org_id":1,"rule_uid":"bentlrwxs1534b","t":"2025-12-19T21:27:11.550853323Z"}
{"count":1,"level":"info","logger":"ngalert.sender.router","msg":"Sending alerts to local notifier","org_id":1,"rule_uid":"eepiaqdm333lse","t":"2025-12-19T21:27:16.165032882Z"}
{"count":2,"level":"info","logger":"ngalert.sender.router","msg":"Sending alerts to local notifier","org_id":1,"rule_uid":"aeranuqh906wwa","t":"2025-12-19T21:28:10.020679071Z"}
{"count":1,"level":"info","logger":"ngalert.sender.router","msg":"Sending alerts to local notifier","org_id":1,"rule_uid":"bentlrwxs1534b","t":"2025-12-19T21:28:11.548600479Z"}
{"count":1,"level":"info","logger":"ngalert.sender.router","msg":"Sending alerts to local notifier","org_id":1,"rule_uid":"eepiaqdm333lse","t":"2025-12-19T21:28:16.165026344Z"}
{"count":2,"level":"info","logger":"ngalert.sender.router","msg":"Sending alerts to local notifier","org_id":1,"rule_uid":"aeranuqh906wwa","t":"2025-12-19T21:29:10.019493775Z"}
{"count":1,"level":"info","logger":"ngalert.sender.router","msg":"Sending alerts to local notifier","org_id":1,"rule_uid":"bentlrwxs1534b","t":"2025-12-19T21:29:11.552946436Z"}
{"count":1,"level":"info","logger":"ngalert.sender.router","msg":"Sending alerts to local notifier","org_id":1,"rule_uid":"eepiaqdm333lse","t":"2025-12-19T21:29:16.168681979Z"}
{"count":2,"level":"info","logger":"ngalert.sender.router","msg":"Sending alerts to local notifier","org_id":1,"rule_uid":"aeranuqh906wwa","t":"2025-12-19T21:30:10.019954369Z"}
{"count":1,"level":"info","logger":"ngalert.sender.router","msg":"Sending alerts to local notifier","org_id":1,"rule_uid":"bentlrwxs1534b","t":"2025-12-19T21:30:11.551207702Z"}
{"count":1,"level":"info","logger":"ngalert.sender.router","msg":"Sending alerts to local notifier","org_id":1,"rule_uid":"eepiaqdm333lse","t":"2025-12-19T21:30:16.165430729Z"}
{"count":2,"level":"info","logger":"ngalert.sender.router","msg":"Sending alerts to local notifier","org_id":1,"rule_uid":"aeranuqh906wwa","t":"2025-12-19T21:31:10.021262173Z"}
{"count":1,"level":"info","logger":"ngalert.sender.router","msg":"Sending alerts to local notifier","org_id":1,"rule_uid":"bentlrwxs1534b","t":"2025-12-19T21:31:11.550303936Z"}
{"count":1,"level":"info","logger":"ngalert.sender.router","msg":"Sending alerts to local notifier","org_id":1,"rule_uid":"eepiaqdm333lse","t":"2025-12-19T21:31:16.166326017Z"}
{"count":2,"level":"info","logger":"ngalert.sender.router","msg":"Sending alerts to local notifier","org_id":1,"rule_uid":"aeranuqh906wwa","t":"2025-12-19T21:32:10.020120025Z"}
{"count":1,"level":"info","logger":"ngalert.sender.router","msg":"Sending alerts to local notifier","org_id":1,"rule_uid":"bentlrwxs1534b","t":"2025-12-19T21:32:11.550450261Z"}
{"count":1,"level":"info","logger":"ngalert.sender.router","msg":"Sending alerts to local notifier","org_id":1,"rule_uid":"eepiaqdm333lse","t":"2025-12-19T21:32:16.168851874Z"}
{"count":2,"level":"info","logger":"ngalert.sender.router","msg":"Sending alerts to local notifier","org_id":1,"rule_uid":"aeranuqh906wwa","t":"2025-12-19T21:33:10.02273727Z"}
{"count":1,"level":"info","logger":"ngalert.sender.router","msg":"Sending alerts to local notifier","org_id":1,"rule_uid":"bentlrwxs1534b","t":"2025-12-19T21:33:11.551760343Z"}
{"count":1,"level":"info","logger":"ngalert.sender.router","msg":"Sending alerts to local notifier","org_id":1,"rule_uid":"eepiaqdm333lse","t":"2025-12-19T21:33:16.166010382Z"}
{"duration":"3.859967ms","level":"info","logger":"cleanup","msg":"Completed cleanup jobs","t":"2025-12-19T21:34:08.381594761Z"}
{"duration":"215.657244ms","level":"info","logger":"plugins.update.checker","msg":"Update check succeeded","t":"2025-12-19T21:34:09.030933266Z"}
{"count":2,"level":"info","logger":"ngalert.sender.router","msg":"Sending alerts to local notifier","org_id":1,"rule_uid":"aeranuqh906wwa","t":"2025-12-19T21:34:10.021333941Z"}
{"count":1,"level":"info","logger":"ngalert.sender.router","msg":"Sending alerts to local notifier","org_id":1,"rule_uid":"bentlrwxs1534b","t":"2025-12-19T21:34:11.550975232Z"}
{"count":1,"level":"info","logger":"ngalert.sender.router","msg":"Sending alerts to local notifier","org_id":1,"rule_uid":"eepiaqdm333lse","t":"2025-12-19T21:34:16.168164098Z"}
{"count":2,"level":"info","logger":"ngalert.sender.router","msg":"Sending alerts to local notifier","org_id":1,"rule_uid":"aeranuqh906wwa","t":"2025-12-19T21:35:10.020755137Z"}
{"count":1,"level":"info","logger":"ngalert.sender.router","msg":"Sending alerts to local notifier","org_id":1,"rule_uid":"bentlrwxs1534b","t":"2025-12-19T21:35:11.55015981Z"}
{"count":1,"level":"info","logger":"ngalert.sender.router","msg":"Sending alerts to local notifier","org_id":1,"rule_uid":"eepiaqdm333lse","t":"2025-12-19T21:35:16.167862954Z"}
{"level":"info","logger":"infra.usagestats","msg":"Usage stats are ready to report","t":"2025-12-19T21:36:05.429644861Z"}
{"count":2,"level":"info","logger":"ngalert.sender.router","msg":"Sending alerts to local notifier","org_id":1,"rule_uid":"aeranuqh906wwa","t":"2025-12-19T21:36:10.020739059Z"}
{"count":1,"level":"info","logger":"ngalert.sender.router","msg":"Sending alerts to local notifier","org_id":1,"rule_uid":"bentlrwxs1534b","t":"2025-12-19T21:36:11.549983617Z"}
{"count":1,"level":"info","logger":"ngalert.sender.router","msg":"Sending alerts to local notifier","org_id":1,"rule_uid":"eepiaqdm333lse","t":"2025-12-19T21:36:16.16502821Z"}
{"count":2,"level":"info","logger":"ngalert.sender.router","msg":"Sending alerts to local notifier","org_id":1,"rule_uid":"aeranuqh906wwa","t":"2025-12-19T21:37:10.018549051Z"}
{"count":1,"level":"info","logger":"ngalert.sender.router","msg":"Sending alerts to local notifier","org_id":1,"rule_uid":"bentlrwxs1534b","t":"2025-12-19T21:37:11.551456272Z"}
{"count":1,"level":"info","logger":"ngalert.sender.router","msg":"Sending alerts to local notifier","org_id":1,"rule_uid":"eepiaqdm333lse","t":"2025-12-19T21:37:16.166440809Z"}
{"count":2,"level":"info","logger":"ngalert.sender.router","msg":"Sending alerts to local notifier","org_id":1,"rule_uid":"aeranuqh906wwa","t":"2025-12-19T21:38:10.02144557Z"}
{"count":1,"level":"info","logger":"ngalert.sender.router","msg":"Sending alerts to local notifier","org_id":1,"rule_uid":"bentlrwxs1534b","t":"2025-12-19T21:38:11.55269868Z"}
{"count":1,"level":"info","logger":"ngalert.sender.router","msg":"Sending alerts to local notifier","org_id":1,"rule_uid":"eepiaqdm333lse","t":"2025-12-19T21:38:16.165201801Z"}
{"count":2,"level":"info","logger":"ngalert.sender.router","msg":"Sending alerts to local notifier","org_id":1,"rule_uid":"aeranuqh906wwa","t":"2025-12-19T21:39:10.020059082Z"}
{"count":1,"level":"info","logger":"ngalert.sender.router","msg":"Sending alerts to local notifier","org_id":1,"rule_uid":"bentlrwxs1534b","t":"2025-12-19T21:39:11.551013218Z"}
{"count":1,"level":"info","logger":"ngalert.sender.router","msg":"Sending alerts to local notifier","org_id":1,"rule_uid":"eepiaqdm333lse","t":"2025-12-19T21:39:16.171054527Z"}
{"count":2,"level":"info","logger":"ngalert.sender.router","msg":"Sending alerts to local notifier","org_id":1,"rule_uid":"aeranuqh906wwa","t":"2025-12-19T21:40:10.0211739Z"}
{"count":1,"level":"info","logger":"ngalert.sender.router","msg":"Sending alerts to local notifier","org_id":1,"rule_uid":"bentlrwxs1534b","t":"2025-12-19T21:40:11.549284391Z"}
{"count":1,"level":"info","logger":"ngalert.sender.router","msg":"Sending alerts to local notifier","org_id":1,"rule_uid":"eepiaqdm333lse","t":"2025-12-19T21:40:16.16554102Z"}
{"count":2,"level":"info","logger":"ngalert.sender.router","msg":"Sending alerts to local notifier","org_id":1,"rule_uid":"aeranuqh906wwa","t":"2025-12-19T21:41:10.019174145Z"}
{"count":1,"level":"info","logger":"ngalert.sender.router","msg":"Sending alerts to local notifier","org_id":1,"rule_uid":"bentlrwxs1534b","t":"2025-12-19T21:41:11.551134405Z"}
{"count":1,"level":"info","logger":"ngalert.sender.router","msg":"Sending alerts to local notifier","org_id":1,"rule_uid":"eepiaqdm333lse","t":"2025-12-19T21:41:16.167225831Z"}
{"count":2,"level":"info","logger":"ngalert.sender.router","msg":"Sending alerts to local notifier","org_id":1,"rule_uid":"aeranuqh906wwa","t":"2025-12-19T21:42:10.021500126Z"}
{"count":1,"level":"info","logger":"ngalert.sender.router","msg":"Sending alerts to local notifier","org_id":1,"rule_uid":"bentlrwxs1534b","t":"2025-12-19T21:42:11.548927073Z"}
{"count":1,"level":"info","logger":"ngalert.sender.router","msg":"Sending alerts to local notifier","org_id":1,"rule_uid":"eepiaqdm333lse","t":"2025-12-19T21:42:16.167186947Z"}
{"count":2,"level":"info","logger":"ngalert.sender.router","msg":"Sending alerts to local notifier","org_id":1,"rule_uid":"aeranuqh906wwa","t":"2025-12-19T21:43:10.020422512Z"}
{"count":1,"level":"info","logger":"ngalert.sender.router","msg":"Sending alerts to local notifier","org_id":1,"rule_uid":"bentlrwxs1534b","t":"2025-12-19T21:43:11.549312629Z"}
{"count":1,"level":"info","logger":"ngalert.sender.router","msg":"Sending alerts to local notifier","org_id":1,"rule_uid":"eepiaqdm333lse","t":"2025-12-19T21:43:16.165372447Z"}
{"duration":"4.164434ms","level":"info","logger":"cleanup","msg":"Completed cleanup jobs","t":"2025-12-19T21:44:08.380969106Z"}
{"duration":"212.336518ms","level":"info","logger":"plugins.update.checker","msg":"Update check succeeded","t":"2025-12-19T21:44:09.027714468Z"}
{"count":2,"level":"info","logger":"ngalert.sender.router","msg":"Sending alerts to local notifier","org_id":1,"rule_uid":"aeranuqh906wwa","t":"2025-12-19T21:44:10.020198109Z"}
{"count":1,"level":"info","logger":"ngalert.sender.router","msg":"Sending alerts to local notifier","org_id":1,"rule_uid":"bentlrwxs1534b","t":"2025-12-19T21:44:11.551297938Z"}
{"count":1,"level":"info","logger":"ngalert.sender.router","msg":"Sending alerts to local notifier","org_id":1,"rule_uid":"eepiaqdm333lse","t":"2025-12-19T21:44:16.171568733Z"}
{"count":2,"level":"info","logger":"ngalert.sender.router","msg":"Sending alerts to local notifier","org_id":1,"rule_uid":"aeranuqh906wwa","t":"2025-12-19T21:45:10.022283301Z"}
{"count":1,"level":"info","logger":"ngalert.sender.router","msg":"Sending alerts to local notifier","org_id":1,"rule_uid":"bentlrwxs1534b","t":"2025-12-19T21:45:11.551275101Z"}
{"count":1,"level":"info","logger":"ngalert.sender.router","msg":"Sending alerts to local notifier","org_id":1,"rule_uid":"eepiaqdm333lse","t":"2025-12-19T21:45:16.167246075Z"}
{"count":2,"level":"info","logger":"ngalert.sender.router","msg":"Sending alerts to local notifier","org_id":1,"rule_uid":"aeranuqh906wwa","t":"2025-12-19T21:46:10.019678131Z"}
{"count":1,"level":"info","logger":"ngalert.sender.router","msg":"Sending alerts to local notifier","org_id":1,"rule_uid":"bentlrwxs1534b","t":"2025-12-19T21:46:11.549444975Z"}
{"count":1,"level":"info","logger":"ngalert.sender.router","msg":"Sending alerts to local notifier","org_id":1,"rule_uid":"eepiaqdm333lse","t":"2025-12-19T21:46:16.166811637Z"}
{"count":2,"level":"info","logger":"ngalert.sender.router","msg":"Sending alerts to local notifier","org_id":1,"rule_uid":"aeranuqh906wwa","t":"2025-12-19T21:47:10.021871692Z"}
{"count":1,"level":"info","logger":"ngalert.sender.router","msg":"Sending alerts to local notifier","org_id":1,"rule_uid":"bentlrwxs1534b","t":"2025-12-19T21:47:11.550385364Z"}
{"count":1,"level":"info","logger":"ngalert.sender.router","msg":"Sending alerts to local notifier","org_id":1,"rule_uid":"eepiaqdm333lse","t":"2025-12-19T21:47:16.16673332Z"}
{"count":2,"level":"info","logger":"ngalert.sender.router","msg":"Sending alerts to local notifier","org_id":1,"rule_uid":"aeranuqh906wwa","t":"2025-12-19T21:48:10.021418328Z"}
{"count":1,"level":"info","logger":"ngalert.sender.router","msg":"Sending alerts to local notifier","org_id":1,"rule_uid":"bentlrwxs1534b","t":"2025-12-19T21:48:11.551521838Z"}
{"count":1,"level":"info","logger":"ngalert.sender.router","msg":"Sending alerts to local notifier","org_id":1,"rule_uid":"eepiaqdm333lse","t":"2025-12-19T21:48:16.169341307Z"}
{"count":2,"level":"info","logger":"ngalert.sender.router","msg":"Sending alerts to local notifier","org_id":1,"rule_uid":"aeranuqh906wwa","t":"2025-12-19T21:49:10.020417399Z"}
{"count":1,"level":"info","logger":"ngalert.sender.router","msg":"Sending alerts to local notifier","org_id":1,"rule_uid":"bentlrwxs1534b","t":"2025-12-19T21:49:11.550566683Z"}
{"count":1,"level":"info","logger":"ngalert.sender.router","msg":"Sending alerts to local notifier","org_id":1,"rule_uid":"eepiaqdm333lse","t":"2025-12-19T21:49:16.16612263Z"}
{"count":2,"level":"info","logger":"ngalert.sender.router","msg":"Sending alerts to local notifier","org_id":1,"rule_uid":"aeranuqh906wwa","t":"2025-12-19T21:50:10.020268379Z"}
{"count":1,"level":"info","logger":"ngalert.sender.router","msg":"Sending alerts to local notifier","org_id":1,"rule_uid":"bentlrwxs1534b","t":"2025-12-19T21:50:11.550919284Z"}
{"count":1,"level":"info","logger":"ngalert.sender.router","msg":"Sending alerts to local notifier","org_id":1,"rule_uid":"eepiaqdm333lse","t":"2025-12-19T21:50:16.170046671Z"}
{"count":2,"level":"info","logger":"ngalert.sender.router","msg":"Sending alerts to local notifier","org_id":1,"rule_uid":"aeranuqh906wwa","t":"2025-12-19T21:51:10.02336953Z"}
{"count":1,"level":"info","logger":"ngalert.sender.router","msg":"Sending alerts to local notifier","org_id":1,"rule_uid":"bentlrwxs1534b","t":"2025-12-19T21:51:11.55027726Z"}
{"count":1,"level":"info","logger":"ngalert.sender.router","msg":"Sending alerts to local notifier","org_id":1,"rule_uid":"eepiaqdm333lse","t":"2025-12-19T21:51:16.166128544Z"}
{"count":2,"level":"info","logger":"ngalert.sender.router","msg":"Sending alerts to local notifier","org_id":1,"rule_uid":"aeranuqh906wwa","t":"2025-12-19T21:52:10.020575955Z"}
{"count":1,"level":"info","logger":"ngalert.sender.router","msg":"Sending alerts to local notifier","org_id":1,"rule_uid":"bentlrwxs1534b","t":"2025-12-19T21:52:11.548508046Z"}
{"count":1,"level":"info","logger":"ngalert.sender.router","msg":"Sending alerts to local notifier","org_id":1,"rule_uid":"eepiaqdm333lse","t":"2025-12-19T21:52:16.165739509Z"}
{"count":2,"level":"info","logger":"ngalert.sender.router","msg":"Sending alerts to local notifier","org_id":1,"rule_uid":"aeranuqh906wwa","t":"2025-12-19T21:53:10.021122973Z"}
{"count":1,"level":"info","logger":"ngalert.sender.router","msg":"Sending alerts to local notifier","org_id":1,"rule_uid":"bentlrwxs1534b","t":"2025-12-19T21:53:11.552211717Z"}
{"count":1,"level":"info","logger":"ngalert.sender.router","msg":"Sending alerts to local notifier","org_id":1,"rule_uid":"eepiaqdm333lse","t":"2025-12-19T21:53:16.169228787Z"}
{"duration":"4.265712ms","level":"info","logger":"cleanup","msg":"Completed cleanup jobs","t":"2025-12-19T21:54:08.381086762Z"}
{"duration":"215.44342ms","level":"info","logger":"plugins.update.checker","msg":"Update check succeeded","t":"2025-12-19T21:54:09.030993253Z"}
{"count":2,"level":"info","logger":"ngalert.sender.router","msg":"Sending alerts to local notifier","org_id":1,"rule_uid":"aeranuqh906wwa","t":"2025-12-19T21:54:10.018379846Z"}
{"count":1,"level":"info","logger":"ngalert.sender.router","msg":"Sending alerts to local notifier","org_id":1,"rule_uid":"bentlrwxs1534b","t":"2025-12-19T21:54:11.551031262Z"}
{"count":1,"level":"info","logger":"ngalert.sender.router","msg":"Sending alerts to local notifier","org_id":1,"rule_uid":"eepiaqdm333lse","t":"2025-12-19T21:54:16.167772954Z"}
{"count":2,"level":"info","logger":"ngalert.sender.router","msg":"Sending alerts to local notifier","org_id":1,"rule_uid":"aeranuqh906wwa","t":"2025-12-19T21:55:10.022030994Z"}
{"count":1,"level":"info","logger":"ngalert.sender.router","msg":"Sending alerts to local notifier","org_id":1,"rule_uid":"bentlrwxs1534b","t":"2025-12-19T21:55:11.551643811Z"}
{"count":1,"level":"info","logger":"ngalert.sender.router","msg":"Sending alerts to local notifier","org_id":1,"rule_uid":"eepiaqdm333lse","t":"2025-12-19T21:55:16.166515569Z"}
{"count":2,"level":"info","logger":"ngalert.sender.router","msg":"Sending alerts to local notifier","org_id":1,"rule_uid":"aeranuqh906wwa","t":"2025-12-19T21:56:10.021239952Z"}
{"count":1,"level":"info","logger":"ngalert.sender.router","msg":"Sending alerts to local notifier","org_id":1,"rule_uid":"bentlrwxs1534b","t":"2025-12-19T21:56:11.550258943Z"}
{"count":1,"level":"info","logger":"ngalert.sender.router","msg":"Sending alerts to local notifier","org_id":1,"rule_uid":"eepiaqdm333lse","t":"2025-12-19T21:56:16.165056368Z"}
{"count":2,"level":"info","logger":"ngalert.sender.router","msg":"Sending alerts to local notifier","org_id":1,"rule_uid":"aeranuqh906wwa","t":"2025-12-19T21:57:10.02006696Z"}
{"count":1,"level":"info","logger":"ngalert.sender.router","msg":"Sending alerts to local notifier","org_id":1,"rule_uid":"bentlrwxs1534b","t":"2025-12-19T21:57:11.54896135Z"}
{"count":1,"level":"info","logger":"ngalert.sender.router","msg":"Sending alerts to local notifier","org_id":1,"rule_uid":"eepiaqdm333lse","t":"2025-12-19T21:57:16.165294949Z"}
{"count":2,"level":"info","logger":"ngalert.sender.router","msg":"Sending alerts to local notifier","org_id":1,"rule_uid":"aeranuqh906wwa","t":"2025-12-19T21:58:10.021437919Z"}
{"count":1,"level":"info","logger":"ngalert.sender.router","msg":"Sending alerts to local notifier","org_id":1,"rule_uid":"bentlrwxs1534b","t":"2025-12-19T21:58:11.548857067Z"}
{"count":1,"level":"info","logger":"ngalert.sender.router","msg":"Sending alerts to local notifier","org_id":1,"rule_uid":"eepiaqdm333lse","t":"2025-12-19T21:58:16.175719716Z"}
{"count":2,"level":"info","logger":"ngalert.sender.router","msg":"Sending alerts to local notifier","org_id":1,"rule_uid":"aeranuqh906wwa","t":"2025-12-19T21:59:10.019403661Z"}
{"count":1,"level":"info","logger":"ngalert.sender.router","msg":"Sending alerts to local notifier","org_id":1,"rule_uid":"bentlrwxs1534b","t":"2025-12-19T21:59:11.550597452Z"}
{"count":1,"level":"info","logger":"ngalert.sender.router","msg":"Sending alerts to local notifier","org_id":1,"rule_uid":"eepiaqdm333lse","t":"2025-12-19T21:59:16.16607747Z"}
{"count":2,"level":"info","logger":"ngalert.sender.router","msg":"Sending alerts to local notifier","org_id":1,"rule_uid":"aeranuqh906wwa","t":"2025-12-19T22:00:10.021105086Z"}
{"count":1,"level":"info","logger":"ngalert.sender.router","msg":"Sending alerts to local notifier","org_id":1,"rule_uid":"bentlrwxs1534b","t":"2025-12-19T22:00:11.552843257Z"}
{"count":1,"level":"info","logger":"ngalert.sender.router","msg":"Sending alerts to local notifier","org_id":1,"rule_uid":"eepiaqdm333lse","t":"2025-12-19T22:00:16.166600168Z"}
{"count":2,"level":"info","logger":"ngalert.sender.router","msg":"Sending alerts to local notifier","org_id":1,"rule_uid":"aeranuqh906wwa","t":"2025-12-19T22:01:10.022006948Z"}
{"count":1,"level":"info","logger":"ngalert.sender.router","msg":"Sending alerts to local notifier","org_id":1,"rule_uid":"bentlrwxs1534b","t":"2025-12-19T22:01:11.551569084Z"}
{"count":1,"level":"info","logger":"ngalert.sender.router","msg":"Sending alerts to local notifier","org_id":1,"rule_uid":"eepiaqdm333lse","t":"2025-12-19T22:01:16.165885741Z"}
{"count":2,"level":"info","logger":"ngalert.sender.router","msg":"Sending alerts to local notifier","org_id":1,"rule_uid":"aeranuqh906wwa","t":"2025-12-19T22:02:10.019106497Z"}
{"count":1,"level":"info","logger":"ngalert.sender.router","msg":"Sending alerts to local notifier","org_id":1,"rule_uid":"bentlrwxs1534b","t":"2025-12-19T22:02:11.549427529Z"}
{"count":1,"level":"info","logger":"ngalert.sender.router","msg":"Sending alerts to local notifier","org_id":1,"rule_uid":"eepiaqdm333lse","t":"2025-12-19T22:02:16.165842051Z"}
{"count":2,"level":"info","logger":"ngalert.sender.router","msg":"Sending alerts to local notifier","org_id":1,"rule_uid":"aeranuqh906wwa","t":"2025-12-19T22:03:10.023231403Z"}
{"count":1,"level":"info","logger":"ngalert.sender.router","msg":"Sending alerts to local notifier","org_id":1,"rule_uid":"bentlrwxs1534b","t":"2025-12-19T22:03:11.550373827Z"}
{"count":1,"level":"info","logger":"ngalert.sender.router","msg":"Sending alerts to local notifier","org_id":1,"rule_uid":"eepiaqdm333lse","t":"2025-12-19T22:03:16.165023277Z"}
{"duration":"3.852586ms","level":"info","logger":"cleanup","msg":"Completed cleanup jobs","t":"2025-12-19T22:04:08.380386452Z"}
{"duration":"243.87081ms","level":"info","logger":"plugins.update.checker","msg":"Update check succeeded","t":"2025-12-19T22:04:09.05878671Z"}
{"count":2,"level":"info","logger":"ngalert.sender.router","msg":"Sending alerts to local notifier","org_id":1,"rule_uid":"aeranuqh906wwa","t":"2025-12-19T22:04:10.020694506Z"}
{"count":1,"level":"info","logger":"ngalert.sender.router","msg":"Sending alerts to local notifier","org_id":1,"rule_uid":"bentlrwxs1534b","t":"2025-12-19T22:04:11.55128931Z"}
{"count":1,"level":"info","logger":"ngalert.sender.router","msg":"Sending alerts to local notifier","org_id":1,"rule_uid":"eepiaqdm333lse","t":"2025-12-19T22:04:16.167413516Z"}
{"count":2,"level":"info","logger":"ngalert.sender.router","msg":"Sending alerts to local notifier","org_id":1,"rule_uid":"aeranuqh906wwa","t":"2025-12-19T22:05:10.019799209Z"}
{"count":1,"level":"info","logger":"ngalert.sender.router","msg":"Sending alerts to local notifier","org_id":1,"rule_uid":"bentlrwxs1534b","t":"2025-12-19T22:05:11.551355972Z"}
{"count":1,"level":"info","logger":"ngalert.sender.router","msg":"Sending alerts to local notifier","org_id":1,"rule_uid":"eepiaqdm333lse","t":"2025-12-19T22:05:16.170277238Z"}
{"level":"info","logger":"infra.usagestats","msg":"Usage stats are ready to report","t":"2025-12-19T22:06:05.428801338Z"}
{"count":2,"level":"info","logger":"ngalert.sender.router","msg":"Sending alerts to local notifier","org_id":1,"rule_uid":"aeranuqh906wwa","t":"2025-12-19T22:06:10.02200095Z"}
{"count":1,"level":"info","logger":"ngalert.sender.router","msg":"Sending alerts to local notifier","org_id":1,"rule_uid":"bentlrwxs1534b","t":"2025-12-19T22:06:11.550037777Z"}
{"count":1,"level":"info","logger":"ngalert.sender.router","msg":"Sending alerts to local notifier","org_id":1,"rule_uid":"eepiaqdm333lse","t":"2025-12-19T22:06:16.166622322Z"}
{"count":2,"level":"info","logger":"ngalert.sender.router","msg":"Sending alerts to local notifier","org_id":1,"rule_uid":"aeranuqh906wwa","t":"2025-12-19T22:07:10.021718059Z"}
{"count":1,"level":"info","logger":"ngalert.sender.router","msg":"Sending alerts to local notifier","org_id":1,"rule_uid":"bentlrwxs1534b","t":"2025-12-19T22:07:11.55047613Z"}
{"count":1,"level":"info","logger":"ngalert.sender.router","msg":"Sending alerts to local notifier","org_id":1,"rule_uid":"eepiaqdm333lse","t":"2025-12-19T22:07:16.16693714Z"}
{"count":2,"level":"info","logger":"ngalert.sender.router","msg":"Sending alerts to local notifier","org_id":1,"rule_uid":"aeranuqh906wwa","t":"2025-12-19T22:08:10.020609388Z"}
{"count":1,"level":"info","logger":"ngalert.sender.router","msg":"Sending alerts to local notifier","org_id":1,"rule_uid":"bentlrwxs1534b","t":"2025-12-19T22:08:11.551049582Z"}
{"count":1,"level":"info","logger":"ngalert.sender.router","msg":"Sending alerts to local notifier","org_id":1,"rule_uid":"eepiaqdm333lse","t":"2025-12-19T22:08:16.1657591Z"}
{"count":2,"level":"info","logger":"ngalert.sender.router","msg":"Sending alerts to local notifier","org_id":1,"rule_uid":"aeranuqh906wwa","t":"2025-12-19T22:09:10.018822179Z"}
{"count":1,"level":"info","logger":"ngalert.sender.router","msg":"Sending alerts to local notifier","org_id":1,"rule_uid":"bentlrwxs1534b","t":"2025-12-19T22:09:11.549550214Z"}
{"count":1,"level":"info","logger":"ngalert.sender.router","msg":"Sending alerts to local notifier","org_id":1,"rule_uid":"eepiaqdm333lse","t":"2025-12-19T22:09:16.164627047Z"}
{"count":2,"level":"info","logger":"ngalert.sender.router","msg":"Sending alerts to local notifier","org_id":1,"rule_uid":"aeranuqh906wwa","t":"2025-12-19T22:10:10.020829601Z"}
{"count":1,"level":"info","logger":"ngalert.sender.router","msg":"Sending alerts to local notifier","org_id":1,"rule_uid":"bentlrwxs1534b","t":"2025-12-19T22:10:11.550083554Z"}
{"count":1,"level":"info","logger":"ngalert.sender.router","msg":"Sending alerts to local notifier","org_id":1,"rule_uid":"eepiaqdm333lse","t":"2025-12-19T22:10:16.164071284Z"}
{"count":2,"level":"info","logger":"ngalert.sender.router","msg":"Sending alerts to local notifier","org_id":1,"rule_uid":"aeranuqh906wwa","t":"2025-12-19T22:11:10.022639522Z"}
{"count":1,"level":"info","logger":"ngalert.sender.router","msg":"Sending alerts to local notifier","org_id":1,"rule_uid":"bentlrwxs1534b","t":"2025-12-19T22:11:11.550986398Z"}
{"count":1,"level":"info","logger":"ngalert.sender.router","msg":"Sending alerts to local notifier","org_id":1,"rule_uid":"eepiaqdm333lse","t":"2025-12-19T22:11:16.165966522Z"}
{"count":2,"level":"info","logger":"ngalert.sender.router","msg":"Sending alerts to local notifier","org_id":1,"rule_uid":"aeranuqh906wwa","t":"2025-12-19T22:12:10.022898129Z"}
{"count":1,"level":"info","logger":"ngalert.sender.router","msg":"Sending alerts to local notifier","org_id":1,"rule_uid":"bentlrwxs1534b","t":"2025-12-19T22:12:11.550314322Z"}
{"count":1,"level":"info","logger":"ngalert.sender.router","msg":"Sending alerts to local notifier","org_id":1,"rule_uid":"eepiaqdm333lse","t":"2025-12-19T22:12:16.165994877Z"}
{"count":2,"level":"info","logger":"ngalert.sender.router","msg":"Sending alerts to local notifier","org_id":1,"rule_uid":"aeranuqh906wwa","t":"2025-12-19T22:13:10.021654942Z"}
{"count":1,"level":"info","logger":"ngalert.sender.router","msg":"Sending alerts to local notifier","org_id":1,"rule_uid":"bentlrwxs1534b","t":"2025-12-19T22:13:11.552188683Z"}
{"count":1,"level":"info","logger":"ngalert.sender.router","msg":"Sending alerts to local notifier","org_id":1,"rule_uid":"eepiaqdm333lse","t":"2025-12-19T22:13:16.164336471Z"}
{"duration":"4.378672ms","level":"info","logger":"cleanup","msg":"Completed cleanup jobs","t":"2025-12-19T22:14:08.381243234Z"}
{"duration":"213.713323ms","level":"info","logger":"plugins.update.checker","msg":"Update check succeeded","t":"2025-12-19T22:14:09.029164419Z"}
{"count":2,"level":"info","logger":"ngalert.sender.router","msg":"Sending alerts to local notifier","org_id":1,"rule_uid":"aeranuqh906wwa","t":"2025-12-19T22:14:10.021391693Z"}
{"count":1,"level":"info","logger":"ngalert.sender.router","msg":"Sending alerts to local notifier","org_id":1,"rule_uid":"bentlrwxs1534b","t":"2025-12-19T22:14:11.551611832Z"}
{"count":1,"level":"info","logger":"ngalert.sender.router","msg":"Sending alerts to local notifier","org_id":1,"rule_uid":"eepiaqdm333lse","t":"2025-12-19T22:14:16.166264833Z"}
{"count":2,"level":"info","logger":"ngalert.sender.router","msg":"Sending alerts to local notifier","org_id":1,"rule_uid":"aeranuqh906wwa","t":"2025-12-19T22:15:10.019718687Z"}
{"count":1,"level":"info","logger":"ngalert.sender.router","msg":"Sending alerts to local notifier","org_id":1,"rule_uid":"bentlrwxs1534b","t":"2025-12-19T22:15:11.550834535Z"}
{"count":1,"level":"info","logger":"ngalert.sender.router","msg":"Sending alerts to local notifier","org_id":1,"rule_uid":"eepiaqdm333lse","t":"2025-12-19T22:15:16.166020867Z"}
{"count":2,"level":"info","logger":"ngalert.sender.router","msg":"Sending alerts to local notifier","org_id":1,"rule_uid":"aeranuqh906wwa","t":"2025-12-19T22:16:10.023500998Z"}
{"count":1,"level":"info","logger":"ngalert.sender.router","msg":"Sending alerts to local notifier","org_id":1,"rule_uid":"bentlrwxs1534b","t":"2025-12-19T22:16:11.550431644Z"}
{"count":1,"level":"info","logger":"ngalert.sender.router","msg":"Sending alerts to local notifier","org_id":1,"rule_uid":"eepiaqdm333lse","t":"2025-12-19T22:16:16.166732666Z"}
{"count":2,"level":"info","logger":"ngalert.sender.router","msg":"Sending alerts to local notifier","org_id":1,"rule_uid":"aeranuqh906wwa","t":"2025-12-19T22:17:10.019718743Z"}
{"count":1,"level":"info","logger":"ngalert.sender.router","msg":"Sending alerts to local notifier","org_id":1,"rule_uid":"bentlrwxs1534b","t":"2025-12-19T22:17:11.55128476Z"}
{"count":1,"level":"info","logger":"ngalert.sender.router","msg":"Sending alerts to local notifier","org_id":1,"rule_uid":"eepiaqdm333lse","t":"2025-12-19T22:17:16.166735071Z"}
{"count":2,"level":"info","logger":"ngalert.sender.router","msg":"Sending alerts to local notifier","org_id":1,"rule_uid":"aeranuqh906wwa","t":"2025-12-19T22:18:10.019750062Z"}
{"count":1,"level":"info","logger":"ngalert.sender.router","msg":"Sending alerts to local notifier","org_id":1,"rule_uid":"bentlrwxs1534b","t":"2025-12-19T22:18:11.550781543Z"}
{"count":1,"level":"info","logger":"ngalert.sender.router","msg":"Sending alerts to local notifier","org_id":1,"rule_uid":"eepiaqdm333lse","t":"2025-12-19T22:18:16.166020164Z"}
{"count":2,"level":"info","logger":"ngalert.sender.router","msg":"Sending alerts to local notifier","org_id":1,"rule_uid":"aeranuqh906wwa","t":"2025-12-19T22:19:10.021213389Z"}
{"count":1,"level":"info","logger":"ngalert.sender.router","msg":"Sending alerts to local notifier","org_id":1,"rule_uid":"bentlrwxs1534b","t":"2025-12-19T22:19:11.550520771Z"}
{"count":1,"level":"info","logger":"ngalert.sender.router","msg":"Sending alerts to local notifier","org_id":1,"rule_uid":"eepiaqdm333lse","t":"2025-12-19T22:19:16.165960316Z"}
{"count":2,"level":"info","logger":"ngalert.sender.router","msg":"Sending alerts to local notifier","org_id":1,"rule_uid":"aeranuqh906wwa","t":"2025-12-19T22:20:10.02424609Z"}
{"count":1,"level":"info","logger":"ngalert.sender.router","msg":"Sending alerts to local notifier","org_id":1,"rule_uid":"bentlrwxs1534b","t":"2025-12-19T22:20:11.551160912Z"}
{"count":1,"level":"info","logger":"ngalert.sender.router","msg":"Sending alerts to local notifier","org_id":1,"rule_uid":"eepiaqdm333lse","t":"2025-12-19T22:20:16.170170895Z"}
{"count":2,"level":"info","logger":"ngalert.sender.router","msg":"Sending alerts to local notifier","org_id":1,"rule_uid":"aeranuqh906wwa","t":"2025-12-19T22:21:10.022794392Z"}
{"count":1,"level":"info","logger":"ngalert.sender.router","msg":"Sending alerts to local notifier","org_id":1,"rule_uid":"bentlrwxs1534b","t":"2025-12-19T22:21:11.549920267Z"}
{"count":1,"level":"info","logger":"ngalert.sender.router","msg":"Sending alerts to local notifier","org_id":1,"rule_uid":"eepiaqdm333lse","t":"2025-12-19T22:21:16.16617192Z"}
{"count":2,"level":"info","logger":"ngalert.sender.router","msg":"Sending alerts to local notifier","org_id":1,"rule_uid":"aeranuqh906wwa","t":"2025-12-19T22:22:10.020511885Z"}
{"count":1,"level":"info","logger":"ngalert.sender.router","msg":"Sending alerts to local notifier","org_id":1,"rule_uid":"bentlrwxs1534b","t":"2025-12-19T22:22:11.550615202Z"}
{"count":1,"level":"info","logger":"ngalert.sender.router","msg":"Sending alerts to local notifier","org_id":1,"rule_uid":"eepiaqdm333lse","t":"2025-12-19T22:22:16.166173746Z"}
{"count":2,"level":"info","logger":"ngalert.sender.router","msg":"Sending alerts to local notifier","org_id":1,"rule_uid":"aeranuqh906wwa","t":"2025-12-19T22:23:10.02179279Z"}
{"count":1,"level":"info","logger":"ngalert.sender.router","msg":"Sending alerts to local notifier","org_id":1,"rule_uid":"bentlrwxs1534b","t":"2025-12-19T22:23:11.551253047Z"}
{"count":1,"level":"info","logger":"ngalert.sender.router","msg":"Sending alerts to local notifier","org_id":1,"rule_uid":"eepiaqdm333lse","t":"2025-12-19T22:23:16.165520492Z"}
{"duration":"4.358233ms","level":"info","logger":"cleanup","msg":"Completed cleanup jobs","t":"2025-12-19T22:24:08.380845405Z"}
{"duration":"216.030478ms","level":"info","logger":"plugins.update.checker","msg":"Update check succeeded","t":"2025-12-19T22:24:09.031829929Z"}
{"count":2,"level":"info","logger":"ngalert.sender.router","msg":"Sending alerts to local notifier","org_id":1,"rule_uid":"aeranuqh906wwa","t":"2025-12-19T22:24:10.017722644Z"}
{"count":1,"level":"info","logger":"ngalert.sender.router","msg":"Sending alerts to local notifier","org_id":1,"rule_uid":"bentlrwxs1534b","t":"2025-12-19T22:24:11.549530363Z"}
{"count":1,"level":"info","logger":"ngalert.sender.router","msg":"Sending alerts to local notifier","org_id":1,"rule_uid":"eepiaqdm333lse","t":"2025-12-19T22:24:16.166501148Z"}
{"count":2,"level":"info","logger":"ngalert.sender.router","msg":"Sending alerts to local notifier","org_id":1,"rule_uid":"aeranuqh906wwa","t":"2025-12-19T22:25:10.022155413Z"}
{"count":1,"level":"info","logger":"ngalert.sender.router","msg":"Sending alerts to local notifier","org_id":1,"rule_uid":"bentlrwxs1534b","t":"2025-12-19T22:25:11.553025673Z"}
{"count":1,"level":"info","logger":"ngalert.sender.router","msg":"Sending alerts to local notifier","org_id":1,"rule_uid":"eepiaqdm333lse","t":"2025-12-19T22:25:16.171397931Z"}
{"count":2,"level":"info","logger":"ngalert.sender.router","msg":"Sending alerts to local notifier","org_id":1,"rule_uid":"aeranuqh906wwa","t":"2025-12-19T22:26:10.018851758Z"}
{"count":1,"level":"info","logger":"ngalert.sender.router","msg":"Sending alerts to local notifier","org_id":1,"rule_uid":"bentlrwxs1534b","t":"2025-12-19T22:26:11.550749165Z"}
{"count":1,"level":"info","logger":"ngalert.sender.router","msg":"Sending alerts to local notifier","org_id":1,"rule_uid":"eepiaqdm333lse","t":"2025-12-19T22:26:16.16659984Z"}
{"count":2,"level":"info","logger":"ngalert.sender.router","msg":"Sending alerts to local notifier","org_id":1,"rule_uid":"aeranuqh906wwa","t":"2025-12-19T22:27:10.020168882Z"}
{"count":1,"level":"info","logger":"ngalert.sender.router","msg":"Sending alerts to local notifier","org_id":1,"rule_uid":"bentlrwxs1534b","t":"2025-12-19T22:27:11.549538518Z"}
{"count":1,"level":"info","logger":"ngalert.sender.router","msg":"Sending alerts to local notifier","org_id":1,"rule_uid":"eepiaqdm333lse","t":"2025-12-19T22:27:16.166467905Z"}
{"count":2,"level":"info","logger":"ngalert.sender.router","msg":"Sending alerts to local notifier","org_id":1,"rule_uid":"aeranuqh906wwa","t":"2025-12-19T22:28:10.02044428Z"}
{"count":1,"level":"info","logger":"ngalert.sender.router","msg":"Sending alerts to local notifier","org_id":1,"rule_uid":"bentlrwxs1534b","t":"2025-12-19T22:28:11.551599968Z"}
{"count":1,"level":"info","logger":"ngalert.sender.router","msg":"Sending alerts to local notifier","org_id":1,"rule_uid":"eepiaqdm333lse","t":"2025-12-19T22:28:16.171412708Z"}
{"count":2,"level":"info","logger":"ngalert.sender.router","msg":"Sending alerts to local notifier","org_id":1,"rule_uid":"aeranuqh906wwa","t":"2025-12-19T22:29:10.0196212Z"}
{"count":1,"level":"info","logger":"ngalert.sender.router","msg":"Sending alerts to local notifier","org_id":1,"rule_uid":"bentlrwxs1534b","t":"2025-12-19T22:29:11.550338691Z"}
{"count":1,"level":"info","logger":"ngalert.sender.router","msg":"Sending alerts to local notifier","org_id":1,"rule_uid":"eepiaqdm333lse","t":"2025-12-19T22:29:16.165559712Z"}
{"count":2,"level":"info","logger":"ngalert.sender.router","msg":"Sending alerts to local notifier","org_id":1,"rule_uid":"aeranuqh906wwa","t":"2025-12-19T22:30:10.020101076Z"}
{"count":1,"level":"info","logger":"ngalert.sender.router","msg":"Sending alerts to local notifier","org_id":1,"rule_uid":"bentlrwxs1534b","t":"2025-12-19T22:30:11.551185221Z"}
{"count":1,"level":"info","logger":"ngalert.sender.router","msg":"Sending alerts to local notifier","org_id":1,"rule_uid":"eepiaqdm333lse","t":"2025-12-19T22:30:16.165767697Z"}
{"count":2,"level":"info","logger":"ngalert.sender.router","msg":"Sending alerts to local notifier","org_id":1,"rule_uid":"aeranuqh906wwa","t":"2025-12-19T22:31:10.02102344Z"}
{"count":1,"level":"info","logger":"ngalert.sender.router","msg":"Sending alerts to local notifier","org_id":1,"rule_uid":"bentlrwxs1534b","t":"2025-12-19T22:31:11.553069293Z"}
{"count":1,"level":"info","logger":"ngalert.sender.router","msg":"Sending alerts to local notifier","org_id":1,"rule_uid":"eepiaqdm333lse","t":"2025-12-19T22:31:16.166319642Z"}
{"count":2,"level":"info","logger":"ngalert.sender.router","msg":"Sending alerts to local notifier","org_id":1,"rule_uid":"aeranuqh906wwa","t":"2025-12-19T22:32:10.01988945Z"}
{"count":1,"level":"info","logger":"ngalert.sender.router","msg":"Sending alerts to local notifier","org_id":1,"rule_uid":"bentlrwxs1534b","t":"2025-12-19T22:32:11.551046546Z"}
{"count":1,"level":"info","logger":"ngalert.sender.router","msg":"Sending alerts to local notifier","org_id":1,"rule_uid":"eepiaqdm333lse","t":"2025-12-19T22:32:16.166255801Z"}
{"count":2,"level":"info","logger":"ngalert.sender.router","msg":"Sending alerts to local notifier","org_id":1,"rule_uid":"aeranuqh906wwa","t":"2025-12-19T22:33:10.020221169Z"}
{"count":1,"level":"info","logger":"ngalert.sender.router","msg":"Sending alerts to local notifier","org_id":1,"rule_uid":"bentlrwxs1534b","t":"2025-12-19T22:33:11.550459671Z"}
{"count":1,"level":"info","logger":"ngalert.sender.router","msg":"Sending alerts to local notifier","org_id":1,"rule_uid":"eepiaqdm333lse","t":"2025-12-19T22:33:16.166584924Z"}
{"duration":"5.218073ms","level":"info","logger":"cleanup","msg":"Completed cleanup jobs","t":"2025-12-19T22:34:08.381673883Z"}
{"duration":"233.141984ms","level":"info","logger":"plugins.update.checker","msg":"Update check succeeded","t":"2025-12-19T22:34:09.048585315Z"}
{"count":2,"level":"info","logger":"ngalert.sender.router","msg":"Sending alerts to local notifier","org_id":1,"rule_uid":"aeranuqh906wwa","t":"2025-12-19T22:34:10.018147995Z"}
{"count":1,"level":"info","logger":"ngalert.sender.router","msg":"Sending alerts to local notifier","org_id":1,"rule_uid":"bentlrwxs1534b","t":"2025-12-19T22:34:11.550402943Z"}
{"count":1,"level":"info","logger":"ngalert.sender.router","msg":"Sending alerts to local notifier","org_id":1,"rule_uid":"eepiaqdm333lse","t":"2025-12-19T22:34:16.167031027Z"}
{"count":2,"level":"info","logger":"ngalert.sender.router","msg":"Sending alerts to local notifier","org_id":1,"rule_uid":"aeranuqh906wwa","t":"2025-12-19T22:35:10.020461713Z"}
{"count":1,"level":"info","logger":"ngalert.sender.router","msg":"Sending alerts to local notifier","org_id":1,"rule_uid":"bentlrwxs1534b","t":"2025-12-19T22:35:11.55000544Z"}
{"count":1,"level":"info","logger":"ngalert.sender.router","msg":"Sending alerts to local notifier","org_id":1,"rule_uid":"eepiaqdm333lse","t":"2025-12-19T22:35:16.16637441Z"}
{"level":"info","logger":"infra.usagestats","msg":"Usage stats are ready to report","t":"2025-12-19T22:36:05.429908535Z"}
{"count":2,"level":"info","logger":"ngalert.sender.router","msg":"Sending alerts to local notifier","org_id":1,"rule_uid":"aeranuqh906wwa","t":"2025-12-19T22:36:10.023122444Z"}
{"count":1,"level":"info","logger":"ngalert.sender.router","msg":"Sending alerts to local notifier","org_id":1,"rule_uid":"bentlrwxs1534b","t":"2025-12-19T22:36:11.550296212Z"}
{"count":1,"level":"info","logger":"ngalert.sender.router","msg":"Sending alerts to local notifier","org_id":1,"rule_uid":"eepiaqdm333lse","t":"2025-12-19T22:36:16.166048336Z"}
{"count":2,"level":"info","logger":"ngalert.sender.router","msg":"Sending alerts to local notifier","org_id":1,"rule_uid":"aeranuqh906wwa","t":"2025-12-19T22:37:10.022616494Z"}
{"count":1,"level":"info","logger":"ngalert.sender.router","msg":"Sending alerts to local notifier","org_id":1,"rule_uid":"bentlrwxs1534b","t":"2025-12-19T22:37:11.550887905Z"}
{"count":1,"level":"info","logger":"ngalert.sender.router","msg":"Sending alerts to local notifier","org_id":1,"rule_uid":"eepiaqdm333lse","t":"2025-12-19T22:37:16.167795922Z"}
{"count":2,"level":"info","logger":"ngalert.sender.router","msg":"Sending alerts to local notifier","org_id":1,"rule_uid":"aeranuqh906wwa","t":"2025-12-19T22:38:10.020127602Z"}
{"count":1,"level":"info","logger":"ngalert.sender.router","msg":"Sending alerts to local notifier","org_id":1,"rule_uid":"bentlrwxs1534b","t":"2025-12-19T22:38:11.549245461Z"}
{"count":1,"level":"info","logger":"ngalert.sender.router","msg":"Sending alerts to local notifier","org_id":1,"rule_uid":"eepiaqdm333lse","t":"2025-12-19T22:38:16.165336352Z"}
{"count":2,"level":"info","logger":"ngalert.sender.router","msg":"Sending alerts to local notifier","org_id":1,"rule_uid":"aeranuqh906wwa","t":"2025-12-19T22:39:10.019472599Z"}
{"count":1,"level":"info","logger":"ngalert.sender.router","msg":"Sending alerts to local notifier","org_id":1,"rule_uid":"bentlrwxs1534b","t":"2025-12-19T22:39:11.551512131Z"}
{"count":1,"level":"info","logger":"ngalert.sender.router","msg":"Sending alerts to local notifier","org_id":1,"rule_uid":"eepiaqdm333lse","t":"2025-12-19T22:39:16.167043671Z"}
{"count":2,"level":"info","logger":"ngalert.sender.router","msg":"Sending alerts to local notifier","org_id":1,"rule_uid":"aeranuqh906wwa","t":"2025-12-19T22:40:10.018865298Z"}
{"count":1,"level":"info","logger":"ngalert.sender.router","msg":"Sending alerts to local notifier","org_id":1,"rule_uid":"bentlrwxs1534b","t":"2025-12-19T22:40:11.551044546Z"}
{"count":1,"level":"info","logger":"ngalert.sender.router","msg":"Sending alerts to local notifier","org_id":1,"rule_uid":"eepiaqdm333lse","t":"2025-12-19T22:40:16.16499023Z"}
{"count":2,"level":"info","logger":"ngalert.sender.router","msg":"Sending alerts to local notifier","org_id":1,"rule_uid":"aeranuqh906wwa","t":"2025-12-19T22:41:10.022026483Z"}
{"count":1,"level":"info","logger":"ngalert.sender.router","msg":"Sending alerts to local notifier","org_id":1,"rule_uid":"bentlrwxs1534b","t":"2025-12-19T22:41:11.556355505Z"}
{"count":1,"level":"info","logger":"ngalert.sender.router","msg":"Sending alerts to local notifier","org_id":1,"rule_uid":"eepiaqdm333lse","t":"2025-12-19T22:41:16.17054642Z"}
{"count":2,"level":"info","logger":"ngalert.sender.router","msg":"Sending alerts to local notifier","org_id":1,"rule_uid":"aeranuqh906wwa","t":"2025-12-19T22:42:10.022101202Z"}
{"count":1,"level":"info","logger":"ngalert.sender.router","msg":"Sending alerts to local notifier","org_id":1,"rule_uid":"bentlrwxs1534b","t":"2025-12-19T22:42:11.551996052Z"}
{"count":1,"level":"info","logger":"ngalert.sender.router","msg":"Sending alerts to local notifier","org_id":1,"rule_uid":"eepiaqdm333lse","t":"2025-12-19T22:42:16.170016983Z"}
{"count":2,"level":"info","logger":"ngalert.sender.router","msg":"Sending alerts to local notifier","org_id":1,"rule_uid":"aeranuqh906wwa","t":"2025-12-19T22:43:10.028057192Z"}
{"count":1,"level":"info","logger":"ngalert.sender.router","msg":"Sending alerts to local notifier","org_id":1,"rule_uid":"bentlrwxs1534b","t":"2025-12-19T22:43:11.550489701Z"}
{"count":1,"level":"info","logger":"ngalert.sender.router","msg":"Sending alerts to local notifier","org_id":1,"rule_uid":"eepiaqdm333lse","t":"2025-12-19T22:43:16.166162258Z"}
{"duration":"3.693697ms","level":"info","logger":"cleanup","msg":"Completed cleanup jobs","t":"2025-12-19T22:44:08.381535756Z"}
{"duration":"219.273209ms","level":"info","logger":"plugins.update.checker","msg":"Update check succeeded","t":"2025-12-19T22:44:09.034319408Z"}
{"count":2,"level":"info","logger":"ngalert.sender.router","msg":"Sending alerts to local notifier","org_id":1,"rule_uid":"aeranuqh906wwa","t":"2025-12-19T22:44:10.01896263Z"}
{"count":1,"level":"info","logger":"ngalert.sender.router","msg":"Sending alerts to local notifier","org_id":1,"rule_uid":"bentlrwxs1534b","t":"2025-12-19T22:44:11.550825031Z"}
{"count":1,"level":"info","logger":"ngalert.sender.router","msg":"Sending alerts to local notifier","org_id":1,"rule_uid":"eepiaqdm333lse","t":"2025-12-19T22:44:16.166262335Z"}
{"count":2,"level":"info","logger":"ngalert.sender.router","msg":"Sending alerts to local notifier","org_id":1,"rule_uid":"aeranuqh906wwa","t":"2025-12-19T22:45:10.019183583Z"}
{"count":1,"level":"info","logger":"ngalert.sender.router","msg":"Sending alerts to local notifier","org_id":1,"rule_uid":"bentlrwxs1534b","t":"2025-12-19T22:45:11.552508634Z"}
{"count":1,"level":"info","logger":"ngalert.sender.router","msg":"Sending alerts to local notifier","org_id":1,"rule_uid":"eepiaqdm333lse","t":"2025-12-19T22:45:16.165796051Z"}
{"count":2,"level":"info","logger":"ngalert.sender.router","msg":"Sending alerts to local notifier","org_id":1,"rule_uid":"aeranuqh906wwa","t":"2025-12-19T22:46:10.020414894Z"}
{"count":1,"level":"info","logger":"ngalert.sender.router","msg":"Sending alerts to local notifier","org_id":1,"rule_uid":"bentlrwxs1534b","t":"2025-12-19T22:46:11.550107938Z"}
{"count":1,"level":"info","logger":"ngalert.sender.router","msg":"Sending alerts to local notifier","org_id":1,"rule_uid":"eepiaqdm333lse","t":"2025-12-19T22:46:16.165097946Z"}
{"count":2,"level":"info","logger":"ngalert.sender.router","msg":"Sending alerts to local notifier","org_id":1,"rule_uid":"aeranuqh906wwa","t":"2025-12-19T22:47:10.022215389Z"}
{"count":1,"level":"info","logger":"ngalert.sender.router","msg":"Sending alerts to local notifier","org_id":1,"rule_uid":"bentlrwxs1534b","t":"2025-12-19T22:47:11.550625759Z"}
{"count":1,"level":"info","logger":"ngalert.sender.router","msg":"Sending alerts to local notifier","org_id":1,"rule_uid":"eepiaqdm333lse","t":"2025-12-19T22:47:16.167284587Z"}
{"count":2,"level":"info","logger":"ngalert.sender.router","msg":"Sending alerts to local notifier","org_id":1,"rule_uid":"aeranuqh906wwa","t":"2025-12-19T22:48:10.020253924Z"}
{"count":1,"level":"info","logger":"ngalert.sender.router","msg":"Sending alerts to local notifier","org_id":1,"rule_uid":"bentlrwxs1534b","t":"2025-12-19T22:48:11.549810198Z"}
{"count":1,"level":"info","logger":"ngalert.sender.router","msg":"Sending alerts to local notifier","org_id":1,"rule_uid":"eepiaqdm333lse","t":"2025-12-19T22:48:16.165562196Z"}
{"count":2,"level":"info","logger":"ngalert.sender.router","msg":"Sending alerts to local notifier","org_id":1,"rule_uid":"aeranuqh906wwa","t":"2025-12-19T22:49:10.022295983Z"}
{"count":1,"level":"info","logger":"ngalert.sender.router","msg":"Sending alerts to local notifier","org_id":1,"rule_uid":"bentlrwxs1534b","t":"2025-12-19T22:49:11.551152977Z"}
{"count":1,"level":"info","logger":"ngalert.sender.router","msg":"Sending alerts to local notifier","org_id":1,"rule_uid":"eepiaqdm333lse","t":"2025-12-19T22:49:16.167060058Z"}
{"count":2,"level":"info","logger":"ngalert.sender.router","msg":"Sending alerts to local notifier","org_id":1,"rule_uid":"aeranuqh906wwa","t":"2025-12-19T22:50:10.020518748Z"}
{"count":1,"level":"info","logger":"ngalert.sender.router","msg":"Sending alerts to local notifier","org_id":1,"rule_uid":"bentlrwxs1534b","t":"2025-12-19T22:50:11.550119375Z"}
{"count":1,"level":"info","logger":"ngalert.sender.router","msg":"Sending alerts to local notifier","org_id":1,"rule_uid":"eepiaqdm333lse","t":"2025-12-19T22:50:16.165710878Z"}
{"count":2,"level":"info","logger":"ngalert.sender.router","msg":"Sending alerts to local notifier","org_id":1,"rule_uid":"aeranuqh906wwa","t":"2025-12-19T22:51:10.023101252Z"}
{"count":1,"level":"info","logger":"ngalert.sender.router","msg":"Sending alerts to local notifier","org_id":1,"rule_uid":"bentlrwxs1534b","t":"2025-12-19T22:51:11.550186559Z"}
{"count":1,"level":"info","logger":"ngalert.sender.router","msg":"Sending alerts to local notifier","org_id":1,"rule_uid":"eepiaqdm333lse","t":"2025-12-19T22:51:16.16609566Z"}
{"count":2,"level":"info","logger":"ngalert.sender.router","msg":"Sending alerts to local notifier","org_id":1,"rule_uid":"aeranuqh906wwa","t":"2025-12-19T22:52:10.020089827Z"}
{"count":1,"level":"info","logger":"ngalert.sender.router","msg":"Sending alerts to local notifier","org_id":1,"rule_uid":"bentlrwxs1534b","t":"2025-12-19T22:52:11.550514212Z"}
{"count":1,"level":"info","logger":"ngalert.sender.router","msg":"Sending alerts to local notifier","org_id":1,"rule_uid":"eepiaqdm333lse","t":"2025-12-19T22:52:16.165843279Z"}
{"count":2,"level":"info","logger":"ngalert.sender.router","msg":"Sending alerts to local notifier","org_id":1,"rule_uid":"aeranuqh906wwa","t":"2025-12-19T22:53:10.02333393Z"}
{"count":1,"level":"info","logger":"ngalert.sender.router","msg":"Sending alerts to local notifier","org_id":1,"rule_uid":"bentlrwxs1534b","t":"2025-12-19T22:53:11.549899104Z"}
{"count":1,"level":"info","logger":"ngalert.sender.router","msg":"Sending alerts to local notifier","org_id":1,"rule_uid":"eepiaqdm333lse","t":"2025-12-19T22:53:16.166773624Z"}
{"duration":"3.758889ms","level":"info","logger":"cleanup","msg":"Completed cleanup jobs","t":"2025-12-19T22:54:08.382045919Z"}
{"duration":"238.973375ms","level":"info","logger":"plugins.update.checker","msg":"Update check succeeded","t":"2025-12-19T22:54:09.05454802Z"}
{"count":2,"level":"info","logger":"ngalert.sender.router","msg":"Sending alerts to local notifier","org_id":1,"rule_uid":"aeranuqh906wwa","t":"2025-12-19T22:54:10.021005501Z"}
{"count":1,"level":"info","logger":"ngalert.sender.router","msg":"Sending alerts to local notifier","org_id":1,"rule_uid":"bentlrwxs1534b","t":"2025-12-19T22:54:11.550528725Z"}
{"count":1,"level":"info","logger":"ngalert.sender.router","msg":"Sending alerts to local notifier","org_id":1,"rule_uid":"eepiaqdm333lse","t":"2025-12-19T22:54:16.166415477Z"}
{"count":2,"level":"info","logger":"ngalert.sender.router","msg":"Sending alerts to local notifier","org_id":1,"rule_uid":"aeranuqh906wwa","t":"2025-12-19T22:55:10.02014579Z"}
{"count":1,"level":"info","logger":"ngalert.sender.router","msg":"Sending alerts to local notifier","org_id":1,"rule_uid":"bentlrwxs1534b","t":"2025-12-19T22:55:11.551393192Z"}
{"count":1,"level":"info","logger":"ngalert.sender.router","msg":"Sending alerts to local notifier","org_id":1,"rule_uid":"eepiaqdm333lse","t":"2025-12-19T22:55:16.165699145Z"}
{"count":2,"level":"info","logger":"ngalert.sender.router","msg":"Sending alerts to local notifier","org_id":1,"rule_uid":"aeranuqh906wwa","t":"2025-12-19T22:56:10.02032055Z"}
{"count":1,"level":"info","logger":"ngalert.sender.router","msg":"Sending alerts to local notifier","org_id":1,"rule_uid":"bentlrwxs1534b","t":"2025-12-19T22:56:11.550396695Z"}
{"count":1,"level":"info","logger":"ngalert.sender.router","msg":"Sending alerts to local notifier","org_id":1,"rule_uid":"eepiaqdm333lse","t":"2025-12-19T22:56:16.166171227Z"}
{"count":2,"level":"info","logger":"ngalert.sender.router","msg":"Sending alerts to local notifier","org_id":1,"rule_uid":"aeranuqh906wwa","t":"2025-12-19T22:57:10.0228567Z"}
{"count":1,"level":"info","logger":"ngalert.sender.router","msg":"Sending alerts to local notifier","org_id":1,"rule_uid":"bentlrwxs1534b","t":"2025-12-19T22:57:11.551963266Z"}
{"count":1,"level":"info","logger":"ngalert.sender.router","msg":"Sending alerts to local notifier","org_id":1,"rule_uid":"eepiaqdm333lse","t":"2025-12-19T22:57:16.165486009Z"}
{"count":2,"level":"info","logger":"ngalert.sender.router","msg":"Sending alerts to local notifier","org_id":1,"rule_uid":"aeranuqh906wwa","t":"2025-12-19T22:58:10.021995521Z"}
{"count":1,"level":"info","logger":"ngalert.sender.router","msg":"Sending alerts to local notifier","org_id":1,"rule_uid":"bentlrwxs1534b","t":"2025-12-19T22:58:11.551461959Z"}
{"count":1,"level":"info","logger":"ngalert.sender.router","msg":"Sending alerts to local notifier","org_id":1,"rule_uid":"eepiaqdm333lse","t":"2025-12-19T22:58:16.166540982Z"}
{"count":2,"level":"info","logger":"ngalert.sender.router","msg":"Sending alerts to local notifier","org_id":1,"rule_uid":"aeranuqh906wwa","t":"2025-12-19T22:59:10.019980078Z"}
{"count":1,"level":"info","logger":"ngalert.sender.router","msg":"Sending alerts to local notifier","org_id":1,"rule_uid":"bentlrwxs1534b","t":"2025-12-19T22:59:11.552606905Z"}
{"count":1,"level":"info","logger":"ngalert.sender.router","msg":"Sending alerts to local notifier","org_id":1,"rule_uid":"eepiaqdm333lse","t":"2025-12-19T22:59:16.165531521Z"}
{"count":2,"level":"info","logger":"ngalert.sender.router","msg":"Sending alerts to local notifier","org_id":1,"rule_uid":"aeranuqh906wwa","t":"2025-12-19T23:00:10.012351684Z"}
{"count":1,"level":"info","logger":"ngalert.sender.router","msg":"Sending alerts to local notifier","org_id":1,"rule_uid":"bentlrwxs1534b","t":"2025-12-19T23:00:11.54638704Z"}
{"count":1,"level":"info","logger":"ngalert.sender.router","msg":"Sending alerts to local notifier","org_id":1,"rule_uid":"eepiaqdm333lse","t":"2025-12-19T23:00:16.162200487Z"}
{"count":2,"level":"info","logger":"ngalert.sender.router","msg":"Sending alerts to local notifier","org_id":1,"rule_uid":"aeranuqh906wwa","t":"2025-12-19T23:01:10.013991182Z"}
{"count":1,"level":"info","logger":"ngalert.sender.router","msg":"Sending alerts to local notifier","org_id":1,"rule_uid":"bentlrwxs1534b","t":"2025-12-19T23:01:11.546516251Z"}
{"count":1,"level":"info","logger":"ngalert.sender.router","msg":"Sending alerts to local notifier","org_id":1,"rule_uid":"eepiaqdm333lse","t":"2025-12-19T23:01:16.164065806Z"}
{"count":2,"level":"info","logger":"ngalert.sender.router","msg":"Sending alerts to local notifier","org_id":1,"rule_uid":"aeranuqh906wwa","t":"2025-12-19T23:02:10.023074543Z"}
{"count":1,"level":"info","logger":"ngalert.sender.router","msg":"Sending alerts to local notifier","org_id":1,"rule_uid":"bentlrwxs1534b","t":"2025-12-19T23:02:11.55073687Z"}
{"count":1,"level":"info","logger":"ngalert.sender.router","msg":"Sending alerts to local notifier","org_id":1,"rule_uid":"eepiaqdm333lse","t":"2025-12-19T23:02:16.16636408Z"}
{"count":2,"level":"info","logger":"ngalert.sender.router","msg":"Sending alerts to local notifier","org_id":1,"rule_uid":"aeranuqh906wwa","t":"2025-12-19T23:03:10.025364738Z"}
{"count":1,"level":"info","logger":"ngalert.sender.router","msg":"Sending alerts to local notifier","org_id":1,"rule_uid":"bentlrwxs1534b","t":"2025-12-19T23:03:11.550690992Z"}
{"count":1,"level":"info","logger":"ngalert.sender.router","msg":"Sending alerts to local notifier","org_id":1,"rule_uid":"eepiaqdm333lse","t":"2025-12-19T23:03:16.164952626Z"}
{"duration":"5.397853ms","level":"info","logger":"cleanup","msg":"Completed cleanup jobs","t":"2025-12-19T23:04:08.381968167Z"}
{"duration":"206.262144ms","level":"info","logger":"plugins.update.checker","msg":"Update check succeeded","t":"2025-12-19T23:04:09.021954673Z"}
{"count":2,"level":"info","logger":"ngalert.sender.router","msg":"Sending alerts to local notifier","org_id":1,"rule_uid":"aeranuqh906wwa","t":"2025-12-19T23:04:10.01936492Z"}
{"count":1,"level":"info","logger":"ngalert.sender.router","msg":"Sending alerts to local notifier","org_id":1,"rule_uid":"bentlrwxs1534b","t":"2025-12-19T23:04:11.551039839Z"}
{"count":1,"level":"info","logger":"ngalert.sender.router","msg":"Sending alerts to local notifier","org_id":1,"rule_uid":"eepiaqdm333lse","t":"2025-12-19T23:04:16.167516896Z"}
{"count":2,"level":"info","logger":"ngalert.sender.router","msg":"Sending alerts to local notifier","org_id":1,"rule_uid":"aeranuqh906wwa","t":"2025-12-19T23:05:10.020046456Z"}
{"count":1,"level":"info","logger":"ngalert.sender.router","msg":"Sending alerts to local notifier","org_id":1,"rule_uid":"bentlrwxs1534b","t":"2025-12-19T23:05:11.551231159Z"}
{"count":1,"level":"info","logger":"ngalert.sender.router","msg":"Sending alerts to local notifier","org_id":1,"rule_uid":"eepiaqdm333lse","t":"2025-12-19T23:05:16.165752764Z"}
{"level":"info","logger":"infra.usagestats","msg":"Usage stats are ready to report","t":"2025-12-19T23:06:05.428272614Z"}
{"count":2,"level":"info","logger":"ngalert.sender.router","msg":"Sending alerts to local notifier","org_id":1,"rule_uid":"aeranuqh906wwa","t":"2025-12-19T23:06:10.019505513Z"}
{"count":1,"level":"info","logger":"ngalert.sender.router","msg":"Sending alerts to local notifier","org_id":1,"rule_uid":"bentlrwxs1534b","t":"2025-12-19T23:06:11.551934708Z"}
{"count":1,"level":"info","logger":"ngalert.sender.router","msg":"Sending alerts to local notifier","org_id":1,"rule_uid":"eepiaqdm333lse","t":"2025-12-19T23:06:16.166024065Z"}
{"count":2,"level":"info","logger":"ngalert.sender.router","msg":"Sending alerts to local notifier","org_id":1,"rule_uid":"aeranuqh906wwa","t":"2025-12-19T23:07:10.021372586Z"}
{"count":1,"level":"info","logger":"ngalert.sender.router","msg":"Sending alerts to local notifier","org_id":1,"rule_uid":"bentlrwxs1534b","t":"2025-12-19T23:07:11.550208163Z"}
{"count":1,"level":"info","logger":"ngalert.sender.router","msg":"Sending alerts to local notifier","org_id":1,"rule_uid":"eepiaqdm333lse","t":"2025-12-19T23:07:16.166071089Z"}
{"count":2,"level":"info","logger":"ngalert.sender.router","msg":"Sending alerts to local notifier","org_id":1,"rule_uid":"aeranuqh906wwa","t":"2025-12-19T23:08:10.020285427Z"}
{"count":1,"level":"info","logger":"ngalert.sender.router","msg":"Sending alerts to local notifier","org_id":1,"rule_uid":"bentlrwxs1534b","t":"2025-12-19T23:08:11.552462422Z"}
{"count":1,"level":"info","logger":"ngalert.sender.router","msg":"Sending alerts to local notifier","org_id":1,"rule_uid":"eepiaqdm333lse","t":"2025-12-19T23:08:16.166058017Z"}
{"count":2,"level":"info","logger":"ngalert.sender.router","msg":"Sending alerts to local notifier","org_id":1,"rule_uid":"aeranuqh906wwa","t":"2025-12-19T23:09:10.020762652Z"}
{"count":1,"level":"info","logger":"ngalert.sender.router","msg":"Sending alerts to local notifier","org_id":1,"rule_uid":"bentlrwxs1534b","t":"2025-12-19T23:09:11.551665677Z"}
{"count":1,"level":"info","logger":"ngalert.sender.router","msg":"Sending alerts to local notifier","org_id":1,"rule_uid":"eepiaqdm333lse","t":"2025-12-19T23:09:16.164741762Z"}
{"count":2,"level":"info","logger":"ngalert.sender.router","msg":"Sending alerts to local notifier","org_id":1,"rule_uid":"aeranuqh906wwa","t":"2025-12-19T23:10:10.020429155Z"}
{"count":1,"level":"info","logger":"ngalert.sender.router","msg":"Sending alerts to local notifier","org_id":1,"rule_uid":"bentlrwxs1534b","t":"2025-12-19T23:10:11.550457536Z"}
{"count":1,"level":"info","logger":"ngalert.sender.router","msg":"Sending alerts to local notifier","org_id":1,"rule_uid":"eepiaqdm333lse","t":"2025-12-19T23:10:16.167628406Z"}
{"count":2,"level":"info","logger":"ngalert.sender.router","msg":"Sending alerts to local notifier","org_id":1,"rule_uid":"aeranuqh906wwa","t":"2025-12-19T23:11:10.020142102Z"}
{"count":1,"level":"info","logger":"ngalert.sender.router","msg":"Sending alerts to local notifier","org_id":1,"rule_uid":"bentlrwxs1534b","t":"2025-12-19T23:11:11.550651775Z"}
{"count":1,"level":"info","logger":"ngalert.sender.router","msg":"Sending alerts to local notifier","org_id":1,"rule_uid":"eepiaqdm333lse","t":"2025-12-19T23:11:16.166373959Z"}
{"count":2,"level":"info","logger":"ngalert.sender.router","msg":"Sending alerts to local notifier","org_id":1,"rule_uid":"aeranuqh906wwa","t":"2025-12-19T23:12:10.019976096Z"}
{"count":1,"level":"info","logger":"ngalert.sender.router","msg":"Sending alerts to local notifier","org_id":1,"rule_uid":"bentlrwxs1534b","t":"2025-12-19T23:12:11.549872442Z"}
{"count":1,"level":"info","logger":"ngalert.sender.router","msg":"Sending alerts to local notifier","org_id":1,"rule_uid":"eepiaqdm333lse","t":"2025-12-19T23:12:16.165946469Z"}
{"count":2,"level":"info","logger":"ngalert.sender.router","msg":"Sending alerts to local notifier","org_id":1,"rule_uid":"aeranuqh906wwa","t":"2025-12-19T23:13:10.022565838Z"}
{"count":1,"level":"info","logger":"ngalert.sender.router","msg":"Sending alerts to local notifier","org_id":1,"rule_uid":"bentlrwxs1534b","t":"2025-12-19T23:13:11.55016401Z"}
{"count":1,"level":"info","logger":"ngalert.sender.router","msg":"Sending alerts to local notifier","org_id":1,"rule_uid":"eepiaqdm333lse","t":"2025-12-19T23:13:16.166542383Z"}
{"duration":"3.854135ms","level":"info","logger":"cleanup","msg":"Completed cleanup jobs","t":"2025-12-19T23:14:08.380406599Z"}
{"duration":"238.718698ms","level":"info","logger":"plugins.update.checker","msg":"Update check succeeded","t":"2025-12-19T23:14:09.054234095Z"}
{"count":2,"level":"info","logger":"ngalert.sender.router","msg":"Sending alerts to local notifier","org_id":1,"rule_uid":"aeranuqh906wwa","t":"2025-12-19T23:14:10.020706042Z"}
{"count":1,"level":"info","logger":"ngalert.sender.router","msg":"Sending alerts to local notifier","org_id":1,"rule_uid":"bentlrwxs1534b","t":"2025-12-19T23:14:11.550516116Z"}
{"count":1,"level":"info","logger":"ngalert.sender.router","msg":"Sending alerts to local notifier","org_id":1,"rule_uid":"eepiaqdm333lse","t":"2025-12-19T23:14:16.169741089Z"}
{"count":2,"level":"info","logger":"ngalert.sender.router","msg":"Sending alerts to local notifier","org_id":1,"rule_uid":"aeranuqh906wwa","t":"2025-12-19T23:15:10.022836803Z"}
{"count":1,"level":"info","logger":"ngalert.sender.router","msg":"Sending alerts to local notifier","org_id":1,"rule_uid":"bentlrwxs1534b","t":"2025-12-19T23:15:11.552344857Z"}
{"count":1,"level":"info","logger":"ngalert.sender.router","msg":"Sending alerts to local notifier","org_id":1,"rule_uid":"eepiaqdm333lse","t":"2025-12-19T23:15:16.166459688Z"}
{"count":2,"level":"info","logger":"ngalert.sender.router","msg":"Sending alerts to local notifier","org_id":1,"rule_uid":"aeranuqh906wwa","t":"2025-12-19T23:16:10.021476163Z"}
{"count":1,"level":"info","logger":"ngalert.sender.router","msg":"Sending alerts to local notifier","org_id":1,"rule_uid":"bentlrwxs1534b","t":"2025-12-19T23:16:11.55241655Z"}
{"count":1,"level":"info","logger":"ngalert.sender.router","msg":"Sending alerts to local notifier","org_id":1,"rule_uid":"eepiaqdm333lse","t":"2025-12-19T23:16:16.165709572Z"}
{"count":2,"level":"info","logger":"ngalert.sender.router","msg":"Sending alerts to local notifier","org_id":1,"rule_uid":"aeranuqh906wwa","t":"2025-12-19T23:17:10.019475307Z"}
{"count":1,"level":"info","logger":"ngalert.sender.router","msg":"Sending alerts to local notifier","org_id":1,"rule_uid":"bentlrwxs1534b","t":"2025-12-19T23:17:11.549406973Z"}
{"count":1,"level":"info","logger":"ngalert.sender.router","msg":"Sending alerts to local notifier","org_id":1,"rule_uid":"eepiaqdm333lse","t":"2025-12-19T23:17:16.167199014Z"}
{"count":2,"level":"info","logger":"ngalert.sender.router","msg":"Sending alerts to local notifier","org_id":1,"rule_uid":"aeranuqh906wwa","t":"2025-12-19T23:18:10.022142232Z"}
{"count":1,"level":"info","logger":"ngalert.sender.router","msg":"Sending alerts to local notifier","org_id":1,"rule_uid":"bentlrwxs1534b","t":"2025-12-19T23:18:11.551382561Z"}
{"count":1,"level":"info","logger":"ngalert.sender.router","msg":"Sending alerts to local notifier","org_id":1,"rule_uid":"eepiaqdm333lse","t":"2025-12-19T23:18:16.167189168Z"}
{"count":2,"level":"info","logger":"ngalert.sender.router","msg":"Sending alerts to local notifier","org_id":1,"rule_uid":"aeranuqh906wwa","t":"2025-12-19T23:19:10.020421212Z"}
{"count":1,"level":"info","logger":"ngalert.sender.router","msg":"Sending alerts to local notifier","org_id":1,"rule_uid":"bentlrwxs1534b","t":"2025-12-19T23:19:11.552182675Z"}
{"count":1,"level":"info","logger":"ngalert.sender.router","msg":"Sending alerts to local notifier","org_id":1,"rule_uid":"eepiaqdm333lse","t":"2025-12-19T23:19:16.166485712Z"}
{"count":2,"level":"info","logger":"ngalert.sender.router","msg":"Sending alerts to local notifier","org_id":1,"rule_uid":"aeranuqh906wwa","t":"2025-12-19T23:20:10.020732313Z"}
{"count":1,"level":"info","logger":"ngalert.sender.router","msg":"Sending alerts to local notifier","org_id":1,"rule_uid":"bentlrwxs1534b","t":"2025-12-19T23:20:11.549858462Z"}
{"count":1,"level":"info","logger":"ngalert.sender.router","msg":"Sending alerts to local notifier","org_id":1,"rule_uid":"eepiaqdm333lse","t":"2025-12-19T23:20:16.166238199Z"}
{"count":2,"level":"info","logger":"ngalert.sender.router","msg":"Sending alerts to local notifier","org_id":1,"rule_uid":"aeranuqh906wwa","t":"2025-12-19T23:21:10.023622134Z"}
{"count":1,"level":"info","logger":"ngalert.sender.router","msg":"Sending alerts to local notifier","org_id":1,"rule_uid":"bentlrwxs1534b","t":"2025-12-19T23:21:11.549935856Z"}
{"count":1,"level":"info","logger":"ngalert.sender.router","msg":"Sending alerts to local notifier","org_id":1,"rule_uid":"eepiaqdm333lse","t":"2025-12-19T23:21:16.166076799Z"}
{"count":2,"level":"info","logger":"ngalert.sender.router","msg":"Sending alerts to local notifier","org_id":1,"rule_uid":"aeranuqh906wwa","t":"2025-12-19T23:22:10.019968705Z"}
{"count":1,"level":"info","logger":"ngalert.sender.router","msg":"Sending alerts to local notifier","org_id":1,"rule_uid":"bentlrwxs1534b","t":"2025-12-19T23:22:11.551696636Z"}
{"count":1,"level":"info","logger":"ngalert.sender.router","msg":"Sending alerts to local notifier","org_id":1,"rule_uid":"eepiaqdm333lse","t":"2025-12-19T23:22:16.167224742Z"}
{"count":2,"level":"info","logger":"ngalert.sender.router","msg":"Sending alerts to local notifier","org_id":1,"rule_uid":"aeranuqh906wwa","t":"2025-12-19T23:23:10.020241615Z"}
{"count":1,"level":"info","logger":"ngalert.sender.router","msg":"Sending alerts to local notifier","org_id":1,"rule_uid":"bentlrwxs1534b","t":"2025-12-19T23:23:11.551271669Z"}
{"count":1,"level":"info","logger":"ngalert.sender.router","msg":"Sending alerts to local notifier","org_id":1,"rule_uid":"eepiaqdm333lse","t":"2025-12-19T23:23:16.166901965Z"}
{"duration":"4.681397ms","level":"info","logger":"cleanup","msg":"Completed cleanup jobs","t":"2025-12-19T23:24:08.381462073Z"}
{"duration":"230.165614ms","level":"info","logger":"plugins.update.checker","msg":"Update check succeeded","t":"2025-12-19T23:24:09.045255534Z"}
{"count":2,"level":"info","logger":"ngalert.sender.router","msg":"Sending alerts to local notifier","org_id":1,"rule_uid":"aeranuqh906wwa","t":"2025-12-19T23:24:10.018926127Z"}
{"count":1,"level":"info","logger":"ngalert.sender.router","msg":"Sending alerts to local notifier","org_id":1,"rule_uid":"bentlrwxs1534b","t":"2025-12-19T23:24:11.550245518Z"}
{"count":1,"level":"info","logger":"ngalert.sender.router","msg":"Sending alerts to local notifier","org_id":1,"rule_uid":"eepiaqdm333lse","t":"2025-12-19T23:24:16.173669072Z"}
{"count":2,"level":"info","logger":"ngalert.sender.router","msg":"Sending alerts to local notifier","org_id":1,"rule_uid":"aeranuqh906wwa","t":"2025-12-19T23:25:10.020503872Z"}
{"count":1,"level":"info","logger":"ngalert.sender.router","msg":"Sending alerts to local notifier","org_id":1,"rule_uid":"bentlrwxs1534b","t":"2025-12-19T23:25:11.552003351Z"}
{"count":1,"level":"info","logger":"ngalert.sender.router","msg":"Sending alerts to local notifier","org_id":1,"rule_uid":"eepiaqdm333lse","t":"2025-12-19T23:25:16.16863527Z"}
{"count":2,"level":"info","logger":"ngalert.sender.router","msg":"Sending alerts to local notifier","org_id":1,"rule_uid":"aeranuqh906wwa","t":"2025-12-19T23:26:10.019660707Z"}
{"count":1,"level":"info","logger":"ngalert.sender.router","msg":"Sending alerts to local notifier","org_id":1,"rule_uid":"bentlrwxs1534b","t":"2025-12-19T23:26:11.550920191Z"}
{"count":1,"level":"info","logger":"ngalert.sender.router","msg":"Sending alerts to local notifier","org_id":1,"rule_uid":"eepiaqdm333lse","t":"2025-12-19T23:26:16.16553763Z"}
{"count":2,"level":"info","logger":"ngalert.sender.router","msg":"Sending alerts to local notifier","org_id":1,"rule_uid":"aeranuqh906wwa","t":"2025-12-19T23:27:10.020592278Z"}
{"count":1,"level":"info","logger":"ngalert.sender.router","msg":"Sending alerts to local notifier","org_id":1,"rule_uid":"bentlrwxs1534b","t":"2025-12-19T23:27:11.550357759Z"}
{"count":1,"level":"info","logger":"ngalert.sender.router","msg":"Sending alerts to local notifier","org_id":1,"rule_uid":"eepiaqdm333lse","t":"2025-12-19T23:27:16.170110864Z"}
{"count":2,"level":"info","logger":"ngalert.sender.router","msg":"Sending alerts to local notifier","org_id":1,"rule_uid":"aeranuqh906wwa","t":"2025-12-19T23:28:10.020524027Z"}
{"count":1,"level":"info","logger":"ngalert.sender.router","msg":"Sending alerts to local notifier","org_id":1,"rule_uid":"bentlrwxs1534b","t":"2025-12-19T23:28:11.549252097Z"}
{"count":1,"level":"info","logger":"ngalert.sender.router","msg":"Sending alerts to local notifier","org_id":1,"rule_uid":"eepiaqdm333lse","t":"2025-12-19T23:28:16.165828238Z"}
{"count":2,"level":"info","logger":"ngalert.sender.router","msg":"Sending alerts to local notifier","org_id":1,"rule_uid":"aeranuqh906wwa","t":"2025-12-19T23:29:10.021282288Z"}
{"count":1,"level":"info","logger":"ngalert.sender.router","msg":"Sending alerts to local notifier","org_id":1,"rule_uid":"bentlrwxs1534b","t":"2025-12-19T23:29:11.551244164Z"}
{"count":1,"level":"info","logger":"ngalert.sender.router","msg":"Sending alerts to local notifier","org_id":1,"rule_uid":"eepiaqdm333lse","t":"2025-12-19T23:29:16.166210044Z"}
{"count":2,"level":"info","logger":"ngalert.sender.router","msg":"Sending alerts to local notifier","org_id":1,"rule_uid":"aeranuqh906wwa","t":"2025-12-19T23:30:10.020539894Z"}
{"count":1,"level":"info","logger":"ngalert.sender.router","msg":"Sending alerts to local notifier","org_id":1,"rule_uid":"bentlrwxs1534b","t":"2025-12-19T23:30:11.551120085Z"}
{"count":1,"level":"info","logger":"ngalert.sender.router","msg":"Sending alerts to local notifier","org_id":1,"rule_uid":"eepiaqdm333lse","t":"2025-12-19T23:30:16.171759564Z"}
{"count":2,"level":"info","logger":"ngalert.sender.router","msg":"Sending alerts to local notifier","org_id":1,"rule_uid":"aeranuqh906wwa","t":"2025-12-19T23:31:10.018246821Z"}
{"count":1,"level":"info","logger":"ngalert.sender.router","msg":"Sending alerts to local notifier","org_id":1,"rule_uid":"bentlrwxs1534b","t":"2025-12-19T23:31:11.549393889Z"}
{"count":1,"level":"info","logger":"ngalert.sender.router","msg":"Sending alerts to local notifier","org_id":1,"rule_uid":"eepiaqdm333lse","t":"2025-12-19T23:31:16.166296099Z"}
{"count":2,"level":"info","logger":"ngalert.sender.router","msg":"Sending alerts to local notifier","org_id":1,"rule_uid":"aeranuqh906wwa","t":"2025-12-19T23:32:10.021523857Z"}
{"count":1,"level":"info","logger":"ngalert.sender.router","msg":"Sending alerts to local notifier","org_id":1,"rule_uid":"bentlrwxs1534b","t":"2025-12-19T23:32:11.550523002Z"}
{"count":1,"level":"info","logger":"ngalert.sender.router","msg":"Sending alerts to local notifier","org_id":1,"rule_uid":"eepiaqdm333lse","t":"2025-12-19T23:32:16.166218563Z"}
{"count":2,"level":"info","logger":"ngalert.sender.router","msg":"Sending alerts to local notifier","org_id":1,"rule_uid":"aeranuqh906wwa","t":"2025-12-19T23:33:10.019729918Z"}
{"count":1,"level":"info","logger":"ngalert.sender.router","msg":"Sending alerts to local notifier","org_id":1,"rule_uid":"bentlrwxs1534b","t":"2025-12-19T23:33:11.551452807Z"}
{"count":1,"level":"info","logger":"ngalert.sender.router","msg":"Sending alerts to local notifier","org_id":1,"rule_uid":"eepiaqdm333lse","t":"2025-12-19T23:33:16.165557776Z"}
{"duration":"4.218097ms","level":"info","logger":"cleanup","msg":"Completed cleanup jobs","t":"2025-12-19T23:34:08.381188663Z"}
{"duration":"255.925208ms","level":"info","logger":"plugins.update.checker","msg":"Update check succeeded","t":"2025-12-19T23:34:09.07121528Z"}
{"count":2,"level":"info","logger":"ngalert.sender.router","msg":"Sending alerts to local notifier","org_id":1,"rule_uid":"aeranuqh906wwa","t":"2025-12-19T23:34:10.020986821Z"}
{"count":1,"level":"info","logger":"ngalert.sender.router","msg":"Sending alerts to local notifier","org_id":1,"rule_uid":"bentlrwxs1534b","t":"2025-12-19T23:34:11.55083826Z"}
{"count":1,"level":"info","logger":"ngalert.sender.router","msg":"Sending alerts to local notifier","org_id":1,"rule_uid":"eepiaqdm333lse","t":"2025-12-19T23:34:16.16927203Z"}
{"count":2,"level":"info","logger":"ngalert.sender.router","msg":"Sending alerts to local notifier","org_id":1,"rule_uid":"aeranuqh906wwa","t":"2025-12-19T23:35:10.018860832Z"}
{"count":1,"level":"info","logger":"ngalert.sender.router","msg":"Sending alerts to local notifier","org_id":1,"rule_uid":"bentlrwxs1534b","t":"2025-12-19T23:35:11.548186704Z"}
{"count":1,"level":"info","logger":"ngalert.sender.router","msg":"Sending alerts to local notifier","org_id":1,"rule_uid":"eepiaqdm333lse","t":"2025-12-19T23:35:16.165139401Z"}
{"level":"info","logger":"infra.usagestats","msg":"Usage stats are ready to report","t":"2025-12-19T23:36:05.428776614Z"}
{"count":2,"level":"info","logger":"ngalert.sender.router","msg":"Sending alerts to local notifier","org_id":1,"rule_uid":"aeranuqh906wwa","t":"2025-12-19T23:36:10.021292389Z"}
{"count":1,"level":"info","logger":"ngalert.sender.router","msg":"Sending alerts to local notifier","org_id":1,"rule_uid":"bentlrwxs1534b","t":"2025-12-19T23:36:11.54912535Z"}
{"count":1,"level":"info","logger":"ngalert.sender.router","msg":"Sending alerts to local notifier","org_id":1,"rule_uid":"eepiaqdm333lse","t":"2025-12-19T23:36:16.170864459Z"}
{"count":2,"level":"info","logger":"ngalert.sender.router","msg":"Sending alerts to local notifier","org_id":1,"rule_uid":"aeranuqh906wwa","t":"2025-12-19T23:37:10.023905644Z"}
{"count":1,"level":"info","logger":"ngalert.sender.router","msg":"Sending alerts to local notifier","org_id":1,"rule_uid":"bentlrwxs1534b","t":"2025-12-19T23:37:11.550922161Z"}
{"count":1,"level":"info","logger":"ngalert.sender.router","msg":"Sending alerts to local notifier","org_id":1,"rule_uid":"eepiaqdm333lse","t":"2025-12-19T23:37:16.167529272Z"}
{"count":2,"level":"info","logger":"ngalert.sender.router","msg":"Sending alerts to local notifier","org_id":1,"rule_uid":"aeranuqh906wwa","t":"2025-12-19T23:38:10.02084215Z"}
{"count":1,"level":"info","logger":"ngalert.sender.router","msg":"Sending alerts to local notifier","org_id":1,"rule_uid":"bentlrwxs1534b","t":"2025-12-19T23:38:11.549880857Z"}
{"count":1,"level":"info","logger":"ngalert.sender.router","msg":"Sending alerts to local notifier","org_id":1,"rule_uid":"eepiaqdm333lse","t":"2025-12-19T23:38:16.166003394Z"}
{"count":2,"level":"info","logger":"ngalert.sender.router","msg":"Sending alerts to local notifier","org_id":1,"rule_uid":"aeranuqh906wwa","t":"2025-12-19T23:39:10.022288477Z"}
{"count":1,"level":"info","logger":"ngalert.sender.router","msg":"Sending alerts to local notifier","org_id":1,"rule_uid":"bentlrwxs1534b","t":"2025-12-19T23:39:11.550102036Z"}
{"count":1,"level":"info","logger":"ngalert.sender.router","msg":"Sending alerts to local notifier","org_id":1,"rule_uid":"eepiaqdm333lse","t":"2025-12-19T23:39:16.166543539Z"}
{"count":2,"level":"info","logger":"ngalert.sender.router","msg":"Sending alerts to local notifier","org_id":1,"rule_uid":"aeranuqh906wwa","t":"2025-12-19T23:40:10.020668654Z"}
{"count":1,"level":"info","logger":"ngalert.sender.router","msg":"Sending alerts to local notifier","org_id":1,"rule_uid":"bentlrwxs1534b","t":"2025-12-19T23:40:11.55035459Z"}
{"count":1,"level":"info","logger":"ngalert.sender.router","msg":"Sending alerts to local notifier","org_id":1,"rule_uid":"eepiaqdm333lse","t":"2025-12-19T23:40:16.165424179Z"}
{"count":2,"level":"info","logger":"ngalert.sender.router","msg":"Sending alerts to local notifier","org_id":1,"rule_uid":"aeranuqh906wwa","t":"2025-12-19T23:41:10.02318445Z"}
{"count":1,"level":"info","logger":"ngalert.sender.router","msg":"Sending alerts to local notifier","org_id":1,"rule_uid":"bentlrwxs1534b","t":"2025-12-19T23:41:11.55042368Z"}
{"count":1,"level":"info","logger":"ngalert.sender.router","msg":"Sending alerts to local notifier","org_id":1,"rule_uid":"eepiaqdm333lse","t":"2025-12-19T23:41:16.166384465Z"}
{"count":2,"level":"info","logger":"ngalert.sender.router","msg":"Sending alerts to local notifier","org_id":1,"rule_uid":"aeranuqh906wwa","t":"2025-12-19T23:42:10.018432035Z"}
{"count":1,"level":"info","logger":"ngalert.sender.router","msg":"Sending alerts to local notifier","org_id":1,"rule_uid":"bentlrwxs1534b","t":"2025-12-19T23:42:11.550151975Z"}
{"count":1,"level":"info","logger":"ngalert.sender.router","msg":"Sending alerts to local notifier","org_id":1,"rule_uid":"eepiaqdm333lse","t":"2025-12-19T23:42:16.166621378Z"}
{"count":2,"level":"info","logger":"ngalert.sender.router","msg":"Sending alerts to local notifier","org_id":1,"rule_uid":"aeranuqh906wwa","t":"2025-12-19T23:43:10.021639362Z"}
{"count":1,"level":"info","logger":"ngalert.sender.router","msg":"Sending alerts to local notifier","org_id":1,"rule_uid":"bentlrwxs1534b","t":"2025-12-19T23:43:11.549734752Z"}
{"count":1,"level":"info","logger":"ngalert.sender.router","msg":"Sending alerts to local notifier","org_id":1,"rule_uid":"eepiaqdm333lse","t":"2025-12-19T23:43:16.166431262Z"}
{"duration":"4.621523ms","level":"info","logger":"cleanup","msg":"Completed cleanup jobs","t":"2025-12-19T23:44:08.382191613Z"}
{"duration":"237.365999ms","level":"info","logger":"plugins.update.checker","msg":"Update check succeeded","t":"2025-12-19T23:44:09.053199339Z"}
{"count":2,"level":"info","logger":"ngalert.sender.router","msg":"Sending alerts to local notifier","org_id":1,"rule_uid":"aeranuqh906wwa","t":"2025-12-19T23:44:10.019512176Z"}
{"count":1,"level":"info","logger":"ngalert.sender.router","msg":"Sending alerts to local notifier","org_id":1,"rule_uid":"bentlrwxs1534b","t":"2025-12-19T23:44:11.551239458Z"}
{"count":1,"level":"info","logger":"ngalert.sender.router","msg":"Sending alerts to local notifier","org_id":1,"rule_uid":"eepiaqdm333lse","t":"2025-12-19T23:44:16.165652913Z"}
{"count":2,"level":"info","logger":"ngalert.sender.router","msg":"Sending alerts to local notifier","org_id":1,"rule_uid":"aeranuqh906wwa","t":"2025-12-19T23:45:10.01947813Z"}
{"count":1,"level":"info","logger":"ngalert.sender.router","msg":"Sending alerts to local notifier","org_id":1,"rule_uid":"bentlrwxs1534b","t":"2025-12-19T23:45:11.549560882Z"}
{"count":1,"level":"info","logger":"ngalert.sender.router","msg":"Sending alerts to local notifier","org_id":1,"rule_uid":"eepiaqdm333lse","t":"2025-12-19T23:45:16.16636204Z"}
{"count":2,"level":"info","logger":"ngalert.sender.router","msg":"Sending alerts to local notifier","org_id":1,"rule_uid":"aeranuqh906wwa","t":"2025-12-19T23:46:10.018567568Z"}
{"count":1,"level":"info","logger":"ngalert.sender.router","msg":"Sending alerts to local notifier","org_id":1,"rule_uid":"bentlrwxs1534b","t":"2025-12-19T23:46:11.550013884Z"}
{"count":1,"level":"info","logger":"ngalert.sender.router","msg":"Sending alerts to local notifier","org_id":1,"rule_uid":"eepiaqdm333lse","t":"2025-12-19T23:46:16.165745354Z"}
{"count":2,"level":"info","logger":"ngalert.sender.router","msg":"Sending alerts to local notifier","org_id":1,"rule_uid":"aeranuqh906wwa","t":"2025-12-19T23:47:10.020520463Z"}
{"count":1,"level":"info","logger":"ngalert.sender.router","msg":"Sending alerts to local notifier","org_id":1,"rule_uid":"bentlrwxs1534b","t":"2025-12-19T23:47:11.550750946Z"}
{"count":1,"level":"info","logger":"ngalert.sender.router","msg":"Sending alerts to local notifier","org_id":1,"rule_uid":"eepiaqdm333lse","t":"2025-12-19T23:47:16.165603808Z"}
{"count":2,"level":"info","logger":"ngalert.sender.router","msg":"Sending alerts to local notifier","org_id":1,"rule_uid":"aeranuqh906wwa","t":"2025-12-19T23:48:10.020971352Z"}
{"count":1,"level":"info","logger":"ngalert.sender.router","msg":"Sending alerts to local notifier","org_id":1,"rule_uid":"bentlrwxs1534b","t":"2025-12-19T23:48:11.550034593Z"}
{"count":1,"level":"info","logger":"ngalert.sender.router","msg":"Sending alerts to local notifier","org_id":1,"rule_uid":"eepiaqdm333lse","t":"2025-12-19T23:48:16.166565019Z"}
{"count":2,"level":"info","logger":"ngalert.sender.router","msg":"Sending alerts to local notifier","org_id":1,"rule_uid":"aeranuqh906wwa","t":"2025-12-19T23:49:10.021382063Z"}
{"count":1,"level":"info","logger":"ngalert.sender.router","msg":"Sending alerts to local notifier","org_id":1,"rule_uid":"bentlrwxs1534b","t":"2025-12-19T23:49:11.550352432Z"}
{"count":1,"level":"info","logger":"ngalert.sender.router","msg":"Sending alerts to local notifier","org_id":1,"rule_uid":"eepiaqdm333lse","t":"2025-12-19T23:49:16.166124461Z"}
{"count":2,"level":"info","logger":"ngalert.sender.router","msg":"Sending alerts to local notifier","org_id":1,"rule_uid":"aeranuqh906wwa","t":"2025-12-19T23:50:10.020198635Z"}
{"count":1,"level":"info","logger":"ngalert.sender.router","msg":"Sending alerts to local notifier","org_id":1,"rule_uid":"bentlrwxs1534b","t":"2025-12-19T23:50:11.551356171Z"}
{"count":1,"level":"info","logger":"ngalert.sender.router","msg":"Sending alerts to local notifier","org_id":1,"rule_uid":"eepiaqdm333lse","t":"2025-12-19T23:50:16.165916361Z"}
{"count":2,"level":"info","logger":"ngalert.sender.router","msg":"Sending alerts to local notifier","org_id":1,"rule_uid":"aeranuqh906wwa","t":"2025-12-19T23:51:10.020718396Z"}
{"count":1,"level":"info","logger":"ngalert.sender.router","msg":"Sending alerts to local notifier","org_id":1,"rule_uid":"bentlrwxs1534b","t":"2025-12-19T23:51:11.550880285Z"}
{"count":1,"level":"info","logger":"ngalert.sender.router","msg":"Sending alerts to local notifier","org_id":1,"rule_uid":"eepiaqdm333lse","t":"2025-12-19T23:51:16.165330616Z"}
{"count":2,"level":"info","logger":"ngalert.sender.router","msg":"Sending alerts to local notifier","org_id":1,"rule_uid":"aeranuqh906wwa","t":"2025-12-19T23:52:10.019990513Z"}
{"count":1,"level":"info","logger":"ngalert.sender.router","msg":"Sending alerts to local notifier","org_id":1,"rule_uid":"bentlrwxs1534b","t":"2025-12-19T23:52:11.550338128Z"}
{"count":1,"level":"info","logger":"ngalert.sender.router","msg":"Sending alerts to local notifier","org_id":1,"rule_uid":"eepiaqdm333lse","t":"2025-12-19T23:52:16.165416504Z"}
{"count":2,"level":"info","logger":"ngalert.sender.router","msg":"Sending alerts to local notifier","org_id":1,"rule_uid":"aeranuqh906wwa","t":"2025-12-19T23:53:10.01943968Z"}
{"count":1,"level":"info","logger":"ngalert.sender.router","msg":"Sending alerts to local notifier","org_id":1,"rule_uid":"bentlrwxs1534b","t":"2025-12-19T23:53:11.549482508Z"}
{"count":1,"level":"info","logger":"ngalert.sender.router","msg":"Sending alerts to local notifier","org_id":1,"rule_uid":"eepiaqdm333lse","t":"2025-12-19T23:53:16.165961554Z"}
{"duration":"3.87538ms","level":"info","logger":"cleanup","msg":"Completed cleanup jobs","t":"2025-12-19T23:54:08.381738737Z"}
{"duration":"214.442705ms","level":"info","logger":"plugins.update.checker","msg":"Update check succeeded","t":"2025-12-19T23:54:09.029638215Z"}
{"count":2,"level":"info","logger":"ngalert.sender.router","msg":"Sending alerts to local notifier","org_id":1,"rule_uid":"aeranuqh906wwa","t":"2025-12-19T23:54:10.021184015Z"}
{"count":1,"level":"info","logger":"ngalert.sender.router","msg":"Sending alerts to local notifier","org_id":1,"rule_uid":"bentlrwxs1534b","t":"2025-12-19T23:54:11.551548866Z"}
{"count":1,"level":"info","logger":"ngalert.sender.router","msg":"Sending alerts to local notifier","org_id":1,"rule_uid":"eepiaqdm333lse","t":"2025-12-19T23:54:16.166580387Z"}
{"count":2,"level":"info","logger":"ngalert.sender.router","msg":"Sending alerts to local notifier","org_id":1,"rule_uid":"aeranuqh906wwa","t":"2025-12-19T23:55:10.019706346Z"}
{"count":1,"level":"info","logger":"ngalert.sender.router","msg":"Sending alerts to local notifier","org_id":1,"rule_uid":"bentlrwxs1534b","t":"2025-12-19T23:55:11.549907577Z"}
{"count":1,"level":"info","logger":"ngalert.sender.router","msg":"Sending alerts to local notifier","org_id":1,"rule_uid":"eepiaqdm333lse","t":"2025-12-19T23:55:16.166635404Z"}
{"count":2,"level":"info","logger":"ngalert.sender.router","msg":"Sending alerts to local notifier","org_id":1,"rule_uid":"aeranuqh906wwa","t":"2025-12-19T23:56:10.024822226Z"}
{"count":1,"level":"info","logger":"ngalert.sender.router","msg":"Sending alerts to local notifier","org_id":1,"rule_uid":"bentlrwxs1534b","t":"2025-12-19T23:56:11.551158099Z"}
{"count":1,"level":"info","logger":"ngalert.sender.router","msg":"Sending alerts to local notifier","org_id":1,"rule_uid":"eepiaqdm333lse","t":"2025-12-19T23:56:16.165062974Z"}
{"count":2,"level":"info","logger":"ngalert.sender.router","msg":"Sending alerts to local notifier","org_id":1,"rule_uid":"aeranuqh906wwa","t":"2025-12-19T23:57:10.021929047Z"}
{"count":1,"level":"info","logger":"ngalert.sender.router","msg":"Sending alerts to local notifier","org_id":1,"rule_uid":"bentlrwxs1534b","t":"2025-12-19T23:57:11.550642876Z"}
{"count":1,"level":"info","logger":"ngalert.sender.router","msg":"Sending alerts to local notifier","org_id":1,"rule_uid":"eepiaqdm333lse","t":"2025-12-19T23:57:16.165682438Z"}
